#include "data.h"

const uint8_t data[] = {
  // Start
  0x78, 0xd8, 0xa9, 0x10, 0x8d, 0x00, 0x20, 0xa2, 0xff, 0x9a,
  // VBlank1
  0xad, 0x02, 0x20, 0x10, 0xfb,
  // VBlank2
  0xad, 0x02, 0x20, 0x10, 0xfb, 0xa0, 0xfe, 0xa2, 0x05,
  // WBootCheck
  0xbd, 0xd7, 0x07, 0xc9, 0x0a, 0xb0, 0x0c, 0xca, 0x10, 0xf6, 0xad, 0xff, 0x07, 0xc9, 0xa5, 0xd0,
  0x02, 0xa0, 0xd6,
  // ColdBoot
  0x20, 0xcc, 0x90, 0x8d, 0x11, 0x40, 0x8d, 0x70, 0x07, 0xa9, 0xa5, 0x8d, 0xff, 0x07, 0x8d, 0xa7,
  0x07, 0xa9, 0x0f, 0x8d, 0x15, 0x40, 0xa9, 0x06, 0x8d, 0x01, 0x20, 0x20, 0x20, 0x82, 0x20, 0x19,
  0x8e, 0xee, 0x74, 0x07, 0xad, 0x78, 0x07, 0x09, 0x80, 0x20, 0xed, 0x8e,
  // EndlessLoop
  0x4c, 0x57, 0x80,
  // VRAM_AddrTable_Low
  // -------------------------------------------------------------------------------------
  // $00 - vram buffer address table low, also used for pseudorandom bit
  // $01 - vram buffer address table high
  0x01, 0xa4, 0xc8, 0xec, 0x10, 0x00, 0x41, 0x41, 0x4c, 0x34, 0x3c, 0x44, 0x54, 0x68, 0x7c, 0xa8,
  0xbf, 0xde, 0xef,
  // VRAM_AddrTable_High
  0x03, 0x8c, 0x8c, 0x8c, 0x8d, 0x03, 0x03, 0x03, 0x8d, 0x8d, 0x8d, 0x8d, 0x8d, 0x8d, 0x8d, 0x8d,
  0x8d, 0x8d, 0x8d,
  // VRAM_Buffer_Offset
  0x00, 0x40,
  // NonMaskableInterrupt
  0xad, 0x78, 0x07, 0x29, 0x7f, 0x8d, 0x78, 0x07, 0x29, 0x7e, 0x8d, 0x00, 0x20, 0xad, 0x79, 0x07,
  0x29, 0xe6, 0xac, 0x74, 0x07, 0xd0, 0x05, 0xad, 0x79, 0x07, 0x09, 0x1e,
  // ScreenOff
  0x8d, 0x79, 0x07, 0x29, 0xe7, 0x8d, 0x01, 0x20, 0xae, 0x02, 0x20, 0xa9, 0x00, 0x20, 0xe6, 0x8e,
  0x8d, 0x03, 0x20, 0xa9, 0x02, 0x8d, 0x14, 0x40, 0xae, 0x73, 0x07, 0xbd, 0x5a, 0x80, 0x85, 0x00,
  0xbd, 0x6d, 0x80, 0x85, 0x01, 0x20, 0xdd, 0x8e, 0xa0, 0x00, 0xae, 0x73, 0x07, 0xe0, 0x06, 0xd0,
  0x01, 0xc8,
  // InitBuffer
  0xbe, 0x80, 0x80, 0xa9, 0x00, 0x9d, 0x00, 0x03, 0x9d, 0x01, 0x03, 0x8d, 0x73, 0x07, 0xad, 0x79,
  0x07, 0x8d, 0x01, 0x20, 0x20, 0xd0, 0xf2, 0x20, 0x5c, 0x8e, 0x20, 0x82, 0x81, 0x20, 0x97, 0x8f,
  0xad, 0x76, 0x07, 0x4a, 0xb0, 0x25, 0xad, 0x47, 0x07, 0xf0, 0x05, 0xce, 0x47, 0x07, 0xd0, 0x19,
  // DecTimers
  0xa2, 0x14, 0xce, 0x7f, 0x07, 0x10, 0x07, 0xa9, 0x14, 0x8d, 0x7f, 0x07, 0xa2, 0x23,
  // DecTimersLoop
  0xbd, 0x80, 0x07, 0xf0, 0x03, 0xde, 0x80, 0x07,
  // SkipExpTimer
  0xca, 0x10, 0xf5,
  // NoDecTimers
  0xe6, 0x09,
  // PauseSkip
  0xa2, 0x00, 0xa0, 0x07, 0xad, 0xa7, 0x07, 0x29, 0x02, 0x85, 0x00, 0xad, 0xa8, 0x07, 0x29, 0x02,
  0x45, 0x00, 0x18, 0xf0, 0x01, 0x38,
  // RotPRandomBit
  0x7e, 0xa7, 0x07, 0xe8, 0x88, 0xd0, 0xf9, 0xad, 0x22, 0x07, 0xf0, 0x1f,
  // Sprite0Clr
  0xad, 0x02, 0x20, 0x29, 0x40, 0xd0, 0xf9, 0xad, 0x76, 0x07, 0x4a, 0xb0, 0x06, 0x20, 0x23, 0x82,
  0x20, 0xc6, 0x81,
  // Sprite0Hit
  0xad, 0x02, 0x20, 0x29, 0x40, 0xf0, 0xf9, 0xa0, 0x14,
  // HBlankDelay
  0x88, 0xd0, 0xfd,
  // SkipSprite0
  0xad, 0x3f, 0x07, 0x8d, 0x05, 0x20, 0xad, 0x40, 0x07, 0x8d, 0x05, 0x20, 0xad, 0x78, 0x07, 0x48,
  0x8d, 0x00, 0x20, 0xad, 0x76, 0x07, 0x4a, 0xb0, 0x03, 0x20, 0x12, 0x82,
  // SkipMainOper
  0xad, 0x02, 0x20, 0x68, 0x09, 0x80, 0x8d, 0x00, 0x20, 0x40,
  // PauseRoutine
  0xad, 0x70, 0x07, 0xc9, 0x02, 0xf0, 0x0b, 0xc9, 0x01, 0xd0, 0x38, 0xad, 0x72, 0x07, 0xc9, 0x03,
  0xd0, 0x31,
  // ChkPauseTimer
  0xad, 0x77, 0x07, 0xf0, 0x04, 0xce, 0x77, 0x07, 0x60,
  // ChkStart
  0xad, 0xfc, 0x06, 0x29, 0x10, 0xf0, 0x19, 0xad, 0x76, 0x07, 0x29, 0x80, 0xd0, 0x1a, 0xa9, 0x2b,
  0x8d, 0x77, 0x07, 0xad, 0x76, 0x07, 0xa8, 0xc8, 0x84, 0xfa, 0x49, 0x01, 0x09, 0x80, 0xd0, 0x05,
  // ClrPauseTimer
  0xad, 0x76, 0x07, 0x29, 0x7f,
  // SetPause
  0x8d, 0x76, 0x07,
  // ExitPause
  0x60,
  // SpriteShuffler
  0xac, 0x4e, 0x07, 0xa9, 0x28, 0x85, 0x00, 0xa2, 0x0e,
  // ShuffleLoop
  0xbd, 0xe4, 0x06, 0xc5, 0x00, 0x90, 0x0f, 0xac, 0xe0, 0x06, 0x18, 0x79, 0xe1, 0x06, 0x90, 0x03,
  0x18, 0x65, 0x00,
  // StrSprOffset
  0x9d, 0xe4, 0x06,
  // NextSprOffset
  0xca, 0x10, 0xe7, 0xae, 0xe0, 0x06, 0xe8, 0xe0, 0x03, 0xd0, 0x02, 0xa2, 0x00,
  // SetAmtOffset
  0x8e, 0xe0, 0x06, 0xa2, 0x08, 0xa0, 0x02,
  // SetMiscOffset
  0xb9, 0xe9, 0x06, 0x9d, 0xf1, 0x06, 0x18, 0x69, 0x08, 0x9d, 0xf2, 0x06, 0x18, 0x69, 0x08, 0x9d,
  0xf3, 0x06, 0xca, 0xca, 0xca, 0x88, 0x10, 0xe8, 0x60,
  // OperModeExecutionTree
  0xad, 0x70, 0x07, 0x20, 0x04, 0x8e, 0x31, 0x82, 0xdc, 0xae, 0x8b, 0x83, 0x18, 0x92,
  // MoveAllSpritesOffscreen
  0xa0, 0x00,
  // BIT instruction opcode
  0x2c,
  // MoveSpritesOffscreen
  0xa0, 0x04, 0xa9, 0xf8,
  // SprInitLoop
  0x99, 0x00, 0x02, 0xc8, 0xc8, 0xc8, 0xc8, 0xd0, 0xf7, 0x60,
  // TitleScreenMode
  0xad, 0x72, 0x07, 0x20, 0x04, 0x8e, 0xcf, 0x8f, 0x67, 0x85, 0x61, 0x90, 0x45, 0x82,
  // WSelectBufferTemplate
  // -------------------------------------------------------------------------------------
  0x04, 0x20, 0x73, 0x01, 0x00, 0x00,
  // GameMenuRoutine
  0xa0, 0x00, 0xad, 0xfc, 0x06, 0x0d, 0xfd, 0x06, 0xc9, 0x10, 0xf0, 0x04, 0xc9, 0x90, 0xd0, 0x03,
  // StartGame
  0x4c, 0xd8, 0x82,
  // ChkSelect
  0xc9, 0x20, 0xf0, 0x1a, 0xae, 0xa2, 0x07, 0xd0, 0x0b, 0x8d, 0x80, 0x07, 0x20, 0x6b, 0x83, 0xb0,
  0x60, 0x4c, 0xc0, 0x82,
  // ChkWorldSel
  0xae, 0xfc, 0x07, 0xf0, 0x4a, 0xc9, 0x40, 0xd0, 0x46, 0xc8,
  // SelectBLogic
  0xad, 0xa2, 0x07, 0xf0, 0x4e, 0xa9, 0x18, 0x8d, 0xa2, 0x07, 0xad, 0x80, 0x07, 0xd0, 0x36, 0xa9,
  0x10, 0x8d, 0x80, 0x07, 0xc0, 0x01, 0xf0, 0x0e, 0xad, 0x7a, 0x07, 0x49, 0x01, 0x8d, 0x7a, 0x07,
  0x20, 0x25, 0x83, 0x4c, 0xbb, 0x82,
  // IncWorldSel
  0xae, 0x6b, 0x07, 0xe8, 0x8a, 0x29, 0x07, 0x8d, 0x6b, 0x07, 0x20, 0x0e, 0x83,
  // UpdateShroom
  0xbd, 0x3f, 0x82, 0x9d, 0x00, 0x03, 0xe8, 0xe0, 0x06, 0x30, 0xf5, 0xac, 0x5f, 0x07, 0xc8, 0x8c,
  0x04, 0x03,
  // NullJoypad
  0xa9, 0x00, 0x8d, 0xfc, 0x06,
  // RunDemo
  0x20, 0xea, 0xae, 0xa5, 0x0e, 0xc9, 0x06, 0xd0, 0x44,
  // ResetTitle
  0xa9, 0x00, 0x8d, 0x70, 0x07, 0x8d, 0x72, 0x07, 0x8d, 0x22, 0x07, 0xee, 0x74, 0x07, 0x60,
  // ChkContinue
  0xac, 0xa2, 0x07, 0xf0, 0xec, 0x0a, 0x90, 0x06, 0xad, 0xfd, 0x07, 0x20, 0x0e, 0x83,
  // StartWorld1
  0x20, 0x03, 0x9c, 0xee, 0x5d, 0x07, 0xee, 0x64, 0x07, 0xee, 0x57, 0x07, 0xee, 0x70, 0x07, 0xad,
  0xfc, 0x07, 0x8d, 0x6a, 0x07, 0xa9, 0x00, 0x8d, 0x72, 0x07, 0x8d, 0xa2, 0x07, 0xa2, 0x17, 0xa9,
  0x00,
  // InitScores
  0x9d, 0xdd, 0x07, 0xca, 0x10, 0xfa,
  // ExitMenu
  0x60,
  // GoContinue
  0x8d, 0x5f, 0x07, 0x8d, 0x66, 0x07, 0xa2, 0x00, 0x8e, 0x60, 0x07, 0x8e, 0x67, 0x07, 0x60,
  // MushroomIconData
  // -------------------------------------------------------------------------------------
  0x07, 0x22, 0x49, 0x83, 0xce, 0x24, 0x24, 0x00,
  // DrawMushroomIcon
  0xa0, 0x07,
  // IconDataRead
  0xb9, 0x1d, 0x83, 0x99, 0x00, 0x03, 0x88, 0x10, 0xf7, 0xad, 0x7a, 0x07, 0xf0, 0x0a, 0xa9, 0x24,
  0x8d, 0x04, 0x03, 0xa9, 0xce, 0x8d, 0x06, 0x03,
  // ExitIcon
  0x60,
  // DemoActionData
  // -------------------------------------------------------------------------------------
  0x01, 0x80, 0x02, 0x81, 0x41, 0x80, 0x01, 0x42, 0xc2, 0x02, 0x80, 0x41, 0xc1, 0x41, 0xc1, 0x01,
  0xc1, 0x01, 0x02, 0x80, 0x00,
  // DemoTimingData
  0x9b, 0x10, 0x18, 0x05, 0x2c, 0x20, 0x24, 0x15, 0x5a, 0x10, 0x20, 0x28, 0x30, 0x20, 0x10, 0x80,
  0x20, 0x30, 0x30, 0x01, 0xff, 0x00,
  // DemoEngine
  0xae, 0x17, 0x07, 0xad, 0x18, 0x07, 0xd0, 0x0d, 0xe8, 0xee, 0x17, 0x07, 0x38, 0xbd, 0x54, 0x83,
  0x8d, 0x18, 0x07, 0xf0, 0x0a,
  // DoAction
  0xbd, 0x3f, 0x83, 0x8d, 0xfc, 0x06, 0xce, 0x18, 0x07, 0x18,
  // DemoOver
  0x60,
  // VictoryMode
  0x20, 0xa0, 0x83, 0xad, 0x72, 0x07, 0xf0, 0x07, 0xa2, 0x00, 0x86, 0x08, 0x20, 0x47, 0xc0,
  // AutoPlayer
  0x20, 0x2a, 0xf1, 0x4c, 0xe9, 0xee,
  // VictoryModeSubroutines
  0xad, 0x72, 0x07, 0x20, 0x04, 0x8e, 0xec, 0xcf, 0xb0, 0x83, 0xbd, 0x83, 0xf6, 0x83, 0x61, 0x84,
  // SetupVictoryMode
  0xae, 0x1b, 0x07, 0xe8, 0x86, 0x34, 0xa9, 0x08, 0x85, 0xfc, 0x4c, 0x4e, 0x87,
  // PlayerVictoryWalk
  0xa0, 0x00, 0x84, 0x35, 0xa5, 0x6d, 0xc5, 0x34, 0xd0, 0x06, 0xa5, 0x86, 0xc9, 0x60, 0xb0, 0x03,
  // PerformWalk
  0xe6, 0x35, 0xc8,
  // DontWalk
  0x98, 0x20, 0xe6, 0xb0, 0xad, 0x1a, 0x07, 0xc5, 0x34, 0xf0, 0x16, 0xad, 0x68, 0x07, 0x18, 0x69,
  0x80, 0x8d, 0x68, 0x07, 0xa9, 0x01, 0x69, 0x00, 0xa8, 0x20, 0xc4, 0xaf, 0x20, 0x6f, 0xaf, 0xe6,
  0x35,
  // ExitVWalk
  0xa5, 0x35, 0xf0, 0x68, 0x60,
  // PrintVictoryMessages
  0xad, 0x49, 0x07, 0xd0, 0x48, 0xad, 0x19, 0x07, 0xf0, 0x18, 0xc9, 0x09, 0xb0, 0x3f, 0xac, 0x5f,
  0x07, 0xc0, 0x07, 0xd0, 0x09, 0xc9, 0x03, 0x90, 0x34, 0xe9, 0x01, 0x4c, 0x18, 0x84,
  // MRetainerMsg
  0xc9, 0x02, 0x90, 0x2b,
  // ThankPlayer
  0xa8, 0xd0, 0x08, 0xad, 0x53, 0x07, 0xf0, 0x14, 0xc8, 0xd0, 0x11,
  // SecondPartMsg
  0xc8, 0xad, 0x5f, 0x07, 0xc9, 0x07, 0xf0, 0x09, 0x88, 0xc0, 0x04, 0xb0, 0x26, 0xc0, 0x03, 0xb0,
  0x0f,
  // EvalForMusic
  0xc0, 0x03, 0xd0, 0x04, 0xa9, 0x04, 0x85, 0xfc,
  // PrintMsg
  0x98, 0x18, 0x69, 0x0c, 0x8d, 0x73, 0x07,
  // IncMsgCounter
  0xad, 0x49, 0x07, 0x18, 0x69, 0x04, 0x8d, 0x49, 0x07, 0xad, 0x19, 0x07, 0x69, 0x00, 0x8d, 0x19,
  0x07, 0xc9, 0x07,
  // SetEndTimer
  0x90, 0x08, 0xa9, 0x06, 0x8d, 0xa1, 0x07,
  // IncModeTask_A
  0xee, 0x72, 0x07,
  // ExitMsgs
  0x60,
  // PlayerEndWorld
  0xad, 0xa1, 0x07, 0xd0, 0x20, 0xac, 0x5f, 0x07, 0xc0, 0x07, 0xb0, 0x1a, 0xa9, 0x00, 0x8d, 0x60,
  0x07, 0x8d, 0x5c, 0x07, 0x8d, 0x72, 0x07, 0xee, 0x5f, 0x07, 0x20, 0x03, 0x9c, 0xee, 0x57, 0x07,
  0xa9, 0x01, 0x8d, 0x70, 0x07,
  // EndExitOne
  0x60,
  // EndChkBButton
  0xad, 0xfc, 0x06, 0x0d, 0xfd, 0x06, 0x29, 0x40, 0xf0, 0x0d, 0xa9, 0x01, 0x8d, 0xfc, 0x07, 0xa9,
  0xff, 0x8d, 0x5a, 0x07, 0x20, 0x48, 0x92,
  // EndExitTwo
  0x60,
  // FloateyNumTileData
  // -------------------------------------------------------------------------------------
  // data is used as tiles for numbers
  // that appear when you defeat enemies
  // dummy
  0xff, 0xff,
  //  "100"
  0xf6, 0xfb,
  //  "200"
  0xf7, 0xfb,
  //  "400"
  0xf8, 0xfb,
  //  "500"
  0xf9, 0xfb,
  //  "800"
  0xfa, 0xfb,
  //  "1000"
  0xf6, 0x50,
  //  "2000"
  0xf7, 0x50,
  //  "4000"
  0xf8, 0x50,
  //  "5000"
  0xf9, 0x50,
  //  "8000"
  0xfa, 0x50,
  //  "1-UP"
  0xfd, 0xfe,
  // ScoreUpdateData
  // high nybble is digit number, low nybble is number to
  // add to the digit of the player's score
  // dummy
  0xff, 0x41, 0x42, 0x44, 0x45, 0x48, 0x31, 0x32, 0x34, 0x35, 0x38, 0x00,
  // FloateyNumbersRoutine
  0xbd, 0x10, 0x01, 0xf0, 0xbe, 0xc9, 0x0b, 0x90, 0x05, 0xa9, 0x0b, 0x9d, 0x10, 0x01,
  // ChkNumTimer
  0xa8, 0xbd, 0x2c, 0x01, 0xd0, 0x04, 0x9d, 0x10, 0x01, 0x60,
  // DecNumTimer
  0xde, 0x2c, 0x01, 0xc9, 0x2b, 0xd0, 0x1e, 0xc0, 0x0b, 0xd0, 0x07, 0xee, 0x5a, 0x07, 0xa9, 0x40,
  0x85, 0xfe,
  // LoadNumTiles
  0xb9, 0xb7, 0x84, 0x4a, 0x4a, 0x4a, 0x4a, 0xaa, 0xb9, 0xb7, 0x84, 0x29, 0x0f, 0x9d, 0x34, 0x01,
  0x20, 0x27, 0xbc,
  // ChkTallEnemy
  0xbc, 0xe5, 0x06, 0xb5, 0x16, 0xc9, 0x12, 0xf0, 0x22, 0xc9, 0x0d, 0xf0, 0x1e, 0xc9, 0x05, 0xf0,
  0x12, 0xc9, 0x0a, 0xf0, 0x16, 0xc9, 0x0b, 0xf0, 0x12, 0xc9, 0x09, 0xb0, 0x06, 0xb5, 0x1e, 0xc9,
  0x02, 0xb0, 0x08,
  // GetAltOffset
  0xae, 0xee, 0x03, 0xbc, 0xec, 0x06, 0xa6, 0x08,
  // FloateyPart
  0xbd, 0x1e, 0x01, 0xc9, 0x18, 0x90, 0x05, 0xe9, 0x01, 0x9d, 0x1e, 0x01,
  // SetupNumSpr
  0xbd, 0x1e, 0x01, 0xe9, 0x08, 0x20, 0xc1, 0xe5, 0xbd, 0x17, 0x01, 0x99, 0x03, 0x02, 0x18, 0x69,
  0x08, 0x99, 0x07, 0x02, 0xa9, 0x02, 0x99, 0x02, 0x02, 0x99, 0x06, 0x02, 0xbd, 0x10, 0x01, 0x0a,
  0xaa, 0xbd, 0x9f, 0x84, 0x99, 0x01, 0x02, 0xbd, 0xa0, 0x84, 0x99, 0x05, 0x02, 0xa6, 0x08, 0x60,
  // ScreenRoutines
  0xad, 0x3c, 0x07, 0x20, 0x04, 0x8e, 0x8b, 0x85, 0x9b, 0x85, 0x52, 0x86, 0x5a, 0x86, 0x93, 0x86,
  0x9d, 0x88, 0xa8, 0x86, 0x9d, 0x88, 0xe6, 0x86, 0xbf, 0x85, 0xe3, 0x85, 0x43, 0x86, 0xff, 0x86,
  0x32, 0x87, 0x49, 0x87,
  // InitScreen
  0x20, 0x20, 0x82, 0x20, 0x19, 0x8e, 0xad, 0x70, 0x07, 0xf0, 0x32, 0xa2, 0x03, 0x4c, 0xc5, 0x85,
  // SetupIntermediate
  0xad, 0x44, 0x07, 0x48, 0xad, 0x56, 0x07, 0x48, 0xa9, 0x00, 0x8d, 0x56, 0x07, 0xa9, 0x02, 0x8d,
  0x44, 0x07, 0x20, 0xf1, 0x85, 0x68, 0x8d, 0x56, 0x07, 0x68, 0x8d, 0x44, 0x07, 0x4c, 0x45, 0x87,
  // AreaPalette
  // -------------------------------------------------------------------------------------
  0x01, 0x02, 0x03, 0x04,
  // GetAreaPalette
  0xac, 0x4e, 0x07, 0xbe, 0xbb, 0x85,
  // SetVRAMAddr_A
  0x8e, 0x73, 0x07,
  // NextSubtask
  0x4c, 0x45, 0x87,
  // BGColorCtrl_Addr
  // -------------------------------------------------------------------------------------
  // $00 - used as temp counter in GetPlayerColors
  0x00, 0x09, 0x0a, 0x04,
  // BackgroundColors
  // used by area type if bg color ctrl not set
  0x22, 0x22, 0x0f, 0x0f,
  // used by background color control if set
  0x0f, 0x22, 0x0f, 0x0f,
  // PlayerColors
  // mario's colors
  0x22, 0x16, 0x27, 0x18,
  // luigi's colors
  0x22, 0x30, 0x27, 0x19,
  // fiery (used by both)
  0x22, 0x37, 0x27, 0x16,
  // GetBackgroundColor
  0xac, 0x44, 0x07, 0xf0, 0x06, 0xb9, 0xc7, 0x85, 0x8d, 0x73, 0x07,
  // NoBGColor
  0xee, 0x3c, 0x07,
  // GetPlayerColors
  0xae, 0x00, 0x03, 0xa0, 0x00, 0xad, 0x53, 0x07, 0xf0, 0x02, 0xa0, 0x04,
  // ChkFiery
  0xad, 0x56, 0x07, 0xc9, 0x02, 0xd0, 0x02, 0xa0, 0x08,
  // StartClrGet
  0xa9, 0x03, 0x85, 0x00,
  // ClrGetLoop
  0xb9, 0xd7, 0x85, 0x9d, 0x04, 0x03, 0xc8, 0xe8, 0xc6, 0x00, 0x10, 0xf4, 0xae, 0x00, 0x03, 0xac,
  0x44, 0x07, 0xd0, 0x03, 0xac, 0x4e, 0x07,
  // SetBGColor
  0xb9, 0xcf, 0x85, 0x9d, 0x04, 0x03, 0xa9, 0x3f, 0x9d, 0x01, 0x03, 0xa9, 0x10, 0x9d, 0x02, 0x03,
  0xa9, 0x04, 0x9d, 0x03, 0x03, 0xa9, 0x00, 0x9d, 0x08, 0x03, 0x8a, 0x18, 0x69, 0x07,
  // SetVRAMOffset
  0x8d, 0x00, 0x03, 0x60,
  // GetAlternatePalette1
  0xad, 0x33, 0x07, 0xc9, 0x01, 0xd0, 0x05, 0xa9, 0x0b,
  // SetVRAMAddr_B
  0x8d, 0x73, 0x07,
  // NoAltPal
  0x4c, 0x45, 0x87,
  // WriteTopStatusLine
  0xa9, 0x00, 0x20, 0x08, 0x88, 0x4c, 0x45, 0x87,
  // WriteBottomStatusLine
  0x20, 0x30, 0xbc, 0xae, 0x00, 0x03, 0xa9, 0x20, 0x9d, 0x01, 0x03, 0xa9, 0x73, 0x9d, 0x02, 0x03,
  0xa9, 0x03, 0x9d, 0x03, 0x03, 0xac, 0x5f, 0x07, 0xc8, 0x98, 0x9d, 0x04, 0x03, 0xa9, 0x28, 0x9d,
  0x05, 0x03, 0xac, 0x5c, 0x07, 0xc8, 0x98, 0x9d, 0x06, 0x03, 0xa9, 0x00, 0x9d, 0x07, 0x03, 0x8a,
  0x18, 0x69, 0x06, 0x8d, 0x00, 0x03, 0x4c, 0x45, 0x87,
  // DisplayTimeUp
  0xad, 0x59, 0x07, 0xf0, 0x0a, 0xa9, 0x00, 0x8d, 0x59, 0x07, 0xa9, 0x02, 0x4c, 0xc7, 0x86,
  // NoTimeUp
  0xee, 0x3c, 0x07, 0x4c, 0x45, 0x87,
  // DisplayIntermediate
  0xad, 0x70, 0x07, 0xf0, 0x33, 0xc9, 0x03, 0xf0, 0x22, 0xad, 0x52, 0x07, 0xd0, 0x2a, 0xac, 0x4e,
  0x07, 0xc0, 0x03, 0xf0, 0x05, 0xad, 0x69, 0x07, 0xd0, 0x1e,
  // PlayerInter
  0x20, 0xa4, 0xef, 0xa9, 0x01,
  // OutputInter
  0x20, 0x08, 0x88, 0x20, 0xa5, 0x88, 0xa9, 0x00, 0x8d, 0x74, 0x07, 0x60,
  // GameOverInter
  0xa9, 0x12, 0x8d, 0xa0, 0x07, 0xa9, 0x03, 0x20, 0x08, 0x88, 0x4c, 0x4e, 0x87,
  // NoInter
  0xa9, 0x08, 0x8d, 0x3c, 0x07, 0x60,
  // AreaParserTaskControl
  0xee, 0x74, 0x07,
  // TaskLoop
  0x20, 0xb0, 0x92, 0xad, 0x1f, 0x07, 0xd0, 0xf8, 0xce, 0x1e, 0x07, 0x10, 0x03, 0xee, 0x3c, 0x07,
  // OutputCol
  0xa9, 0x06, 0x8d, 0x73, 0x07, 0x60,
  // DrawTitleScreen
  0xad, 0x70, 0x07, 0xd0, 0x4a, 0xa9, 0x1e, 0x8d, 0x06, 0x20, 0xa9, 0xc0, 0x8d, 0x06, 0x20, 0xa9,
  0x03, 0x85, 0x01, 0xa0, 0x00, 0x84, 0x00, 0xad, 0x07, 0x20,
  // OutputTScr
  0xad, 0x07, 0x20, 0x91, 0x00, 0xc8, 0xd0, 0x02, 0xe6, 0x01,
  // ChkHiByte
  0xa5, 0x01, 0xc9, 0x04, 0xd0, 0xf0, 0xc0, 0x3a, 0x90, 0xec, 0xa9, 0x05, 0x4c, 0x4c, 0x86,
  // ClearBuffersDrawIcon
  0xad, 0x70, 0x07, 0xd0, 0x17, 0xa2, 0x00,
  // TScrClear
  0x9d, 0x00, 0x03, 0x9d, 0x00, 0x04, 0xca, 0xd0, 0xf7, 0x20, 0x25, 0x83,
  // IncSubtask
  0xee, 0x3c, 0x07, 0x60,
  // WriteTopScore
  0xa9, 0xfa, 0x20, 0x36, 0xbc,
  // IncModeTask_B
  0xee, 0x72, 0x07, 0x60,
  // GameText, TopStatusBarLine
  // -------------------------------------------------------------------------------------
  //  "MARIO"
  0x20, 0x43, 0x05, 0x16, 0x0a, 0x1b, 0x12, 0x18,
  //  "WORLD  TIME"
  0x20, 0x52, 0x0b, 0x20, 0x18, 0x1b, 0x15, 0x0d, 0x24, 0x24, 0x1d, 0x12, 0x16, 0x0e,
  //  score trailing digit and coin display
  0x20, 0x68, 0x05, 0x00, 0x24, 0x24, 0x2e, 0x29,
  //  attribute table data, clears name table 0 to palette 2
  0x23, 0xc0, 0x7f, 0xaa,
  //  attribute table data, used for coin icon in status bar
  0x23, 0xc2, 0x01, 0xea,
  //  end of data block
  0xff,
  // WorldLivesDisplay
  //  cross with spaces used on
  0x21, 0xcd, 0x07, 0x24, 0x24,
  //  lives display
  0x29, 0x24, 0x24, 0x24, 0x24,
  //  "WORLD  - " used on lives display
  0x21, 0x4b, 0x09, 0x20, 0x18, 0x1b, 0x15, 0x0d, 0x24, 0x24, 0x28, 0x24,
  //  possibly used to clear time up
  0x22, 0x0c, 0x47, 0x24,
  //  attribute table data for crown if more than 9 lives
  0x23, 0xdc, 0x01, 0xba, 0xff,
  // TwoPlayerTimeUp
  //  "MARIO"
  0x21, 0xcd, 0x05, 0x16, 0x0a, 0x1b, 0x12, 0x18,
  // OnePlayerTimeUp
  //  "TIME UP"
  0x22, 0x0c, 0x07, 0x1d, 0x12, 0x16, 0x0e, 0x24, 0x1e, 0x19, 0xff,
  // TwoPlayerGameOver
  //  "MARIO"
  0x21, 0xcd, 0x05, 0x16, 0x0a, 0x1b, 0x12, 0x18,
  // OnePlayerGameOver
  //  "GAME OVER"
  0x22, 0x0b, 0x09, 0x10, 0x0a, 0x16, 0x0e, 0x24, 0x18, 0x1f, 0x0e, 0x1b, 0xff,
  // WarpZoneWelcome
  //  "WELCOME TO WARP ZONE!"
  0x25, 0x84, 0x15, 0x20, 0x0e, 0x15, 0x0c, 0x18, 0x16, 0x0e, 0x24, 0x1d, 0x18, 0x24, 0x20, 0x0a,
  0x1b, 0x19, 0x24, 0x23, 0x18, 0x17, 0x0e, 0x2b,
  //  placeholder for left pipe
  0x26, 0x25, 0x01, 0x24,
  //  placeholder for middle pipe
  0x26, 0x2d, 0x01, 0x24,
  //  placeholder for right pipe
  0x26, 0x35, 0x01, 0x24,
  //  attribute data
  0x27, 0xd9, 0x46, 0xaa, 0x27, 0xe1, 0x45, 0xaa, 0xff,
  // LuigiName
  //  "LUIGI", no address or length
  0x15, 0x1e, 0x12, 0x10, 0x12,
  // WarpZoneNumbers
  //  warp zone numbers, note spaces on middle
  0x04, 0x03, 0x02, 0x00,
  //  zone, partly responsible for
  0x24, 0x05, 0x24, 0x00,
  //  the minus world
  0x08, 0x07, 0x06, 0x00,
  // GameTextOffsets
  0x00, 0x00, 0x27, 0x27, 0x46, 0x4e, 0x59, 0x61, 0x6e, 0x6e,
  // WriteGameText
  0x48, 0x0a, 0xa8, 0xc0, 0x04, 0x90, 0x0c, 0xc0, 0x08, 0x90, 0x02, 0xa0, 0x08,
  // Chk2Players
  0xad, 0x7a, 0x07, 0xd0, 0x01, 0xc8,
  // LdGameText
  0xbe, 0xfe, 0x87, 0xa0, 0x00,
  // GameTextLoop
  0xbd, 0x52, 0x87, 0xc9, 0xff, 0xf0, 0x07, 0x99, 0x01, 0x03, 0xe8, 0xc8, 0xd0, 0xf2,
  // EndGameText
  0xa9, 0x00, 0x99, 0x01, 0x03, 0x68, 0xaa, 0xc9, 0x04, 0xb0, 0x49, 0xca, 0xd0, 0x23, 0xad, 0x5a,
  0x07, 0x18, 0x69, 0x01, 0xc9, 0x0a, 0x90, 0x07, 0xe9, 0x0a, 0xa0, 0x9f, 0x8c, 0x08, 0x03,
  // PutLives
  0x8d, 0x09, 0x03, 0xac, 0x5f, 0x07, 0xc8, 0x8c, 0x14, 0x03, 0xac, 0x5c, 0x07, 0xc8, 0x8c, 0x16,
  0x03, 0x60,
  // CheckPlayerName
  0xad, 0x7a, 0x07, 0xf0, 0x1d, 0xad, 0x53, 0x07, 0xca, 0xd0, 0x09, 0xac, 0x70, 0x07, 0xc0, 0x03,
  0xf0, 0x02, 0x49, 0x01,
  // ChkLuigi
  0x4a, 0x90, 0x0b, 0xa0, 0x04,
  // NameLoop
  0xb9, 0xed, 0x87, 0x99, 0x04, 0x03, 0x88, 0x10, 0xf7,
  // ExitChkName
  0x60,
  // PrintWarpZoneNumbers
  0xe9, 0x04, 0x0a, 0x0a, 0xaa, 0xa0, 0x00,
  // WarpNumLoop
  0xbd, 0xf2, 0x87, 0x99, 0x1c, 0x03, 0xe8, 0xc8, 0xc8, 0xc8, 0xc8, 0xc0, 0x0c, 0x90, 0xf1, 0xa9,
  0x2c, 0x4c, 0x3f, 0x86,
  // ResetSpritesAndScreenTimer
  0xad, 0xa0, 0x07, 0xd0, 0x0b, 0x20, 0x20, 0x82,
  // ResetScreenTimer
  0xa9, 0x07, 0x8d, 0xa0, 0x07, 0xee, 0x3c, 0x07,
  // NoReset
  0x60,
  // RenderAreaGraphics
  0xad, 0x26, 0x07, 0x29, 0x01, 0x85, 0x05, 0xac, 0x40, 0x03, 0x84, 0x00, 0xad, 0x21, 0x07, 0x99,
  0x42, 0x03, 0xad, 0x20, 0x07, 0x99, 0x41, 0x03, 0xa9, 0x9a, 0x99, 0x43, 0x03, 0xa9, 0x00, 0x85,
  0x04, 0xaa,
  // DrawMTLoop
  0x86, 0x01, 0xbd, 0xa1, 0x06, 0x29, 0xc0, 0x85, 0x03, 0x0a, 0x2a, 0x2a, 0xa8, 0xb9, 0x08, 0x8b,
  0x85, 0x06, 0xb9, 0x0c, 0x8b, 0x85, 0x07, 0xbd, 0xa1, 0x06, 0x0a, 0x0a, 0x85, 0x02, 0xad, 0x1f,
  0x07, 0x29, 0x01, 0x49, 0x01, 0x0a, 0x65, 0x02, 0xa8, 0xa6, 0x00, 0xb1, 0x06, 0x9d, 0x44, 0x03,
  0xc8, 0xb1, 0x06, 0x9d, 0x45, 0x03, 0xa4, 0x04, 0xa5, 0x05, 0xd0, 0x0e, 0xa5, 0x01, 0x4a, 0xb0,
  0x19, 0x26, 0x03, 0x26, 0x03, 0x26, 0x03, 0x4c, 0x30, 0x89,
  // RightCheck
  0xa5, 0x01, 0x4a, 0xb0, 0x0f, 0x46, 0x03, 0x46, 0x03, 0x46, 0x03, 0x46, 0x03, 0x4c, 0x30, 0x89,
  // LLeft
  0x46, 0x03, 0x46, 0x03,
  // NextMTRow
  0xe6, 0x04,
  // SetAttrib
  0xb9, 0xf9, 0x03, 0x05, 0x03, 0x99, 0xf9, 0x03, 0xe6, 0x00, 0xe6, 0x00, 0xa6, 0x01, 0xe8, 0xe0,
  0x0d, 0x90, 0x8d, 0xa4, 0x00, 0xc8, 0xc8, 0xc8, 0xa9, 0x00, 0x99, 0x41, 0x03, 0x8c, 0x40, 0x03,
  0xee, 0x21, 0x07, 0xad, 0x21, 0x07, 0x29, 0x1f, 0xd0, 0x0d, 0xa9, 0x80, 0x8d, 0x21, 0x07, 0xad,
  0x20, 0x07, 0x49, 0x04, 0x8d, 0x20, 0x07,
  // ExitDrawM
  0x4c, 0xbd, 0x89,
  // RenderAttributeTables
  0xad, 0x21, 0x07, 0x29, 0x1f, 0x38, 0xe9, 0x04, 0x29, 0x1f, 0x85, 0x01, 0xad, 0x20, 0x07, 0xb0,
  0x02, 0x49, 0x04,
  // SetATHigh
  0x29, 0x04, 0x09, 0x23, 0x85, 0x00, 0xa5, 0x01, 0x4a, 0x4a, 0x69, 0xc0, 0x85, 0x01, 0xa2, 0x00,
  0xac, 0x40, 0x03,
  // AttribLoop
  0xa5, 0x00, 0x99, 0x41, 0x03, 0xa5, 0x01, 0x18, 0x69, 0x08, 0x99, 0x42, 0x03, 0x85, 0x01, 0xbd,
  0xf9, 0x03, 0x99, 0x44, 0x03, 0xa9, 0x01, 0x99, 0x43, 0x03, 0x4a, 0x9d, 0xf9, 0x03, 0xc8, 0xc8,
  0xc8, 0xc8, 0xe8, 0xe0, 0x07, 0x90, 0xd9, 0x99, 0x41, 0x03, 0x8c, 0x40, 0x03,
  // SetVRAMCtrl
  0xa9, 0x06, 0x8d, 0x73, 0x07, 0x60,
  // ColorRotatePalette
  // -------------------------------------------------------------------------------------
  // $00 - used as temporary counter in ColorRotation
  0x27, 0x27, 0x27, 0x17, 0x07, 0x17,
  // BlankPalette
  0x3f, 0x0c, 0x04, 0xff, 0xff, 0xff, 0xff, 0x00,
  // Palette3Data
  // used based on area type
  0x0f, 0x07, 0x12, 0x0f, 0x0f, 0x07, 0x17, 0x0f, 0x0f, 0x07, 0x17, 0x1c, 0x0f, 0x07, 0x17, 0x00,
  // ColorRotation
  0xa5, 0x09, 0x29, 0x07, 0xd0, 0x51, 0xae, 0x00, 0x03, 0xe0, 0x31, 0xb0, 0x4a, 0xa8,
  // GetBlankPal
  0xb9, 0xc9, 0x89, 0x9d, 0x01, 0x03, 0xe8, 0xc8, 0xc0, 0x08, 0x90, 0xf4, 0xae, 0x00, 0x03, 0xa9,
  0x03, 0x85, 0x00, 0xad, 0x4e, 0x07, 0x0a, 0x0a, 0xa8,
  // GetAreaPal
  0xb9, 0xd1, 0x89, 0x9d, 0x04, 0x03, 0xc8, 0xe8, 0xc6, 0x00, 0x10, 0xf4, 0xae, 0x00, 0x03, 0xac,
  0xd4, 0x06, 0xb9, 0xc3, 0x89, 0x9d, 0x05, 0x03, 0xad, 0x00, 0x03, 0x18, 0x69, 0x07, 0x8d, 0x00,
  0x03, 0xee, 0xd4, 0x06, 0xad, 0xd4, 0x06, 0xc9, 0x06, 0x90, 0x05, 0xa9, 0x00, 0x8d, 0xd4, 0x06,
  // ExitColorRot
  0x60,
  // BlockGfxData
  // -------------------------------------------------------------------------------------
  // $00 - temp store for offset control bit
  // $01 - temp vram buffer offset
  // $02 - temp store for vertical high nybble in block buffer routine
  // $03 - temp adder for high byte of name table address
  // $04, $05 - name table address low/high
  // $06, $07 - block buffer address low/high
  0x45, 0x45, 0x47, 0x47, 0x47, 0x47, 0x47, 0x47, 0x57, 0x58, 0x59, 0x5a, 0x24, 0x24, 0x24, 0x24,
  0x26, 0x26, 0x26, 0x26,
  // RemoveCoin_Axe
  0xa0, 0x41, 0xa9, 0x03, 0xae, 0x4e, 0x07, 0xd0, 0x02, 0xa9, 0x04,
  // WriteBlankMT
  0x20, 0x97, 0x8a, 0xa9, 0x06, 0x8d, 0x73, 0x07, 0x60,
  // ReplaceBlockMetatile
  0x20, 0x6d, 0x8a, 0xee, 0xf0, 0x03, 0xde, 0xec, 0x03, 0x60,
  // DestroyBlockMetatile
  0xa9, 0x00,
  // WriteBlockMetatile
  0xa0, 0x03, 0xc9, 0x00, 0xf0, 0x14, 0xa0, 0x00, 0xc9, 0x58, 0xf0, 0x0e, 0xc9, 0x51, 0xf0, 0x0a,
  0xc8, 0xc9, 0x5d, 0xf0, 0x05, 0xc9, 0x52, 0xf0, 0x01, 0xc8,
  // UseBOffset
  0x98, 0xac, 0x00, 0x03, 0xc8, 0x20, 0x97, 0x8a,
  // MoveVOffset
  0x88, 0x98, 0x18, 0x69, 0x0a, 0x4c, 0x3f, 0x86,
  // PutBlockMetatile
  0x86, 0x00, 0x84, 0x01, 0x0a, 0x0a, 0xaa, 0xa0, 0x20, 0xa5, 0x06, 0xc9, 0xd0, 0x90, 0x02, 0xa0,
  0x24,
  // SaveHAdder
  0x84, 0x03, 0x29, 0x0f, 0x0a, 0x85, 0x04, 0xa9, 0x00, 0x85, 0x05, 0xa5, 0x02, 0x18, 0x69, 0x20,
  0x0a, 0x26, 0x05, 0x0a, 0x26, 0x05, 0x65, 0x04, 0x85, 0x04, 0xa5, 0x05, 0x69, 0x00, 0x18, 0x65,
  0x03, 0x85, 0x05, 0xa4, 0x01,
  // RemBridge
  0xbd, 0x39, 0x8a, 0x99, 0x03, 0x03, 0xbd, 0x3a, 0x8a, 0x99, 0x04, 0x03, 0xbd, 0x3b, 0x8a, 0x99,
  0x08, 0x03, 0xbd, 0x3c, 0x8a, 0x99, 0x09, 0x03, 0xa5, 0x04, 0x99, 0x01, 0x03, 0x18, 0x69, 0x20,
  0x99, 0x06, 0x03, 0xa5, 0x05, 0x99, 0x00, 0x03, 0x99, 0x05, 0x03, 0xa9, 0x02, 0x99, 0x02, 0x03,
  0x99, 0x07, 0x03, 0xa9, 0x00, 0x99, 0x0a, 0x03, 0xa6, 0x00, 0x60,
  // MetatileGraphics_Low
  // -------------------------------------------------------------------------------------
  // METATILE GRAPHICS TABLE
  0x10, 0xac, 0x64, 0x8c,
  // MetatileGraphics_High
  0x8b, 0x8b, 0x8c, 0x8c,
  // Palette0_MTiles
  // blank
  0x24, 0x24, 0x24, 0x24,
  // black metatile
  0x27, 0x27, 0x27, 0x27,
  // bush left
  0x24, 0x24, 0x24, 0x35,
  // bush middle
  0x36, 0x25, 0x37, 0x25,
  // bush right
  0x24, 0x38, 0x24, 0x24,
  // mountain left
  0x24, 0x30, 0x30, 0x26,
  // mountain left bottom/middle center
  0x26, 0x26, 0x34, 0x26,
  // mountain middle top
  0x24, 0x31, 0x24, 0x32,
  // mountain right
  0x33, 0x26, 0x24, 0x33,
  // mountain right bottom
  0x34, 0x26, 0x26, 0x26,
  // mountain middle bottom
  0x26, 0x26, 0x26, 0x26,
  // bridge guardrail
  0x24, 0xc0, 0x24, 0xc0,
  // chain
  0x24, 0x7f, 0x7f, 0x24,
  // tall tree top, top half
  0xb8, 0xba, 0xb9, 0xbb,
  // short tree top
  0xb8, 0xbc, 0xb9, 0xbd,
  // tall tree top, bottom half
  0xba, 0xbc, 0xbb, 0xbd,
  // warp pipe end left, points up
  0x60, 0x64, 0x61, 0x65,
  // warp pipe end right, points up
  0x62, 0x66, 0x63, 0x67,
  // decoration pipe end left, points up
  0x60, 0x64, 0x61, 0x65,
  // decoration pipe end right, points up
  0x62, 0x66, 0x63, 0x67,
  // pipe shaft left
  0x68, 0x68, 0x69, 0x69,
  // pipe shaft right
  0x26, 0x26, 0x6a, 0x6a,
  // tree ledge left edge
  0x4b, 0x4c, 0x4d, 0x4e,
  // tree ledge middle
  0x4d, 0x4f, 0x4d, 0x4f,
  // tree ledge right edge
  0x4d, 0x4e, 0x50, 0x51,
  // mushroom left edge
  0x6b, 0x70, 0x2c, 0x2d,
  // mushroom middle
  0x6c, 0x71, 0x6d, 0x72,
  // mushroom right edge
  0x6e, 0x73, 0x6f, 0x74,
  // sideways pipe end top
  0x86, 0x8a, 0x87, 0x8b,
  // sideways pipe shaft top
  0x88, 0x8c, 0x88, 0x8c,
  // sideways pipe joint top
  0x89, 0x8d, 0x69, 0x69,
  // sideways pipe end bottom
  0x8e, 0x91, 0x8f, 0x92,
  // sideways pipe shaft bottom
  0x26, 0x93, 0x26, 0x93,
  // sideways pipe joint bottom
  0x90, 0x94, 0x69, 0x69,
  // seaplant
  0xa4, 0xe9, 0xea, 0xeb,
  // blank, used on bricks or blocks that are hit
  0x24, 0x24, 0x24, 0x24,
  // flagpole ball
  0x24, 0x2f, 0x24, 0x3d,
  // flagpole shaft
  0xa2, 0xa2, 0xa3, 0xa3,
  // blank, used in conjunction with vines
  0x24, 0x24, 0x24, 0x24,
  // Palette1_MTiles
  // vertical rope
  0xa2, 0xa2, 0xa3, 0xa3,
  // horizontal rope
  0x99, 0x24, 0x99, 0x24,
  // left pulley
  0x24, 0xa2, 0x3e, 0x3f,
  // right pulley
  0x5b, 0x5c, 0x24, 0xa3,
  // blank used for balance rope
  0x24, 0x24, 0x24, 0x24,
  // castle top
  0x9d, 0x47, 0x9e, 0x47,
  // castle window left
  0x47, 0x47, 0x27, 0x27,
  // castle brick wall
  0x47, 0x47, 0x47, 0x47,
  // castle window right
  0x27, 0x27, 0x47, 0x47,
  // castle top w/ brick
  0xa9, 0x47, 0xaa, 0x47,
  // entrance top
  0x9b, 0x27, 0x9c, 0x27,
  // entrance bottom
  0x27, 0x27, 0x27, 0x27,
  // green ledge stump
  0x52, 0x52, 0x52, 0x52,
  // fence
  0x80, 0xa0, 0x81, 0xa1,
  // tree trunk
  0xbe, 0xbe, 0xbf, 0xbf,
  // mushroom stump top
  0x75, 0xba, 0x76, 0xbb,
  // mushroom stump bottom
  0xba, 0xba, 0xbb, 0xbb,
  // breakable brick w/ line 
  0x45, 0x47, 0x45, 0x47,
  // breakable brick 
  0x47, 0x47, 0x47, 0x47,
  // breakable brick (not used)
  0x45, 0x47, 0x45, 0x47,
  // cracked rock terrain
  0xb4, 0xb6, 0xb5, 0xb7,
  // brick with line (power-up)
  0x45, 0x47, 0x45, 0x47,
  // brick with line (vine)
  0x45, 0x47, 0x45, 0x47,
  // brick with line (star)
  0x45, 0x47, 0x45, 0x47,
  // brick with line (coins)
  0x45, 0x47, 0x45, 0x47,
  // brick with line (1-up)
  0x45, 0x47, 0x45, 0x47,
  // brick (power-up)
  0x47, 0x47, 0x47, 0x47,
  // brick (vine)
  0x47, 0x47, 0x47, 0x47,
  // brick (star)
  0x47, 0x47, 0x47, 0x47,
  // brick (coins)
  0x47, 0x47, 0x47, 0x47,
  // brick (1-up)
  0x47, 0x47, 0x47, 0x47,
  // hidden block (1 coin)
  0x24, 0x24, 0x24, 0x24,
  // hidden block (1-up)
  0x24, 0x24, 0x24, 0x24,
  // solid block (3-d block)
  0xab, 0xac, 0xad, 0xae,
  // solid block (white wall)
  0x5d, 0x5e, 0x5d, 0x5e,
  // bridge
  0xc1, 0x24, 0xc1, 0x24,
  // bullet bill cannon barrel
  0xc6, 0xc8, 0xc7, 0xc9,
  // bullet bill cannon top
  0xca, 0xcc, 0xcb, 0xcd,
  // bullet bill cannon bottom
  0x2a, 0x2a, 0x40, 0x40,
  // blank used for jumpspring
  0x24, 0x24, 0x24, 0x24,
  // half brick used for jumpspring
  0x24, 0x47, 0x24, 0x47,
  // solid block (water level, green rock)
  0x82, 0x83, 0x84, 0x85,
  // half brick (???)
  0x24, 0x47, 0x24, 0x47,
  // water pipe top
  0x86, 0x8a, 0x87, 0x8b,
  // water pipe bottom
  0x8e, 0x91, 0x8f, 0x92,
  // flag ball (residual object)
  0x24, 0x2f, 0x24, 0x3d,
  // Palette2_MTiles
  // cloud left
  0x24, 0x24, 0x24, 0x35,
  // cloud middle
  0x36, 0x25, 0x37, 0x25,
  // cloud right
  0x24, 0x38, 0x24, 0x24,
  // cloud bottom left
  0x24, 0x24, 0x39, 0x24,
  // cloud bottom middle
  0x3a, 0x24, 0x3b, 0x24,
  // cloud bottom right
  0x3c, 0x24, 0x24, 0x24,
  // water/lava top
  0x41, 0x26, 0x41, 0x26,
  // water/lava
  0x26, 0x26, 0x26, 0x26,
  // cloud level terrain
  0xb0, 0xb1, 0xb2, 0xb3,
  // bowser's bridge
  0x77, 0x79, 0x77, 0x79,
  // Palette3_MTiles
  // question block (coin)
  0x53, 0x55, 0x54, 0x56,
  // question block (power-up)
  0x53, 0x55, 0x54, 0x56,
  // coin
  0xa5, 0xa7, 0xa6, 0xa8,
  // underwater coin
  0xc2, 0xc4, 0xc3, 0xc5,
  // empty block
  0x57, 0x59, 0x58, 0x5a,
  // axe
  0x7b, 0x7d, 0x7c, 0x7e,
  // WaterPaletteData
  // -------------------------------------------------------------------------------------
  // VRAM BUFFER DATA FOR LOCATIONS IN PRG-ROM
  0x3f, 0x00, 0x20, 0x0f, 0x15, 0x12, 0x25, 0x0f, 0x3a, 0x1a, 0x0f, 0x0f, 0x30, 0x12, 0x0f, 0x0f,
  0x27, 0x12, 0x0f, 0x22, 0x16, 0x27, 0x18, 0x0f, 0x10, 0x30, 0x27, 0x0f, 0x16, 0x30, 0x27, 0x0f,
  0x0f, 0x30, 0x10, 0x00,
  // GroundPaletteData
  0x3f, 0x00, 0x20, 0x0f, 0x29, 0x1a, 0x0f, 0x0f, 0x36, 0x17, 0x0f, 0x0f, 0x30, 0x21, 0x0f, 0x0f,
  0x27, 0x17, 0x0f, 0x0f, 0x16, 0x27, 0x18, 0x0f, 0x1a, 0x30, 0x27, 0x0f, 0x16, 0x30, 0x27, 0x0f,
  0x0f, 0x36, 0x17, 0x00,
  // UndergroundPaletteData
  0x3f, 0x00, 0x20, 0x0f, 0x29, 0x1a, 0x09, 0x0f, 0x3c, 0x1c, 0x0f, 0x0f, 0x30, 0x21, 0x1c, 0x0f,
  0x27, 0x17, 0x1c, 0x0f, 0x16, 0x27, 0x18, 0x0f, 0x1c, 0x36, 0x17, 0x0f, 0x16, 0x30, 0x27, 0x0f,
  0x0c, 0x3c, 0x1c, 0x00,
  // CastlePaletteData
  0x3f, 0x00, 0x20, 0x0f, 0x30, 0x10, 0x00, 0x0f, 0x30, 0x10, 0x00, 0x0f, 0x30, 0x16, 0x00, 0x0f,
  0x27, 0x17, 0x00, 0x0f, 0x16, 0x27, 0x18, 0x0f, 0x1c, 0x36, 0x17, 0x0f, 0x16, 0x30, 0x27, 0x0f,
  0x00, 0x30, 0x10, 0x00,
  // DaySnowPaletteData
  0x3f, 0x00, 0x04, 0x22, 0x30, 0x00, 0x10, 0x00,
  // NightSnowPaletteData
  0x3f, 0x00, 0x04, 0x0f, 0x30, 0x00, 0x10, 0x00,
  // MushroomPaletteData
  0x3f, 0x00, 0x04, 0x22, 0x27, 0x16, 0x0f, 0x00,
  // BowserPaletteData
  0x3f, 0x14, 0x04, 0x0f, 0x1a, 0x30, 0x27, 0x00,
  // MarioThanksMessage
  // "THANK YOU MARIO!"
  0x25, 0x48, 0x10, 0x1d, 0x11, 0x0a, 0x17, 0x14, 0x24, 0x22, 0x18, 0x1e, 0x24, 0x16, 0x0a, 0x1b,
  0x12, 0x18, 0x2b, 0x00,
  // LuigiThanksMessage
  // "THANK YOU LUIGI!"
  0x25, 0x48, 0x10, 0x1d, 0x11, 0x0a, 0x17, 0x14, 0x24, 0x22, 0x18, 0x1e, 0x24, 0x15, 0x1e, 0x12,
  0x10, 0x12, 0x2b, 0x00,
  // MushroomRetainerSaved
  // "BUT OUR PRINCESS IS IN"
  0x25, 0xc5, 0x16, 0x0b, 0x1e, 0x1d, 0x24, 0x18, 0x1e, 0x1b, 0x24, 0x19, 0x1b, 0x12, 0x17, 0x0c,
  0x0e, 0x1c, 0x1c, 0x24, 0x12, 0x1c, 0x24, 0x12, 0x17,
  // "ANOTHER CASTLE!"
  0x26, 0x05, 0x0f, 0x0a, 0x17, 0x18, 0x1d, 0x11, 0x0e, 0x1b, 0x24, 0x0c, 0x0a, 0x1c, 0x1d, 0x15,
  0x0e, 0x2b, 0x00,
  // PrincessSaved1
  // "YOUR QUEST IS OVER."
  0x25, 0xa7, 0x13, 0x22, 0x18, 0x1e, 0x1b, 0x24, 0x1a, 0x1e, 0x0e, 0x1c, 0x1d, 0x24, 0x12, 0x1c,
  0x24, 0x18, 0x1f, 0x0e, 0x1b, 0xaf, 0x00,
  // PrincessSaved2
  // "WE PRESENT YOU A NEW QUEST."
  0x25, 0xe3, 0x1b, 0x20, 0x0e, 0x24, 0x19, 0x1b, 0x0e, 0x1c, 0x0e, 0x17, 0x1d, 0x24, 0x22, 0x18,
  0x1e, 0x24, 0x0a, 0x24, 0x17, 0x0e, 0x20, 0x24, 0x1a, 0x1e, 0x0e, 0x1c, 0x1d, 0xaf, 0x00,
  // WorldSelectMessage1
  // "PUSH BUTTON B"
  0x26, 0x4a, 0x0d, 0x19, 0x1e, 0x1c, 0x11, 0x24, 0x0b, 0x1e, 0x1d, 0x1d, 0x18, 0x17, 0x24, 0x0b,
  0x00,
  // WorldSelectMessage2
  // "TO SELECT A WORLD"
  0x26, 0x88, 0x11, 0x1d, 0x18, 0x24, 0x1c, 0x0e, 0x15, 0x0e, 0x0c, 0x1d, 0x24, 0x0a, 0x24, 0x20,
  0x18, 0x1b, 0x15, 0x0d, 0x00,
  // JumpEngine
  0x0a, 0xa8, 0x68, 0x85, 0x04, 0x68, 0x85, 0x05, 0xc8, 0xb1, 0x04, 0x85, 0x06, 0xc8, 0xb1, 0x04,
  0x85, 0x07, 0x6c, 0x06, 0x00,
  // InitializeNameTables
  0xad, 0x02, 0x20, 0xad, 0x78, 0x07, 0x09, 0x10, 0x29, 0xf0, 0x20, 0xed, 0x8e, 0xa9, 0x24, 0x20,
  0x2d, 0x8e, 0xa9, 0x20,
  // WriteNTAddr
  0x8d, 0x06, 0x20, 0xa9, 0x00, 0x8d, 0x06, 0x20, 0xa2, 0x04, 0xa0, 0xc0, 0xa9, 0x24,
  // InitNTLoop
  0x8d, 0x07, 0x20, 0x88, 0xd0, 0xfa, 0xca, 0xd0, 0xf7, 0xa0, 0x40, 0x8a, 0x8d, 0x00, 0x03, 0x8d,
  0x01, 0x03,
  // InitATLoop
  0x8d, 0x07, 0x20, 0x88, 0xd0, 0xfa, 0x8d, 0x3f, 0x07, 0x8d, 0x40, 0x07, 0x4c, 0xe6, 0x8e,
  // ReadJoypads
  0xa9, 0x01, 0x8d, 0x16, 0x40, 0x4a, 0xaa, 0x8d, 0x16, 0x40, 0x20, 0x6a, 0x8e, 0xe8,
  // ReadPortBits
  0xa0, 0x08,
  // PortLoop
  0x48, 0xbd, 0x16, 0x40, 0x85, 0x00, 0x4a, 0x05, 0x00, 0x4a, 0x68, 0x2a, 0x88, 0xd0, 0xf1, 0x9d,
  0xfc, 0x06, 0x48, 0x29, 0x30, 0x3d, 0x4a, 0x07, 0xf0, 0x07, 0x68, 0x29, 0xcf, 0x9d, 0xfc, 0x06,
  0x60,
  // Save8Bits
  0x68, 0x9d, 0x4a, 0x07, 0x60,
  // WriteBufferToScreen
  0x8d, 0x06, 0x20, 0xc8, 0xb1, 0x00, 0x8d, 0x06, 0x20, 0xc8, 0xb1, 0x00, 0x0a, 0x48, 0xad, 0x78,
  0x07, 0x09, 0x04, 0xb0, 0x02, 0x29, 0xfb,
  // SetupWrites
  0x20, 0xed, 0x8e, 0x68, 0x0a, 0x90, 0x03, 0x09, 0x02, 0xc8,
  // GetLength
  0x4a, 0x4a, 0xaa,
  // OutputToVRAM
  0xb0, 0x01, 0xc8,
  // RepeatByte
  0xb1, 0x00, 0x8d, 0x07, 0x20, 0xca, 0xd0, 0xf5, 0x38, 0x98, 0x65, 0x00, 0x85, 0x00, 0xa9, 0x00,
  0x65, 0x01, 0x85, 0x01, 0xa9, 0x3f, 0x8d, 0x06, 0x20, 0xa9, 0x00, 0x8d, 0x06, 0x20, 0x8d, 0x06,
  0x20, 0x8d, 0x06, 0x20,
  // UpdateScreen
  0xae, 0x02, 0x20, 0xa0, 0x00, 0xb1, 0x00, 0xd0, 0xac,
  // InitScroll
  0x8d, 0x05, 0x20, 0x8d, 0x05, 0x20, 0x60,
  // WritePPUReg1
  0x8d, 0x00, 0x20, 0x8d, 0x78, 0x07, 0x60,
  // StatusBarData
  // -------------------------------------------------------------------------------------
  // $00 - used to store status bar nybbles
  // $02 - used as temp vram offset
  // $03 - used to store length of status bar number
  // status bar name table offset and length data
  //  top score display on title screen
  0xf0, 0x06,
  //  player score
  0x62, 0x06, 0x62, 0x06,
  //  coin tally
  0x6d, 0x02, 0x6d, 0x02,
  //  game timer
  0x7a, 0x03,
  // StatusBarOffset
  0x06, 0x0c, 0x12, 0x18, 0x1e, 0x24,
  // PrintStatusBarNumbers
  0x85, 0x00, 0x20, 0x11, 0x8f, 0xa5, 0x00, 0x4a, 0x4a, 0x4a, 0x4a,
  // OutputNumbers
  0x18, 0x69, 0x01, 0x29, 0x0f, 0xc9, 0x06, 0xb0, 0x44, 0x48, 0x0a, 0xa8, 0xae, 0x00, 0x03, 0xa9,
  0x20, 0xc0, 0x00, 0xd0, 0x02, 0xa9, 0x22,
  // SetupNums
  0x9d, 0x01, 0x03, 0xb9, 0xf4, 0x8e, 0x9d, 0x02, 0x03, 0xb9, 0xf5, 0x8e, 0x9d, 0x03, 0x03, 0x85,
  0x03, 0x86, 0x02, 0x68, 0xaa, 0xbd, 0x00, 0x8f, 0x38, 0xf9, 0xf5, 0x8e, 0xa8, 0xa6, 0x02,
  // DigitPLoop
  0xb9, 0xd7, 0x07, 0x9d, 0x04, 0x03, 0xe8, 0xc8, 0xc6, 0x03, 0xd0, 0xf4, 0xa9, 0x00, 0x9d, 0x04,
  0x03, 0xe8, 0xe8, 0xe8, 0x8e, 0x00, 0x03,
  // ExitOutputN
  0x60,
  // DigitsMathRoutine
  0xad, 0x70, 0x07, 0xc9, 0x00, 0xf0, 0x16, 0xa2, 0x05,
  // AddModLoop
  0xbd, 0x34, 0x01, 0x18, 0x79, 0xd7, 0x07, 0x30, 0x16, 0xc9, 0x0a, 0xb0, 0x19,
  // StoreNewD
  0x99, 0xd7, 0x07, 0x88, 0xca, 0x10, 0xec,
  // EraseDMods
  0xa9, 0x00, 0xa2, 0x06,
  // EraseMLoop
  0x9d, 0x33, 0x01, 0xca, 0x10, 0xfa, 0x60,
  // BorrowOne
  0xde, 0x33, 0x01, 0xa9, 0x09, 0xd0, 0xe7,
  // CarryOne
  0x38, 0xe9, 0x0a, 0xfe, 0x33, 0x01, 0x4c, 0x75, 0x8f,
  // UpdateTopScore
  0xa2, 0x05, 0x20, 0x9e, 0x8f, 0xa2, 0x0b,
  // TopScoreCheck
  0xa0, 0x05, 0x38,
  // GetScoreDiff
  0xbd, 0xdd, 0x07, 0xf9, 0xd7, 0x07, 0xca, 0x88, 0x10, 0xf6, 0x90, 0x0e, 0xe8, 0xc8,
  // CopyScore
  0xbd, 0xdd, 0x07, 0x99, 0xd7, 0x07, 0xe8, 0xc8, 0xc0, 0x06, 0x90, 0xf4,
  // NoTopSc
  0x60,
  // DefaultSprOffsets
  // -------------------------------------------------------------------------------------
  0x04, 0x30, 0x48, 0x60, 0x78, 0x90, 0xa8, 0xc0, 0xd8, 0xe8, 0x24, 0xf8, 0xfc, 0x28, 0x2c,
  // Sprite0Data
  0x18, 0xff, 0x23, 0x58,
  // InitializeGame
  0xa0, 0x6f, 0x20, 0xcc, 0x90, 0xa0, 0x1f,
  // ClrSndLoop
  0x99, 0xb0, 0x07, 0x88, 0x10, 0xfa, 0xa9, 0x18, 0x8d, 0xa2, 0x07, 0x20, 0x03, 0x9c,
  // InitializeArea
  0xa0, 0x4b, 0x20, 0xcc, 0x90, 0xa2, 0x21, 0xa9, 0x00,
  // ClrTimersLoop
  0x9d, 0x80, 0x07, 0xca, 0x10, 0xfa, 0xad, 0x5b, 0x07, 0xac, 0x52, 0x07, 0xf0, 0x03, 0xad, 0x51,
  0x07,
  // StartPage
  0x8d, 0x1a, 0x07, 0x8d, 0x25, 0x07, 0x8d, 0x28, 0x07, 0x20, 0x38, 0xb0, 0xa0, 0x20, 0x29, 0x01,
  0xf0, 0x02, 0xa0, 0x24,
  // SetInitNTHigh
  0x8c, 0x20, 0x07, 0xa0, 0x80, 0x8c, 0x21, 0x07, 0x0a, 0x0a, 0x0a, 0x0a, 0x8d, 0xa0, 0x06, 0xce,
  0x30, 0x07, 0xce, 0x31, 0x07, 0xce, 0x32, 0x07, 0xa9, 0x0b, 0x8d, 0x1e, 0x07, 0x20, 0x22, 0x9c,
  0xad, 0x6a, 0x07, 0xd0, 0x10, 0xad, 0x5f, 0x07, 0xc9, 0x04, 0x90, 0x0c, 0xd0, 0x07, 0xad, 0x5c,
  0x07, 0xc9, 0x02, 0x90, 0x03,
  // SetSecHard
  0xee, 0xcc, 0x06,
  // CheckHalfway
  0xad, 0x5b, 0x07, 0xf0, 0x05, 0xa9, 0x02, 0x8d, 0x10, 0x07,
  // DoneInitArea
  0xa9, 0x80, 0x85, 0xfb, 0xa9, 0x01, 0x8d, 0x74, 0x07, 0xee, 0x72, 0x07, 0x60,
  // PrimaryGameSetup
  0xa9, 0x01, 0x8d, 0x57, 0x07, 0x8d, 0x54, 0x07, 0xa9, 0x02, 0x8d, 0x5a, 0x07, 0x8d, 0x61, 0x07,
  // SecondaryGameSetup
  0xa9, 0x00, 0x8d, 0x74, 0x07, 0xa8,
  // ClearVRLoop
  0x99, 0x00, 0x03, 0xc8, 0xd0, 0xfa, 0x8d, 0x59, 0x07, 0x8d, 0x69, 0x07, 0x8d, 0x28, 0x07, 0xa9,
  0xff, 0x8d, 0xa0, 0x03, 0xad, 0x1a, 0x07, 0x4e, 0x78, 0x07, 0x29, 0x01, 0x6a, 0x2e, 0x78, 0x07,
  0x20, 0xed, 0x90, 0xa9, 0x38, 0x8d, 0xe3, 0x06, 0xa9, 0x48, 0x8d, 0xe2, 0x06, 0xa9, 0x58, 0x8d,
  0xe1, 0x06, 0xa2, 0x0e,
  // ShufAmtLoop
  0xbd, 0xbc, 0x8f, 0x9d, 0xe4, 0x06, 0xca, 0x10, 0xf7, 0xa0, 0x03,
  // ISpr0Loop
  0xb9, 0xcb, 0x8f, 0x99, 0x00, 0x02, 0x88, 0x10, 0xf7, 0x20, 0xaf, 0x92, 0x20, 0xaa, 0x92, 0xee,
  0x22, 0x07, 0xee, 0x72, 0x07, 0x60,
  // InitializeMemory
  0xa2, 0x07, 0xa9, 0x00, 0x85, 0x06,
  // InitPageLoop
  0x86, 0x07,
  // InitByteLoop
  0xe0, 0x01, 0xd0, 0x04, 0xc0, 0x60, 0xb0, 0x02,
  // InitByte
  0x91, 0x06,
  // SkipByte
  0x88, 0xc0, 0xff, 0xd0, 0xf1, 0xca, 0x10, 0xec, 0x60,
  // MusicSelectData
  // -------------------------------------------------------------------------------------
  0x02, 0x01, 0x04, 0x08, 0x10, 0x20,
  // GetAreaMusic
  0xad, 0x70, 0x07, 0xf0, 0x23, 0xad, 0x52, 0x07, 0xc9, 0x02, 0xf0, 0x0d, 0xa0, 0x05, 0xad, 0x10,
  0x07, 0xc9, 0x06, 0xf0, 0x0e, 0xc9, 0x07, 0xf0, 0x0a,
  // ChkAreaType
  0xac, 0x4e, 0x07, 0xad, 0x43, 0x07, 0xf0, 0x02, 0xa0, 0x04,
  // StoreMusic
  0xb9, 0xe7, 0x90, 0x85, 0xfb,
  // ExitGetM
  0x60,
  // PlayerStarting_X_Pos
  // -------------------------------------------------------------------------------------
  0x28, 0x18, 0x38, 0x28,
  // AltYPosOffset
  0x08, 0x00,
  // PlayerStarting_Y_Pos
  0x00, 0x20, 0xb0, 0x50, 0x00, 0x00, 0xb0, 0xb0, 0xf0,
  // PlayerBGPriorityData
  0x00, 0x20, 0x00, 0x00, 0x00, 0x00, 0x00, 0x00,
  // GameTimerData
  // dummy byte, used as part of bg priority data
  0x20, 0x04, 0x03, 0x02,
  // Entrance_GameTimerSetup
  0xad, 0x1a, 0x07, 0x85, 0x6d, 0xa9, 0x28, 0x8d, 0x0a, 0x07, 0xa9, 0x01, 0x85, 0x33, 0x85, 0xb5,
  0xa9, 0x00, 0x85, 0x1d, 0xce, 0x90, 0x04, 0xa0, 0x00, 0x8c, 0x5b, 0x07, 0xad, 0x4e, 0x07, 0xd0,
  0x01, 0xc8,
  // ChkStPos
  0x8c, 0x04, 0x07, 0xae, 0x10, 0x07, 0xac, 0x52, 0x07, 0xf0, 0x07, 0xc0, 0x01, 0xf0, 0x03, 0xbe,
  0x18, 0x91,
  // SetStPos
  0xb9, 0x16, 0x91, 0x85, 0x86, 0xbd, 0x1c, 0x91, 0x85, 0xce, 0xbd, 0x25, 0x91, 0x8d, 0xc4, 0x03,
  0x20, 0xf1, 0x85, 0xac, 0x15, 0x07, 0xf0, 0x1a, 0xad, 0x57, 0x07, 0xf0, 0x15, 0xb9, 0x2d, 0x91,
  0x8d, 0xf8, 0x07, 0xa9, 0x01, 0x8d, 0xfa, 0x07, 0x4a, 0x8d, 0xf9, 0x07, 0x8d, 0x57, 0x07, 0x8d,
  0x9f, 0x07,
  // ChkOverR
  0xac, 0x58, 0x07, 0xf0, 0x14, 0xa9, 0x03, 0x85, 0x1d, 0xa2, 0x00, 0x20, 0x84, 0xbd, 0xa9, 0xf0,
  0x85, 0xd7, 0xa2, 0x05, 0xa0, 0x00, 0x20, 0x1e, 0xb9,
  // ChkSwimE
  0xac, 0x4e, 0x07, 0xd0, 0x03, 0x20, 0x0b, 0xb7,
  // SetPESub
  0xa9, 0x07, 0x85, 0x0e, 0x60,
  // HalfwayPageNybbles
  // -------------------------------------------------------------------------------------
  // page numbers are in order from -1 to -4
  0x56, 0x40, 0x65, 0x70, 0x66, 0x40, 0x66, 0x40, 0x66, 0x40, 0x66, 0x60, 0x65, 0x70, 0x00, 0x00,
  // PlayerLoseLife
  0xee, 0x74, 0x07, 0xa9, 0x00, 0x8d, 0x22, 0x07, 0xa9, 0x80, 0x85, 0xfc, 0xce, 0x5a, 0x07, 0x10,
  0x0b, 0xa9, 0x00, 0x8d, 0x72, 0x07, 0xa9, 0x03, 0x8d, 0x70, 0x07, 0x60,
  // StillInGame
  0xad, 0x5f, 0x07, 0x0a, 0xaa, 0xad, 0x5c, 0x07, 0x29, 0x02, 0xf0, 0x01, 0xe8,
  // GetHalfway
  0xbc, 0xbd, 0x91, 0xad, 0x5c, 0x07, 0x4a, 0x98, 0xb0, 0x04, 0x4a, 0x4a, 0x4a, 0x4a,
  // MaskHPNyb
  0x29, 0x0f, 0xcd, 0x1a, 0x07, 0xf0, 0x04, 0x90, 0x02, 0xa9, 0x00,
  // SetHalfway
  0x8d, 0x5b, 0x07, 0x20, 0x82, 0x92, 0x4c, 0x64, 0x92,
  // GameOverMode
  0xad, 0x72, 0x07, 0x20, 0x04, 0x8e, 0x24, 0x92, 0x67, 0x85, 0x37, 0x92,
  // SetupGameOver
  0xa9, 0x00, 0x8d, 0x3c, 0x07, 0x8d, 0x22, 0x07, 0xa9, 0x02, 0x85, 0xfc, 0xee, 0x74, 0x07, 0xee,
  0x72, 0x07, 0x60,
  // RunGameOver
  0xa9, 0x00, 0x8d, 0x74, 0x07, 0xad, 0xfc, 0x06, 0x29, 0x10, 0xd0, 0x05, 0xad, 0xa0, 0x07, 0xd0,
  0x39,
  // TerminateGame
  0xa9, 0x80, 0x85, 0xfc, 0x20, 0x82, 0x92, 0x90, 0x13, 0xad, 0x5f, 0x07, 0x8d, 0xfd, 0x07, 0xa9,
  0x00, 0x0a, 0x8d, 0x72, 0x07, 0x8d, 0xa0, 0x07, 0x8d, 0x70, 0x07, 0x60,
  // ContinueGame
  0x20, 0x03, 0x9c, 0xa9, 0x01, 0x8d, 0x54, 0x07, 0xee, 0x57, 0x07, 0xa9, 0x00, 0x8d, 0x47, 0x07,
  0x8d, 0x56, 0x07, 0x85, 0x0e, 0x8d, 0x72, 0x07, 0xa9, 0x01, 0x8d, 0x70, 0x07,
  // GameIsOn
  0x60,
  // TransposePlayers
  0x38, 0xad, 0x7a, 0x07, 0xf0, 0x21, 0xad, 0x61, 0x07, 0x30, 0x1c, 0xad, 0x53, 0x07, 0x49, 0x01,
  0x8d, 0x53, 0x07, 0xa2, 0x06,
  // TransLoop
  0xbd, 0x5a, 0x07, 0x48, 0xbd, 0x61, 0x07, 0x9d, 0x5a, 0x07, 0x68, 0x9d, 0x61, 0x07, 0xca, 0x10,
  0xef, 0x18,
  // ExTrans
  0x60,
  // DoNothing1
  0xa9, 0xff, 0x8d, 0xc9, 0x06,
  // DoNothing2
  0x60,
  // AreaParserTaskHandler
  0xac, 0x1f, 0x07, 0xd0, 0x05, 0xa0, 0x08, 0x8c, 0x1f, 0x07,
  // DoAPTasks
  0x88, 0x98, 0x20, 0xc8, 0x92, 0xce, 0x1f, 0x07, 0xd0, 0x03, 0x20, 0x6a, 0x89,
  // SkipATRender
  0x60,
  // AreaParserTasks
  0x20, 0x04, 0x8e, 0xdb, 0x92, 0xae, 0x88, 0xae, 0x88, 0xfc, 0x93, 0xdb, 0x92, 0xae, 0x88, 0xae,
  0x88, 0xfc, 0x93,
  // IncrementColumnPos
  0xee, 0x26, 0x07, 0xad, 0x26, 0x07, 0x29, 0x0f, 0xd0, 0x06, 0x8d, 0x26, 0x07, 0xee, 0x25, 0x07,
  // NoColWrap
  0xee, 0xa0, 0x06, 0xad, 0xa0, 0x06, 0x29, 0x1f, 0x8d, 0xa0, 0x06, 0x60,
  // BSceneDataOffsets
  // -------------------------------------------------------------------------------------
  // $00 - used as counter, store for low nybble for background, ceiling byte for terrain
  // $01 - used to store floor byte for terrain
  // $07 - used to store terrain metatile
  // $06-$07 - used to store block buffer address
  0x00, 0x30, 0x60,
  // BackSceneryData
  // clouds
  0x93, 0x00, 0x00, 0x11, 0x12, 0x12, 0x13, 0x00, 0x00, 0x51, 0x52, 0x53, 0x00, 0x00, 0x00, 0x00,
  0x00, 0x00, 0x01, 0x02, 0x02, 0x03, 0x00, 0x00, 0x00, 0x00, 0x00, 0x00, 0x91, 0x92, 0x93, 0x00,
  0x00, 0x00, 0x00, 0x51, 0x52, 0x53, 0x41, 0x42, 0x43, 0x00, 0x00, 0x00, 0x00, 0x00, 0x91, 0x92,
  // mountains and bushes
  0x97, 0x87, 0x88, 0x89, 0x99, 0x00, 0x00, 0x00, 0x11, 0x12, 0x13, 0xa4, 0xa5, 0xa5, 0xa5, 0xa6,
  0x97, 0x98, 0x99, 0x01, 0x02, 0x03, 0x00, 0xa4, 0xa5, 0xa6, 0x00, 0x11, 0x12, 0x12, 0x12, 0x13,
  0x00, 0x00, 0x00, 0x00, 0x01, 0x02, 0x02, 0x03, 0x00, 0xa4, 0xa5, 0xa5, 0xa6, 0x00, 0x00, 0x00,
  // trees and fences
  0x11, 0x12, 0x12, 0x13, 0x00, 0x00, 0x00, 0x00, 0x00, 0x00, 0x00, 0x9c, 0x00, 0x8b, 0xaa, 0xaa,
  0xaa, 0xaa, 0x11, 0x12, 0x13, 0x8b, 0x00, 0x9c, 0x9c, 0x00, 0x00, 0x01, 0x02, 0x03, 0x11, 0x12,
  0x12, 0x13, 0x00, 0x00, 0x00, 0x00, 0xaa, 0xaa, 0x9c, 0xaa, 0x00, 0x8b, 0x00, 0x01, 0x02, 0x03,
  // BackSceneryMetatiles
  // cloud left
  0x80, 0x83, 0x00,
  // cloud middle
  0x81, 0x84, 0x00,
  // cloud right
  0x82, 0x85, 0x00,
  // bush left
  0x02, 0x00, 0x00,
  // bush middle
  0x03, 0x00, 0x00,
  // bush right
  0x04, 0x00, 0x00,
  // mountain left
  0x00, 0x05, 0x06,
  // mountain middle
  0x07, 0x06, 0x0a,
  // mountain right
  0x00, 0x08, 0x09,
  // fence
  0x4d, 0x00, 0x00,
  // tall tree
  0x0d, 0x0f, 0x4e,
  // short tree
  0x0e, 0x4e, 0x4e,
  // FSceneDataOffsets
  0x00, 0x0d, 0x1a,
  // ForeSceneryData
  // in water
  0x86, 0x87, 0x87, 0x87, 0x87, 0x87, 0x87, 0x87, 0x87, 0x87, 0x87, 0x69, 0x69,
  // wall
  0x00, 0x00, 0x00, 0x00, 0x00, 0x45, 0x47, 0x47, 0x47, 0x47, 0x47, 0x00, 0x00,
  // over water
  0x00, 0x00, 0x00, 0x00, 0x00, 0x00, 0x00, 0x00, 0x00, 0x00, 0x00, 0x86, 0x87,
  // TerrainMetatiles
  0x69, 0x54, 0x52, 0x62,
  // TerrainRenderBits
  // no ceiling or floor
  0x00, 0x00,
  // no ceiling, floor 2
  0x00, 0x18,
  // ceiling 1, floor 2
  0x01, 0x18,
  // ceiling 3, floor 2
  0x07, 0x18,
  // ceiling 4, floor 2
  0x0f, 0x18,
  // ceiling 8, floor 2
  0xff, 0x18,
  // ceiling 1, floor 5
  0x01, 0x1f,
  // ceiling 3, floor 5
  0x07, 0x1f,
  // ceiling 4, floor 5
  0x0f, 0x1f,
  // ceiling 1, floor 6
  0x81, 0x1f,
  // ceiling 1, no floor
  0x01, 0x00,
  // ceiling 4, floor 6
  0x8f, 0x1f,
  // ceiling 1, floor 9
  0xf1, 0x1f,
  // ceiling 1, middle 5, floor 2
  0xf9, 0x18,
  // ceiling 1, middle 4, floor 2
  0xf1, 0x18,
  // completely solid top to bottom
  0xff, 0x1f,
  // AreaParserCore
  0xad, 0x28, 0x07, 0xf0, 0x03, 0x20, 0x08, 0x95,
  // RenderSceneryTerrain
  0xa2, 0x0c, 0xa9, 0x00,
  // ClrMTBuf
  0x9d, 0xa1, 0x06, 0xca, 0x10, 0xfa, 0xac, 0x42, 0x07, 0xf0, 0x42, 0xad, 0x25, 0x07,
  // ThirdP
  0xc9, 0x03, 0x30, 0x05, 0x38, 0xe9, 0x03, 0x10, 0xf7,
  // RendBack
  0x0a, 0x0a, 0x0a, 0x0a, 0x79, 0xf6, 0x92, 0x6d, 0x26, 0x07, 0xaa, 0xbd, 0xfa, 0x92, 0xf0, 0x26,
  0x48, 0x29, 0x0f, 0x38, 0xe9, 0x01, 0x85, 0x00, 0x0a, 0x65, 0x00, 0xaa, 0x68, 0x4a, 0x4a, 0x4a,
  0x4a, 0xa8, 0xa9, 0x03, 0x85, 0x00,
  // SceLoop1
  0xbd, 0x8a, 0x93, 0x99, 0xa1, 0x06, 0xe8, 0xc8, 0xc0, 0x0b, 0xf0, 0x04, 0xc6, 0x00, 0xd0, 0xf0,
  // RendFore
  0xae, 0x41, 0x07, 0xf0, 0x13, 0xbc, 0xad, 0x93, 0xa2, 0x00,
  // SceLoop2
  0xb9, 0xb1, 0x93, 0xf0, 0x03, 0x9d, 0xa1, 0x06,
  // NoFore
  0xc8, 0xe8, 0xe0, 0x0d, 0xd0, 0xf2,
  // RendTerr
  0xac, 0x4e, 0x07, 0xd0, 0x0c, 0xad, 0x5f, 0x07, 0xc9, 0x07, 0xd0, 0x05, 0xa9, 0x62, 0x4c, 0x88,
  0x94,
  // TerMTile
  0xb9, 0xd8, 0x93, 0xac, 0x43, 0x07, 0xf0, 0x02, 0xa9, 0x88,
  // StoreMT
  0x85, 0x07, 0xa2, 0x00, 0xad, 0x27, 0x07, 0x0a, 0xa8,
  // TerrLoop
  0xb9, 0xdc, 0x93, 0x85, 0x00, 0xc8, 0x84, 0x01, 0xad, 0x43, 0x07, 0xf0, 0x0a, 0xe0, 0x00, 0xf0,
  0x06, 0xa5, 0x00, 0x29, 0x08, 0x85, 0x00,
  // NoCloud2
  0xa0, 0x00,
  // TerrBChk
  0xb9, 0x8a, 0xc6, 0x24, 0x00, 0xf0, 0x05, 0xa5, 0x07, 0x9d, 0xa1, 0x06,
  // NextTBit
  0xe8, 0xe0, 0x0d, 0xf0, 0x18, 0xad, 0x4e, 0x07, 0xc9, 0x02, 0xd0, 0x08, 0xe0, 0x0b, 0xd0, 0x04,
  0xa9, 0x54, 0x85, 0x07,
  // EndUChk
  0xc8, 0xc0, 0x08, 0xd0, 0xdb, 0xa4, 0x01, 0xd0, 0xbe,
  // RendBBuf
  0x20, 0x08, 0x95, 0xad, 0xa0, 0x06, 0x20, 0xe1, 0x9b, 0xa2, 0x00, 0xa0, 0x00,
  // ChkMTLow
  0x84, 0x00, 0xbd, 0xa1, 0x06, 0x29, 0xc0, 0x0a, 0x2a, 0x2a, 0xa8, 0xbd, 0xa1, 0x06, 0xd9, 0x04,
  0x95, 0xb0, 0x02, 0xa9, 0x00,
  // StrBlock
  0xa4, 0x00, 0x91, 0x06, 0x98, 0x18, 0x69, 0x10, 0xa8, 0xe8, 0xe0, 0x0d, 0x90, 0xdd, 0x60,
  // BlockBuffLowBounds
  // numbers lower than these with the same attribute bits
  // will not be stored in the block buffer
  0x10, 0x51, 0x88, 0xc0,
  // ProcessAreaData
  0xa2, 0x02,
  // ProcADLoop
  0x86, 0x08, 0xa9, 0x00, 0x8d, 0x29, 0x07, 0xac, 0x2c, 0x07, 0xb1, 0xe7, 0xc9, 0xfd, 0xf0, 0x4b,
  0xbd, 0x30, 0x07, 0x10, 0x46, 0xc8, 0xb1, 0xe7, 0x0a, 0x90, 0x0b, 0xad, 0x2b, 0x07, 0xd0, 0x06,
  0xee, 0x2b, 0x07, 0xee, 0x2a, 0x07,
  // Chk1Row13
  0x88, 0xb1, 0xe7, 0x29, 0x0f, 0xc9, 0x0d, 0xd0, 0x1b, 0xc8, 0xb1, 0xe7, 0x88, 0x29, 0x40, 0xd0,
  0x1c, 0xad, 0x2b, 0x07, 0xd0, 0x17, 0xc8, 0xb1, 0xe7, 0x29, 0x1f, 0x8d, 0x2a, 0x07, 0xee, 0x2b,
  0x07, 0x4c, 0x6e, 0x95,
  // Chk1Row14
  0xc9, 0x0e, 0xd0, 0x05, 0xad, 0x28, 0x07, 0xd0, 0x08,
  // CheckRear
  0xad, 0x2a, 0x07, 0xcd, 0x25, 0x07, 0x90, 0x06,
  // RdyDecode
  0x20, 0x95, 0x95, 0x4c, 0x71, 0x95,
  // SetBehind
  0xee, 0x29, 0x07,
  // NextAObj
  0x20, 0x89, 0x95,
  // ChkLength
  0xa6, 0x08, 0xbd, 0x30, 0x07, 0x30, 0x03, 0xde, 0x30, 0x07,
  // ProcLoopb
  0xca, 0x10, 0x8c, 0xad, 0x29, 0x07, 0xd0, 0x85, 0xad, 0x28, 0x07, 0xd0, 0x80,
  // EndAParse
  0x60,
  // IncAreaObjOffset
  0xee, 0x2c, 0x07, 0xee, 0x2c, 0x07, 0xa9, 0x00, 0x8d, 0x2b, 0x07, 0x60,
  // DecodeAreaData
  0xbd, 0x30, 0x07, 0x30, 0x03, 0xbc, 0x2d, 0x07,
  // Chk1stB
  0xa2, 0x10, 0xb1, 0xe7, 0xc9, 0xfd, 0xf0, 0xe3, 0x29, 0x0f, 0xc9, 0x0f, 0xf0, 0x08, 0xa2, 0x08,
  0xc9, 0x0c, 0xf0, 0x02, 0xa2, 0x00,
  // ChkRow14
  0x86, 0x07, 0xa6, 0x08, 0xc9, 0x0e, 0xd0, 0x08, 0xa9, 0x00, 0x85, 0x07, 0xa9, 0x2e, 0xd0, 0x53,
  // ChkRow13
  0xc9, 0x0d, 0xd0, 0x1b, 0xa9, 0x22, 0x85, 0x07, 0xc8, 0xb1, 0xe7, 0x29, 0x40, 0xf0, 0x63, 0xb1,
  0xe7, 0x29, 0x7f, 0xc9, 0x4b, 0xd0, 0x03, 0xee, 0x45, 0x07,
  // Mask2MSB
  0x29, 0x3f, 0x4c, 0x16, 0x96,
  // ChkSRows
  0xc9, 0x0c, 0xb0, 0x27, 0xc8, 0xb1, 0xe7, 0x29, 0x70, 0xd0, 0x0b, 0xa9, 0x16, 0x85, 0x07, 0xb1,
  0xe7, 0x29, 0x0f, 0x4c, 0x16, 0x96,
  // LrgObj
  0x85, 0x00, 0xc9, 0x70, 0xd0, 0x0a, 0xb1, 0xe7, 0x29, 0x08, 0xf0, 0x04, 0xa9, 0x00, 0x85, 0x00,
  // NotWPipe
  0xa5, 0x00, 0x4c, 0x12, 0x96,
  // SpecObj
  0xc8, 0xb1, 0xe7, 0x29, 0x70,
  // MoveAOId
  0x4a, 0x4a, 0x4a, 0x4a,
  // NormObj
  0x85, 0x00, 0xbd, 0x30, 0x07, 0x10, 0x42, 0xad, 0x2a, 0x07, 0xcd, 0x25, 0x07, 0xf0, 0x11, 0xac,
  0x2c, 0x07, 0xb1, 0xe7, 0x29, 0x0f, 0xc9, 0x0e, 0xd0, 0x05, 0xad, 0x28, 0x07, 0xd0, 0x21,
  // LeavePar
  0x60,
  // InitRear
  0xad, 0x28, 0x07, 0xf0, 0x0b, 0xa9, 0x00, 0x8d, 0x28, 0x07, 0x8d, 0x29, 0x07, 0x85, 0x08,
  // LoopCmdE
  0x60,
  // BackColC
  0xac, 0x2c, 0x07, 0xb1, 0xe7, 0x29, 0xf0, 0x4a, 0x4a, 0x4a, 0x4a, 0xcd, 0x26, 0x07, 0xd0, 0xdf,
  // StrAObj
  0xad, 0x2c, 0x07, 0x9d, 0x2d, 0x07, 0x20, 0x89, 0x95,
  // RunAObj
  0xa5, 0x00, 0x18, 0x65, 0x07, 0x20, 0x04, 0x8e,
  // large objects (rows $00-$0b or 00-11, d6-d4 set)
  // used by warp pipes
  0xe5, 0x98, 0x40, 0x97, 0x2e, 0x9a, 0x3e, 0x9a, 0xf2, 0x99, 0x50, 0x9a, 0x59, 0x9a,
  // used by decoration pipes
  0xe5, 0x98,
  // objects for special row $0c or 12
  0x41, 0x9b, 0xba, 0x97, 0x79, 0x99, 0x7c, 0x99, 0x7f, 0x99, 0x57, 0x99, 0x68, 0x99, 0x6b, 0x99,
  // objects for special row $0f or 15
  0xd0, 0x99, 0xd7, 0x99, 0x06, 0x98, 0xb7, 0x9a, 0xab, 0x98, 0x94, 0x99,
  // small objects (rows $00-$0b or 00-11, d6-d4 all clear)
  // power-up
  0x0e, 0x9b,
  // coin
  0x0e, 0x9b,
  // hidden, coin
  0x0e, 0x9b,
  // hidden, 1-up
  0x01, 0x9b,
  // brick, power-up
  0x19, 0x9b,
  // brick, vine
  0x19, 0x9b,
  // brick, star
  0x19, 0x9b,
  // brick, coins
  0x14, 0x9b,
  // brick, 1-up
  0x19, 0x9b, 0x6f, 0x98, 0x19, 0x9a, 0xd3, 0x9a,
  // objects for special row $0d or 13 (d6 set)
  0x82, 0x98, 0x9e, 0x99, 0x09, 0x9a, 0x0e, 0x9a, 0x01, 0x9a, 0xf2, 0x96, 0x0d, 0x97, 0x0d, 0x97,
  // flying cheep-cheeps 
  0x2b, 0x97,
  // bullet bills or swimming cheep-cheeps
  0x2b, 0x97,
  // stop frenzy
  0x2b, 0x97, 0x45, 0x96,
  // object for special row $0e or 14
  0xc5, 0x96,
  // AlterAreaAttributes
  0xbc, 0x2d, 0x07, 0xc8, 0xb1, 0xe7, 0x48, 0x29, 0x40, 0xd0, 0x12, 0x68, 0x48, 0x29, 0x0f, 0x8d,
  0x27, 0x07, 0x68, 0x29, 0x30, 0x4a, 0x4a, 0x4a, 0x4a, 0x8d, 0x42, 0x07, 0x60,
  // Alter2
  0x68, 0x29, 0x07, 0xc9, 0x04, 0x90, 0x05, 0x8d, 0x44, 0x07, 0xa9, 0x00,
  // SetFore
  0x8d, 0x41, 0x07, 0x60,
  // ScrollLockObject_Warp
  0xa2, 0x04, 0xad, 0x5f, 0x07, 0xf0, 0x08, 0xe8, 0xac, 0x4e, 0x07, 0x88, 0xd0, 0x01, 0xe8,
  // WarpNum
  0x8a, 0x8d, 0xd6, 0x06, 0x20, 0x08, 0x88, 0xa9, 0x0d, 0x20, 0x16, 0x97,
  // ScrollLockObject
  0xad, 0x23, 0x07, 0x49, 0x01, 0x8d, 0x23, 0x07, 0x60,
  // KillEnemies
  0x85, 0x00, 0xa9, 0x00, 0xa2, 0x04,
  // KillELoop
  0xb4, 0x16, 0xc4, 0x00, 0xd0, 0x02, 0x95, 0x0f,
  // NoKillE
  0xca, 0x10, 0xf5, 0x60,
  // FrenzyIDData
  // --------------------------------
  0x14, 0x17, 0x18,
  // AreaFrenzy
  0xa6, 0x00, 0xbd, 0x20, 0x97, 0xa0, 0x05,
  // FreCompLoop
  0x88, 0x30, 0x07, 0xd9, 0x16, 0x00, 0xd0, 0xf8, 0xa9, 0x00,
  // ExitAFrenzy
  0x8d, 0xcd, 0x06, 0x60,
  // AreaStyleObject
  0xad, 0x33, 0x07, 0x20, 0x04, 0x8e,
  // also used for cloud type levels
  0x4c, 0x97, 0x78, 0x97, 0x69, 0x9a,
  // TreeLedge
  0x20, 0xbb, 0x9b, 0xbd, 0x30, 0x07, 0xf0, 0x1f, 0x10, 0x11, 0x98, 0x9d, 0x30, 0x07, 0xad, 0x25,
  0x07, 0x0d, 0x26, 0x07, 0xf0, 0x05, 0xa9, 0x16, 0x4c, 0xb0, 0x97,
  // MidTreeL
  0xa6, 0x07, 0xa9, 0x17, 0x9d, 0xa1, 0x06, 0xa9, 0x4c, 0x4c, 0xaa, 0x97,
  // EndTreeL
  0xa9, 0x18, 0x4c, 0xb0, 0x97,
  // MushroomLedge
  0x20, 0xac, 0x9b, 0x84, 0x06, 0x90, 0x0c, 0xbd, 0x30, 0x07, 0x4a, 0x9d, 0x36, 0x07, 0xa9, 0x19,
  0x4c, 0xb0, 0x97,
  // EndMushL
  0xa9, 0x1b, 0xbc, 0x30, 0x07, 0xf0, 0x1e, 0xbd, 0x36, 0x07, 0x85, 0x06, 0xa6, 0x07, 0xa9, 0x1a,
  0x9d, 0xa1, 0x06, 0xc4, 0x06, 0xd0, 0x2c, 0xe8, 0xa9, 0x4f, 0x9d, 0xa1, 0x06, 0xa9, 0x50,
  // AllUnder
  0xe8, 0xa0, 0x0f, 0x4c, 0x7d, 0x9b,
  // NoUnder
  0xa6, 0x07, 0xa0, 0x00, 0x4c, 0x7d, 0x9b,
  // PulleyRopeMetatiles
  // --------------------------------
  // tiles used by pulleys and rope object
  0x42, 0x41, 0x43,
  // PulleyRopeObject
  0x20, 0xac, 0x9b, 0xa0, 0x00, 0xb0, 0x07, 0xc8, 0xbd, 0x30, 0x07, 0xd0, 0x01, 0xc8,
  // RenderPul
  0xb9, 0xb7, 0x97, 0x8d, 0xa1, 0x06,
  // MushLExit
  0x60,
  // CastleMetatiles
  // --------------------------------
  // $06 - used to store upper limit of rows for CastleObject
  0x00, 0x45, 0x45, 0x45, 0x00, 0x00, 0x48, 0x47, 0x46, 0x00, 0x45, 0x49, 0x49, 0x49, 0x45, 0x47,
  0x47, 0x4a, 0x47, 0x47, 0x47, 0x47, 0x4b, 0x47, 0x47, 0x49, 0x49, 0x49, 0x49, 0x49, 0x47, 0x4a,
  0x47, 0x4a, 0x47, 0x47, 0x4b, 0x47, 0x4b, 0x47, 0x47, 0x47, 0x47, 0x47, 0x47, 0x4a, 0x47, 0x4a,
  0x47, 0x4a, 0x4b, 0x47, 0x4b, 0x47, 0x4b,
  // CastleObject
  0x20, 0xbb, 0x9b, 0x84, 0x07, 0xa0, 0x04, 0x20, 0xaf, 0x9b, 0x8a, 0x48, 0xbc, 0x30, 0x07, 0xa6,
  0x07, 0xa9, 0x0b, 0x85, 0x06,
  // CRendLoop
  0xb9, 0xcf, 0x97, 0x9d, 0xa1, 0x06, 0xe8, 0xa5, 0x06, 0xf0, 0x07, 0xc8, 0xc8, 0xc8, 0xc8, 0xc8,
  0xc6, 0x06,
  // ChkCFloor
  0xe0, 0x0b, 0xd0, 0xea, 0x68, 0xaa, 0xad, 0x25, 0x07, 0xf0, 0x36, 0xbd, 0x30, 0x07, 0xc9, 0x01,
  0xf0, 0x2a, 0xa4, 0x07, 0xd0, 0x04, 0xc9, 0x03, 0xf0, 0x22,
  // NotTall
  0xc9, 0x02, 0xd0, 0x23, 0x20, 0xcb, 0x9b, 0x48, 0x20, 0x4a, 0x99, 0x68, 0x95, 0x87, 0xad, 0x25,
  0x07, 0x95, 0x6e, 0xa9, 0x01, 0x95, 0xb6, 0x95, 0x0f, 0xa9, 0x90, 0x95, 0xcf, 0xa9, 0x31, 0x95,
  0x16, 0x60,
  // PlayerStop
  0xa0, 0x52, 0x8c, 0xab, 0x06,
  // ExitCastle
  0x60,
  // WaterPipe
  0x20, 0xbb, 0x9b, 0xbc, 0x30, 0x07, 0xa6, 0x07, 0xa9, 0x6b, 0x9d, 0xa1, 0x06, 0xa9, 0x6c, 0x9d,
  0xa2, 0x06, 0x60,
  // IntroPipe
  0xa0, 0x03, 0x20, 0xaf, 0x9b, 0xa0, 0x0a, 0x20, 0xb3, 0x98, 0xb0, 0x10, 0xa2, 0x06,
  // VPipeSectLoop
  0xa9, 0x00, 0x9d, 0xa1, 0x06, 0xca, 0x10, 0xf8, 0xb9, 0xdd, 0x98, 0x8d, 0xa8, 0x06,
  // NoBlankP
  0x60,
  // SidePipeShaftData
  // used to control whether or not vertical pipe shaft
  0x15, 0x14,
  // is drawn, and if so, controls the metatile number
  0x00, 0x00,
  // SidePipeTopPart
  // top part of sideways part of pipe
  0x15, 0x1e, 0x1d, 0x1c,
  // SidePipeBottomPart
  // bottom part of sideways part of pipe
  0x15, 0x21, 0x20, 0x1f,
  // ExitPipe
  0xa0, 0x03, 0x20, 0xaf, 0x9b, 0x20, 0xbb, 0x9b,
  // RenderSidewaysPipe
  0x88, 0x88, 0x84, 0x05, 0xbc, 0x30, 0x07, 0x84, 0x06, 0xa6, 0x05, 0xe8, 0xb9, 0x9f, 0x98, 0xc9,
  0x00, 0xf0, 0x08, 0xa2, 0x00, 0xa4, 0x05, 0x20, 0x7d, 0x9b, 0x18,
  // DrawSidePart
  0xa4, 0x06, 0xb9, 0xa3, 0x98, 0x9d, 0xa1, 0x06, 0xb9, 0xa7, 0x98, 0x9d, 0xa2, 0x06, 0x60,
  // VerticalPipeData
  // used by pipes that lead somewhere
  0x11, 0x10, 0x15, 0x14,
  // used by decoration pipes
  0x13, 0x12, 0x15, 0x14,
  // VerticalPipe
  0x20, 0x39, 0x99, 0xa5, 0x00, 0xf0, 0x04, 0xc8, 0xc8, 0xc8, 0xc8,
  // WarpPipe
  0x98, 0x48, 0xad, 0x60, 0x07, 0x0d, 0x5f, 0x07, 0xf0, 0x2b, 0xbc, 0x30, 0x07, 0xf0, 0x26, 0x20,
  0x4a, 0x99, 0xb0, 0x21, 0x20, 0xcb, 0x9b, 0x18, 0x69, 0x08, 0x95, 0x87, 0xad, 0x25, 0x07, 0x69,
  0x00, 0x95, 0x6e, 0xa9, 0x01, 0x95, 0xb6, 0x95, 0x0f, 0x20, 0xd3, 0x9b, 0x95, 0xcf, 0xa9, 0x0d,
  0x95, 0x16, 0x20, 0x87, 0xc7,
  // DrawPipe
  0x68, 0xa8, 0xa6, 0x07, 0xb9, 0xdd, 0x98, 0x9d, 0xa1, 0x06, 0xe8, 0xb9, 0xdf, 0x98, 0xa4, 0x06,
  0x88, 0x4c, 0x7d, 0x9b,
  // GetPipeHeight
  0xa0, 0x01, 0x20, 0xaf, 0x9b, 0x20, 0xbb, 0x9b, 0x98, 0x29, 0x07, 0x85, 0x06, 0xbc, 0x30, 0x07,
  0x60,
  // FindEmptyEnemySlot
  0xa2, 0x00,
  // EmptyChkLoop
  0x18, 0xb5, 0x0f, 0xf0, 0x05, 0xe8, 0xe0, 0x05, 0xd0, 0xf6,
  // ExitEmptyChk
  0x60,
  // Hole_Water
  0x20, 0xac, 0x9b, 0xa9, 0x86, 0x8d, 0xab, 0x06, 0xa2, 0x0b, 0xa0, 0x01, 0xa9, 0x87, 0x4c, 0x7d,
  0x9b,
  // QuestionBlockRow_High
  0xa9, 0x03,
  // BIT instruction opcode
  0x2c,
  // QuestionBlockRow_Low
  0xa9, 0x07, 0x48, 0x20, 0xac, 0x9b, 0x68, 0xaa, 0xa9, 0xc0, 0x9d, 0xa1, 0x06, 0x60,
  // Bridge_High
  0xa9, 0x06,
  // BIT instruction opcode
  0x2c,
  // Bridge_Middle
  0xa9, 0x07,
  // BIT instruction opcode
  0x2c,
  // Bridge_Low
  0xa9, 0x09, 0x48, 0x20, 0xac, 0x9b, 0x68, 0xaa, 0xa9, 0x0b, 0x9d, 0xa1, 0x06, 0xe8, 0xa0, 0x00,
  0xa9, 0x63, 0x4c, 0x7d, 0x9b,
  // FlagBalls_Residual
  0x20, 0xbb, 0x9b, 0xa2, 0x02, 0xa9, 0x6d, 0x4c, 0x7d, 0x9b,
  // FlagpoleObject
  0xa9, 0x24, 0x8d, 0xa1, 0x06, 0xa2, 0x01, 0xa0, 0x08, 0xa9, 0x25, 0x20, 0x7d, 0x9b, 0xa9, 0x61,
  0x8d, 0xab, 0x06, 0x20, 0xcb, 0x9b, 0x38, 0xe9, 0x08, 0x85, 0x8c, 0xad, 0x25, 0x07, 0xe9, 0x00,
  0x85, 0x73, 0xa9, 0x30, 0x85, 0xd4, 0xa9, 0xb0, 0x8d, 0x0d, 0x01, 0xa9, 0x30, 0x85, 0x1b, 0xe6,
  0x14, 0x60,
  // EndlessRope
  0xa2, 0x00, 0xa0, 0x0f, 0x4c, 0xe9, 0x99,
  // BalancePlatRope
  0x8a, 0x48, 0xa2, 0x01, 0xa0, 0x0f, 0xa9, 0x44, 0x20, 0x7d, 0x9b, 0x68, 0xaa, 0x20, 0xbb, 0x9b,
  0xa2, 0x01,
  // DrawRope
  0xa9, 0x40, 0x4c, 0x7d, 0x9b,
  // CoinMetatileData
  // --------------------------------
  0xc3, 0xc2, 0xc2, 0xc2,
  // RowOfCoins
  0xac, 0x4e, 0x07, 0xb9, 0xee, 0x99, 0x4c, 0x44, 0x9a,
  // C_ObjectRow
  // --------------------------------
  0x06, 0x07, 0x08,
  // C_ObjectMetatile
  0xc5, 0x0c, 0x89,
  // CastleBridgeObj
  0xa0, 0x0c, 0x20, 0xaf, 0x9b, 0x4c, 0x0e, 0x9a,
  // AxeObj
  0xa9, 0x08, 0x8d, 0x73, 0x07,
  // ChainObj
  0xa4, 0x00, 0xbe, 0xf9, 0x99, 0xb9, 0xfc, 0x99, 0x4c, 0x20, 0x9a,
  // EmptyBlock
  0x20, 0xbb, 0x9b, 0xa6, 0x07, 0xa9, 0xc4,
  // ColObj
  0xa0, 0x00, 0x4c, 0x7d, 0x9b,
  // SolidBlockMetatiles
  // --------------------------------
  0x69, 0x61, 0x61, 0x62,
  // BrickMetatiles
  0x22, 0x51, 0x52, 0x52,
  // used only by row of bricks object
  0x88,
  // RowOfBricks
  0xac, 0x4e, 0x07, 0xad, 0x43, 0x07, 0xf0, 0x02, 0xa0, 0x04,
  // DrawBricks
  0xb9, 0x29, 0x9a, 0x4c, 0x44, 0x9a,
  // RowOfSolidBlocks
  0xac, 0x4e, 0x07, 0xb9, 0x25, 0x9a,
  // GetRow
  0x48, 0x20, 0xac, 0x9b,
  // DrawRow
  0xa6, 0x07, 0xa0, 0x00, 0x68, 0x4c, 0x7d, 0x9b,
  // ColumnOfBricks
  0xac, 0x4e, 0x07, 0xb9, 0x29, 0x9a, 0x4c, 0x5f, 0x9a,
  // ColumnOfSolidBlocks
  0xac, 0x4e, 0x07, 0xb9, 0x25, 0x9a,
  // GetRow2
  0x48, 0x20, 0xbb, 0x9b, 0x68, 0xa6, 0x07, 0x4c, 0x7d, 0x9b,
  // BulletBillCannon
  0x20, 0xbb, 0x9b, 0xa6, 0x07, 0xa9, 0x64, 0x9d, 0xa1, 0x06, 0xe8, 0x88, 0x30, 0x0e, 0xa9, 0x65,
  0x9d, 0xa1, 0x06, 0xe8, 0x88, 0x30, 0x05, 0xa9, 0x66, 0x20, 0x7d, 0x9b,
  // SetupCannon
  0xae, 0x6a, 0x04, 0x20, 0xd3, 0x9b, 0x9d, 0x77, 0x04, 0xad, 0x25, 0x07, 0x9d, 0x6b, 0x04, 0x20,
  0xcb, 0x9b, 0x9d, 0x71, 0x04, 0xe8, 0xe0, 0x06, 0x90, 0x02, 0xa2, 0x00,
  // StrCOffset
  0x8e, 0x6a, 0x04, 0x60,
  // StaircaseHeightData
  // --------------------------------
  0x07, 0x07, 0x06, 0x05, 0x04, 0x03, 0x02, 0x01, 0x00,
  // StaircaseRowData
  0x03, 0x03, 0x04, 0x05, 0x06, 0x07, 0x08, 0x09, 0x0a,
  // StaircaseObject
  0x20, 0xac, 0x9b, 0x90, 0x05, 0xa9, 0x09, 0x8d, 0x34, 0x07,
  // NextStair
  0xce, 0x34, 0x07, 0xac, 0x34, 0x07, 0xbe, 0xae, 0x9a, 0xb9, 0xa5, 0x9a, 0xa8, 0xa9, 0x61, 0x4c,
  0x7d, 0x9b,
  // Jumpspring
  0x20, 0xbb, 0x9b, 0x20, 0x4a, 0x99, 0x20, 0xcb, 0x9b, 0x95, 0x87, 0xad, 0x25, 0x07, 0x95, 0x6e,
  0x20, 0xd3, 0x9b, 0x95, 0xcf, 0x95, 0x58, 0xa9, 0x32, 0x95, 0x16, 0xa0, 0x01, 0x94, 0xb6, 0xf6,
  0x0f, 0xa6, 0x07, 0xa9, 0x67, 0x9d, 0xa1, 0x06, 0xa9, 0x68, 0x9d, 0xa2, 0x06, 0x60,
  // Hidden1UpBlock
  0xad, 0x5d, 0x07, 0xf0, 0x36, 0xa9, 0x00, 0x8d, 0x5d, 0x07, 0x4c, 0x19, 0x9b,
  // QuestionBlock
  0x20, 0x36, 0x9b, 0x4c, 0x2c, 0x9b,
  // BrickWithCoins
  0xa9, 0x00, 0x8d, 0xbc, 0x06,
  // BrickWithItem
  0x20, 0x36, 0x9b, 0x84, 0x07, 0xa9, 0x00, 0xac, 0x4e, 0x07, 0x88, 0xf0, 0x02, 0xa9, 0x05,
  // BWithL
  0x18, 0x65, 0x07, 0xa8,
  // DrawQBlk
  0xb9, 0xe8, 0xbd, 0x48, 0x20, 0xbb, 0x9b, 0x4c, 0x48, 0x9a,
  // GetAreaObjectID
  0xa5, 0x00, 0x38, 0xe9, 0x00, 0xa8,
  // ExitDecBlock
  0x60,
  // HoleMetatiles
  // --------------------------------
  0x87, 0x00, 0x00, 0x00,
  // Hole_Empty
  0x20, 0xac, 0x9b, 0x90, 0x2d, 0xad, 0x4e, 0x07, 0xd0, 0x28, 0xae, 0x6a, 0x04, 0x20, 0xcb, 0x9b,
  0x38, 0xe9, 0x10, 0x9d, 0x71, 0x04, 0xad, 0x25, 0x07, 0xe9, 0x00, 0x9d, 0x6b, 0x04, 0xc8, 0xc8,
  0x98, 0x0a, 0x0a, 0x0a, 0x0a, 0x9d, 0x77, 0x04, 0xe8, 0xe0, 0x05, 0x90, 0x02, 0xa2, 0x00,
  // StrWOffset
  0x8e, 0x6a, 0x04,
  // NoWhirlP
  0xae, 0x4e, 0x07, 0xbd, 0x3d, 0x9b, 0xa2, 0x08, 0xa0, 0x0f,
  // RenderUnderPart
  0x8c, 0x35, 0x07, 0xbc, 0xa1, 0x06, 0xf0, 0x18, 0xc0, 0x17, 0xf0, 0x17, 0xc0, 0x1a, 0xf0, 0x13,
  0xc0, 0xc0, 0xf0, 0x0c, 0xc0, 0xc0, 0xb0, 0x0b, 0xc0, 0x54, 0xd0, 0x04, 0xc9, 0x50, 0xf0, 0x03,
  // DrawThisRow
  0x9d, 0xa1, 0x06,
  // WaitOneRow
  0xe8, 0xe0, 0x0d, 0xb0, 0x06, 0xac, 0x35, 0x07, 0x88, 0x10, 0xd2,
  // ExitUPartR
  0x60,
  // ChkLrgObjLength
  0x20, 0xbb, 0x9b,
  // ChkLrgObjFixedLength
  0xbd, 0x30, 0x07, 0x18, 0x10, 0x05, 0x98, 0x9d, 0x30, 0x07, 0x38,
  // LenSet
  0x60,
  // GetLrgObjAttrib
  0xbc, 0x2d, 0x07, 0xb1, 0xe7, 0x29, 0x0f, 0x85, 0x07, 0xc8, 0xb1, 0xe7, 0x29, 0x0f, 0xa8, 0x60,
  // GetAreaObjXPosition
  0xad, 0x26, 0x07, 0x0a, 0x0a, 0x0a, 0x0a, 0x60,
  // GetAreaObjYPosition
  0xa5, 0x07, 0x0a, 0x0a, 0x0a, 0x0a, 0x18, 0x69, 0x20, 0x60,
  // BlockBufferAddr
  // -------------------------------------------------------------------------------------
  // $06-$07 - used to store block buffer address used as indirect
  0x00, 0xd0, 0x05, 0x05,
  // GetBlockBufferAddr
  0x48, 0x4a, 0x4a, 0x4a, 0x4a, 0xa8, 0xb9, 0xdf, 0x9b, 0x85, 0x07, 0x68, 0x29, 0x0f, 0x18, 0x79,
  0xdd, 0x9b, 0x85, 0x06, 0x60,
  // -------------------------------------------------------------------------------------
  // unused space
  0xff, 0xff,
  // AreaDataOfsLoopback
  // -------------------------------------------------------------------------------------
  0x12, 0x36, 0x0e, 0x0e, 0x0e, 0x32, 0x32, 0x32, 0x0a, 0x26, 0x40,
  // LoadAreaPointer
  0x20, 0x13, 0x9c, 0x8d, 0x50, 0x07,
  // GetAreaType
  0x29, 0x60, 0x0a, 0x2a, 0x2a, 0x2a, 0x8d, 0x4e, 0x07, 0x60,
  // FindAreaPointer
  0xac, 0x5f, 0x07, 0xb9, 0xb4, 0x9c, 0x18, 0x6d, 0x60, 0x07, 0xa8, 0xb9, 0xbc, 0x9c, 0x60,
  // GetAreaDataAddrs
  0xad, 0x50, 0x07, 0x20, 0x09, 0x9c, 0xa8, 0xad, 0x50, 0x07, 0x29, 0x1f, 0x8d, 0x4f, 0x07, 0xb9,
  0xe0, 0x9c, 0x18, 0x6d, 0x4f, 0x07, 0xa8, 0xb9, 0xe4, 0x9c, 0x85, 0xe9, 0xb9, 0x06, 0x9d, 0x85,
  0xea, 0xac, 0x4e, 0x07, 0xb9, 0x28, 0x9d, 0x18, 0x6d, 0x4f, 0x07, 0xa8, 0xb9, 0x2c, 0x9d, 0x85,
  0xe7, 0xb9, 0x4e, 0x9d, 0x85, 0xe8, 0xa0, 0x00, 0xb1, 0xe7, 0x48, 0x29, 0x07, 0xc9, 0x04, 0x90,
  0x05, 0x8d, 0x44, 0x07, 0xa9, 0x00,
  // StoreFore
  0x8d, 0x41, 0x07, 0x68, 0x48, 0x29, 0x38, 0x4a, 0x4a, 0x4a, 0x8d, 0x10, 0x07, 0x68, 0x29, 0xc0,
  0x18, 0x2a, 0x2a, 0x2a, 0x8d, 0x15, 0x07, 0xc8, 0xb1, 0xe7, 0x48, 0x29, 0x0f, 0x8d, 0x27, 0x07,
  0x68, 0x48, 0x29, 0x30, 0x4a, 0x4a, 0x4a, 0x4a, 0x8d, 0x42, 0x07, 0x68, 0x29, 0xc0, 0x18, 0x2a,
  0x2a, 0x2a, 0xc9, 0x03, 0xd0, 0x05, 0x8d, 0x43, 0x07, 0xa9, 0x00,
  // StoreStyle
  0x8d, 0x33, 0x07, 0xa5, 0xe7, 0x18, 0x69, 0x02, 0x85, 0xe7, 0xa5, 0xe8, 0x69, 0x00, 0x85, 0xe8,
  0x60,
  // WorldAddrOffsets
  // -------------------------------------------------------------------------------------
  // GAME LEVELS DATA
  0x00, 0x05, 0x0a, 0x0e, 0x13, 0x17, 0x1b, 0x20,
  // AreaAddrOffsets, World1Areas
  0x25, 0x29, 0xc0, 0x26, 0x60,
  // World2Areas
  0x28, 0x29, 0x01, 0x27, 0x62,
  // World3Areas
  0x24, 0x35, 0x20, 0x63,
  // World4Areas
  0x22, 0x29, 0x41, 0x2c, 0x61,
  // World5Areas
  0x2a, 0x31, 0x26, 0x62,
  // World6Areas
  0x2e, 0x23, 0x2d, 0x60,
  // World7Areas
  0x33, 0x29, 0x01, 0x27, 0x64,
  // World8Areas
  0x30, 0x32, 0x21, 0x65,
  // EnemyAddrHOffsets
  // bonus area data offsets, included here for comparison purposes
  // underground bonus area  - c2
  // cloud area 1 (day)      - 2b
  // cloud area 2 (night)    - 34
  // water area (5-2/6-2)    - 00
  // water area (8-4)        - 02
  // warp zone area (4-2)    - 2f
  0x1f, 0x06, 0x1c, 0x00,
  // EnemyDataAddrLow
  0x70, 0x97, 0xb0, 0xdf, 0x0a, 0x1f, 0x59, 0x7e, 0x9b, 0xa9, 0xd0, 0x01, 0x1f, 0x3c, 0x51, 0x7b,
  0x7c, 0xa0, 0xa9, 0xce, 0xf1, 0xfa, 0xfb, 0x35, 0x60, 0x8e, 0xaa, 0xb3, 0xd8, 0x05, 0x33, 0x60,
  0x71, 0x9b,
  // EnemyDataAddrHigh
  0x9d, 0x9d, 0x9d, 0x9d, 0x9e, 0x9e, 0x9e, 0x9e, 0x9e, 0x9e, 0x9e, 0x9f, 0x9f, 0x9f, 0x9f, 0x9f,
  0x9f, 0x9f, 0x9f, 0x9f, 0x9f, 0x9f, 0x9f, 0xa0, 0xa0, 0xa0, 0xa0, 0xa0, 0xa0, 0xa1, 0xa1, 0xa1,
  0xa1, 0xa1,
  // AreaDataHOffsets
  0x00, 0x03, 0x19, 0x1c,
  // AreaDataAddrLow
  0x06, 0x45, 0xc0, 0x6b, 0xce, 0x37, 0x8a, 0x19, 0x8e, 0xf3, 0x48, 0xcd, 0x32, 0x3b, 0x7a, 0x8f,
  0xf6, 0x5b, 0xce, 0xff, 0x92, 0x05, 0x7e, 0xd7, 0x02, 0x35, 0xd8, 0x79, 0xaf, 0x10, 0x8f, 0x02,
  0x6f, 0xfa,
  // AreaDataAddrHigh
  0xae, 0xae, 0xae, 0xa4, 0xa4, 0xa5, 0xa5, 0xa6, 0xa6, 0xa6, 0xa7, 0xa7, 0xa8, 0xa8, 0xa8, 0xa8,
  0xa8, 0xa9, 0xa9, 0xa9, 0xaa, 0xab, 0xab, 0xab, 0xac, 0xac, 0xac, 0xad, 0xa1, 0xa2, 0xa2, 0xa3,
  0xa3, 0xa3,
  // E_CastleArea1
  // ENEMY OBJECT DATA
  // level 1-4/6-4
  0x76, 0xdd, 0xbb, 0x4c, 0xea, 0x1d, 0x1b, 0xcc, 0x56, 0x5d, 0x16, 0x9d, 0xc6, 0x1d, 0x36, 0x9d,
  0xc9, 0x1d, 0x04, 0xdb, 0x49, 0x1d, 0x84, 0x1b, 0xc9, 0x5d, 0x88, 0x95, 0x0f, 0x08, 0x30, 0x4c,
  0x78, 0x2d, 0xa6, 0x28, 0x90, 0xb5, 0xff,
  // E_CastleArea2
  // level 4-4
  0x0f, 0x03, 0x56, 0x1b, 0xc9, 0x1b, 0x0f, 0x07, 0x36, 0x1b, 0xaa, 0x1b, 0x48, 0x95, 0x0f, 0x0a,
  0x2a, 0x1b, 0x5b, 0x0c, 0x78, 0x2d, 0x90, 0xb5, 0xff,
  // E_CastleArea3
  // level 2-4/5-4
  0x0b, 0x8c, 0x4b, 0x4c, 0x77, 0x5f, 0xeb, 0x0c, 0xbd, 0xdb, 0x19, 0x9d, 0x75, 0x1d, 0x7d, 0x5b,
  0xd9, 0x1d, 0x3d, 0xdd, 0x99, 0x1d, 0x26, 0x9d, 0x5a, 0x2b, 0x8a, 0x2c, 0xca, 0x1b, 0x20, 0x95,
  0x7b, 0x5c, 0xdb, 0x4c, 0x1b, 0xcc, 0x3b, 0xcc, 0x78, 0x2d, 0xa6, 0x28, 0x90, 0xb5, 0xff,
  // E_CastleArea4
  // level 3-4
  0x0b, 0x8c, 0x3b, 0x1d, 0x8b, 0x1d, 0xab, 0x0c, 0xdb, 0x1d, 0x0f, 0x03, 0x65, 0x1d, 0x6b, 0x1b,
  0x05, 0x9d, 0x0b, 0x1b, 0x05, 0x9b, 0x0b, 0x1d, 0x8b, 0x0c, 0x1b, 0x8c, 0x70, 0x15, 0x7b, 0x0c,
  0xdb, 0x0c, 0x0f, 0x08, 0x78, 0x2d, 0xa6, 0x28, 0x90, 0xb5, 0xff,
  // E_CastleArea5
  // level 7-4
  0x27, 0xa9, 0x4b, 0x0c, 0x68, 0x29, 0x0f, 0x06, 0x77, 0x1b, 0x0f, 0x0b, 0x60, 0x15, 0x4b, 0x8c,
  0x78, 0x2d, 0x90, 0xb5, 0xff,
  // E_CastleArea6
  // level 8-4
  0x0f, 0x03, 0x8e, 0x65, 0xe1, 0xbb, 0x38, 0x6d, 0xa8, 0x3e, 0xe5, 0xe7, 0x0f, 0x08, 0x0b, 0x02,
  0x2b, 0x02, 0x5e, 0x65, 0xe1, 0xbb, 0x0e, 0xdb, 0x0e, 0xbb, 0x8e, 0xdb, 0x0e, 0xfe, 0x65, 0xec,
  0x0f, 0x0d, 0x4e, 0x65, 0xe1, 0x0f, 0x0e, 0x4e, 0x02, 0xe0, 0x0f, 0x10, 0xfe, 0xe5, 0xe1, 0x1b,
  0x85, 0x7b, 0x0c, 0x5b, 0x95, 0x78, 0x2d, 0x90, 0xb5, 0xff,
  // E_GroundArea1
  // level 3-3
  0xa5, 0x86, 0xe4, 0x28, 0x18, 0xa8, 0x45, 0x83, 0x69, 0x03, 0xc6, 0x29, 0x9b, 0x83, 0x16, 0xa4,
  0x88, 0x24, 0xe9, 0x28, 0x05, 0xa8, 0x7b, 0x28, 0x24, 0x8f, 0xc8, 0x03, 0xe8, 0x03, 0x46, 0xa8,
  0x85, 0x24, 0xc8, 0x24, 0xff,
  // E_GroundArea2
  // level 8-3
  0xeb, 0x8e, 0x0f, 0x03, 0xfb, 0x05, 0x17, 0x85, 0xdb, 0x8e, 0x0f, 0x07, 0x57, 0x05, 0x7b, 0x05,
  0x9b, 0x80, 0x2b, 0x85, 0xfb, 0x05, 0x0f, 0x0b, 0x1b, 0x05, 0x9b, 0x05, 0xff,
  // E_GroundArea3
  // level 4-1
  0x2e, 0xc2, 0x66, 0xe2, 0x11, 0x0f, 0x07, 0x02, 0x11, 0x0f, 0x0c, 0x12, 0x11, 0xff,
  // E_GroundArea4
  // level 6-2
  0x0e, 0xc2, 0xa8, 0xab, 0x00, 0xbb, 0x8e, 0x6b, 0x82, 0xde, 0x00, 0xa0, 0x33, 0x86, 0x43, 0x06,
  0x3e, 0xb4, 0xa0, 0xcb, 0x02, 0x0f, 0x07, 0x7e, 0x42, 0xa6, 0x83, 0x02, 0x0f, 0x0a, 0x3b, 0x02,
  0xcb, 0x37, 0x0f, 0x0c, 0xe3, 0x0e, 0xff,
  // E_GroundArea5
  // level 3-1
  0x9b, 0x8e, 0xca, 0x0e, 0xee, 0x42, 0x44, 0x5b, 0x86, 0x80, 0xb8, 0x1b, 0x80, 0x50, 0xba, 0x10,
  0xb7, 0x5b, 0x00, 0x17, 0x85, 0x4b, 0x05, 0xfe, 0x34, 0x40, 0xb7, 0x86, 0xc6, 0x06, 0x5b, 0x80,
  0x83, 0x00, 0xd0, 0x38, 0x5b, 0x8e, 0x8a, 0x0e, 0xa6, 0x00, 0xbb, 0x0e, 0xc5, 0x80, 0xf3, 0x00,
  0xff,
  // E_GroundArea6
  // level 1-1
  0x1e, 0xc2, 0x00, 0x6b, 0x06, 0x8b, 0x86, 0x63, 0xb7, 0x0f, 0x05, 0x03, 0x06, 0x23, 0x06, 0x4b,
  0xb7, 0xbb, 0x00, 0x5b, 0xb7, 0xfb, 0x37, 0x3b, 0xb7, 0x0f, 0x0b, 0x1b, 0x37, 0xff,
  // E_GroundArea7
  // level 1-3/5-3
  0x2b, 0xd7, 0xe3, 0x03, 0xc2, 0x86, 0xe2, 0x06, 0x76, 0xa5, 0xa3, 0x8f, 0x03, 0x86, 0x2b, 0x57,
  0x68, 0x28, 0xe9, 0x28, 0xe5, 0x83, 0x24, 0x8f, 0x36, 0xa8, 0x5b, 0x03, 0xff,
  // E_GroundArea8
  // level 2-3/7-3
  0x0f, 0x02, 0x78, 0x40, 0x48, 0xce, 0xf8, 0xc3, 0xf8, 0xc3, 0x0f, 0x07, 0x7b, 0x43, 0xc6, 0xd0,
  0x0f, 0x8a, 0xc8, 0x50, 0xff,
  // E_GroundArea9
  // level 2-1
  0x85, 0x86, 0x0b, 0x80, 0x1b, 0x00, 0xdb, 0x37, 0x77, 0x80, 0xeb, 0x37, 0xfe, 0x2b, 0x20, 0x2b,
  0x80, 0x7b, 0x38, 0xab, 0xb8, 0x77, 0x86, 0xfe, 0x42, 0x20, 0x49, 0x86, 0x8b, 0x06, 0x9b, 0x80,
  0x7b, 0x8e, 0x5b, 0xb7, 0x9b, 0x0e, 0xbb, 0x0e, 0x9b, 0x80,
  // E_GroundArea10
  // end of data terminator here is also used by pipe intro area
  0xff,
  // E_GroundArea11
  // level 5-1
  0x0b, 0x80, 0x60, 0x38, 0x10, 0xb8, 0xc0, 0x3b, 0xdb, 0x8e, 0x40, 0xb8, 0xf0, 0x38, 0x7b, 0x8e,
  0xa0, 0xb8, 0xc0, 0xb8, 0xfb, 0x00, 0xa0, 0xb8, 0x30, 0xbb, 0xee, 0x42, 0x88, 0x0f, 0x0b, 0x2b,
  0x0e, 0x67, 0x0e, 0xff,
  // E_GroundArea12
  // cloud level used in levels 2-1 and 5-2
  0x0a, 0xaa, 0x0e, 0x28, 0x2a, 0x0e, 0x31, 0x88, 0xff,
  // E_GroundArea13
  // level 4-3
  0xc7, 0x83, 0xd7, 0x03, 0x42, 0x8f, 0x7a, 0x03, 0x05, 0xa4, 0x78, 0x24, 0xa6, 0x25, 0xe4, 0x25,
  0x4b, 0x83, 0xe3, 0x03, 0x05, 0xa4, 0x89, 0x24, 0xb5, 0x24, 0x09, 0xa4, 0x65, 0x24, 0xc9, 0x24,
  0x0f, 0x08, 0x85, 0x25, 0xff,
  // E_GroundArea14
  // level 6-3
  0xcd, 0xa5, 0xb5, 0xa8, 0x07, 0xa8, 0x76, 0x28, 0xcc, 0x25, 0x65, 0xa4, 0xa9, 0x24, 0xe5, 0x24,
  0x19, 0xa4, 0x0f, 0x07, 0x95, 0x28, 0xe6, 0x24, 0x19, 0xa4, 0xd7, 0x29, 0x16, 0xa9, 0x58, 0x29,
  0x97, 0x29, 0xff,
  // E_GroundArea15
  // level 6-1
  0x0f, 0x02, 0x02, 0x11, 0x0f, 0x07, 0x02, 0x11, 0xff,
  // E_GroundArea16
  // warp zone area used in level 4-2
  0xff,
  // E_GroundArea17
  // level 8-1
  0x2b, 0x82, 0xab, 0x38, 0xde, 0x42, 0xe2, 0x1b, 0xb8, 0xeb, 0x3b, 0xdb, 0x80, 0x8b, 0xb8, 0x1b,
  0x82, 0xfb, 0xb8, 0x7b, 0x80, 0xfb, 0x3c, 0x5b, 0xbc, 0x7b, 0xb8, 0x1b, 0x8e, 0xcb, 0x0e, 0x1b,
  0x8e, 0x0f, 0x0d, 0x2b, 0x3b, 0xbb, 0xb8, 0xeb, 0x82, 0x4b, 0xb8, 0xbb, 0x38, 0x3b, 0xb7, 0xbb,
  0x02, 0x0f, 0x13, 0x1b, 0x00, 0xcb, 0x80, 0x6b, 0xbc, 0xff,
  // E_GroundArea18
  // level 5-2
  0x7b, 0x80, 0xae, 0x00, 0x80, 0x8b, 0x8e, 0xe8, 0x05, 0xf9, 0x86, 0x17, 0x86, 0x16, 0x85, 0x4e,
  0x2b, 0x80, 0xab, 0x8e, 0x87, 0x85, 0xc3, 0x05, 0x8b, 0x82, 0x9b, 0x02, 0xab, 0x02, 0xbb, 0x86,
  0xcb, 0x06, 0xd3, 0x03, 0x3b, 0x8e, 0x6b, 0x0e, 0xa7, 0x8e, 0xff,
  // E_GroundArea19
  // level 8-2
  0x29, 0x8e, 0x52, 0x11, 0x83, 0x0e, 0x0f, 0x03, 0x9b, 0x0e, 0x2b, 0x8e, 0x5b, 0x0e, 0xcb, 0x8e,
  0xfb, 0x0e, 0xfb, 0x82, 0x9b, 0x82, 0xbb, 0x02, 0xfe, 0x42, 0xe8, 0xbb, 0x8e, 0x0f, 0x0a, 0xab,
  0x0e, 0xcb, 0x0e, 0xf9, 0x0e, 0x88, 0x86, 0xa6, 0x06, 0xdb, 0x02, 0xb6, 0x8e, 0xff,
  // E_GroundArea20
  // level 7-1
  0xab, 0xce, 0xde, 0x42, 0xc0, 0xcb, 0xce, 0x5b, 0x8e, 0x1b, 0xce, 0x4b, 0x85, 0x67, 0x45, 0x0f,
  0x07, 0x2b, 0x00, 0x7b, 0x85, 0x97, 0x05, 0x0f, 0x0a, 0x92, 0x02, 0xff,
  // E_GroundArea21
  // cloud level used in levels 3-1 and 6-2
  0x0a, 0xaa, 0x0e, 0x24, 0x4a, 0x1e, 0x23, 0xaa, 0xff,
  // E_GroundArea22
  // level 3-2
  0x1b, 0x80, 0xbb, 0x38, 0x4b, 0xbc, 0xeb, 0x3b, 0x0f, 0x04, 0x2b, 0x00, 0xab, 0x38, 0xeb, 0x00,
  0xcb, 0x8e, 0xfb, 0x80, 0xab, 0xb8, 0x6b, 0x80, 0xfb, 0x3c, 0x9b, 0xbb, 0x5b, 0xbc, 0xfb, 0x00,
  0x6b, 0xb8, 0xfb, 0x38, 0xff,
  // E_UndergroundArea1
  // level 1-2
  0x0b, 0x86, 0x1a, 0x06, 0xdb, 0x06, 0xde, 0xc2, 0x02, 0xf0, 0x3b, 0xbb, 0x80, 0xeb, 0x06, 0x0b,
  0x86, 0x93, 0x06, 0xf0, 0x39, 0x0f, 0x06, 0x60, 0xb8, 0x1b, 0x86, 0xa0, 0xb9, 0xb7, 0x27, 0xbd,
  0x27, 0x2b, 0x83, 0xa1, 0x26, 0xa9, 0x26, 0xee, 0x25, 0x0b, 0x27, 0xb4, 0xff,
  // E_UndergroundArea2
  // level 4-2
  0x0f, 0x02, 0x1e, 0x2f, 0x60, 0xe0, 0x3a, 0xa5, 0xa7, 0xdb, 0x80, 0x3b, 0x82, 0x8b, 0x02, 0xfe,
  0x42, 0x68, 0x70, 0xbb, 0x25, 0xa7, 0x2c, 0x27, 0xb2, 0x26, 0xb9, 0x26, 0x9b, 0x80, 0xa8, 0x82,
  0xb5, 0x27, 0xbc, 0x27, 0xb0, 0xbb, 0x3b, 0x82, 0x87, 0x34, 0xee, 0x25, 0x6b, 0xff,
  // E_UndergroundArea3
  // underground bonus rooms area used in many levels
  0x1e, 0xa5, 0x0a, 0x2e, 0x28, 0x27, 0x2e, 0x33, 0xc7, 0x0f, 0x03, 0x1e, 0x40, 0x07, 0x2e, 0x30,
  0xe7, 0x0f, 0x05, 0x1e, 0x24, 0x44, 0x0f, 0x07, 0x1e, 0x22, 0x6a, 0x2e, 0x23, 0xab, 0x0f, 0x09,
  0x1e, 0x41, 0x68, 0x1e, 0x2a, 0x8a, 0x2e, 0x23, 0xa2, 0x2e, 0x32, 0xea, 0xff,
  // E_WaterArea1
  // water area used in levels 5-2 and 6-2
  0x3b, 0x87, 0x66, 0x27, 0xcc, 0x27, 0xee, 0x31, 0x87, 0xee, 0x23, 0xa7, 0x3b, 0x87, 0xdb, 0x07,
  0xff,
  // E_WaterArea2
  // level 2-2/7-2
  0x0f, 0x01, 0x2e, 0x25, 0x2b, 0x2e, 0x25, 0x4b, 0x4e, 0x25, 0xcb, 0x6b, 0x07, 0x97, 0x47, 0xe9,
  0x87, 0x47, 0xc7, 0x7a, 0x07, 0xd6, 0xc7, 0x78, 0x07, 0x38, 0x87, 0xab, 0x47, 0xe3, 0x07, 0x9b,
  0x87, 0x0f, 0x09, 0x68, 0x47, 0xdb, 0xc7, 0x3b, 0xc7, 0xff,
  // E_WaterArea3
  // water area used in level 8-4
  0x47, 0x9b, 0xcb, 0x07, 0xfa, 0x1d, 0x86, 0x9b, 0x3a, 0x87, 0x56, 0x07, 0x88, 0x1b, 0x07, 0x9d,
  0x2e, 0x65, 0xf0, 0xff,
  // L_CastleArea1
  // AREA OBJECT DATA
  // level 1-4/6-4
  0x9b, 0x07, 0x05, 0x32, 0x06, 0x33, 0x07, 0x34, 0xce, 0x03, 0xdc, 0x51, 0xee, 0x07, 0x73, 0xe0,
  0x74, 0x0a, 0x7e, 0x06, 0x9e, 0x0a, 0xce, 0x06, 0xe4, 0x00, 0xe8, 0x0a, 0xfe, 0x0a, 0x2e, 0x89,
  0x4e, 0x0b, 0x54, 0x0a, 0x14, 0x8a, 0xc4, 0x0a, 0x34, 0x8a, 0x7e, 0x06, 0xc7, 0x0a, 0x01, 0xe0,
  0x02, 0x0a, 0x47, 0x0a, 0x81, 0x60, 0x82, 0x0a, 0xc7, 0x0a, 0x0e, 0x87, 0x7e, 0x02, 0xa7, 0x02,
  0xb3, 0x02, 0xd7, 0x02, 0xe3, 0x02, 0x07, 0x82, 0x13, 0x02, 0x3e, 0x06, 0x7e, 0x02, 0xae, 0x07,
  0xfe, 0x0a, 0x0d, 0xc4, 0xcd, 0x43, 0xce, 0x09, 0xde, 0x0b, 0xdd, 0x42, 0xfe, 0x02, 0x5d, 0xc7,
  0xfd,
  // L_CastleArea2
  // level 4-4
  0x5b, 0x07, 0x05, 0x32, 0x06, 0x33, 0x07, 0x34, 0x5e, 0x0a, 0x68, 0x64, 0x98, 0x64, 0xa8, 0x64,
  0xce, 0x06, 0xfe, 0x02, 0x0d, 0x01, 0x1e, 0x0e, 0x7e, 0x02, 0x94, 0x63, 0xb4, 0x63, 0xd4, 0x63,
  0xf4, 0x63, 0x14, 0xe3, 0x2e, 0x0e, 0x5e, 0x02, 0x64, 0x35, 0x88, 0x72, 0xbe, 0x0e, 0x0d, 0x04,
  0xae, 0x02, 0xce, 0x08, 0xcd, 0x4b, 0xfe, 0x02, 0x0d, 0x05, 0x68, 0x31, 0x7e, 0x0a, 0x96, 0x31,
  0xa9, 0x63, 0xa8, 0x33, 0xd5, 0x30, 0xee, 0x02, 0xe6, 0x62, 0xf4, 0x61, 0x04, 0xb1, 0x08, 0x3f,
  0x44, 0x33, 0x94, 0x63, 0xa4, 0x31, 0xe4, 0x31, 0x04, 0xbf, 0x08, 0x3f, 0x04, 0xbf, 0x08, 0x3f,
  0xcd, 0x4b, 0x03, 0xe4, 0x0e, 0x03, 0x2e, 0x01, 0x7e, 0x06, 0xbe, 0x02, 0xde, 0x06, 0xfe, 0x0a,
  0x0d, 0xc4, 0xcd, 0x43, 0xce, 0x09, 0xde, 0x0b, 0xdd, 0x42, 0xfe, 0x02, 0x5d, 0xc7, 0xfd,
  // L_CastleArea3
  // level 2-4/5-4
  0x9b, 0x07, 0x05, 0x32, 0x06, 0x33, 0x07, 0x34, 0xfe, 0x00, 0x27, 0xb1, 0x65, 0x32, 0x75, 0x0a,
  0x71, 0x00, 0xb7, 0x31, 0x08, 0xe4, 0x18, 0x64, 0x1e, 0x04, 0x57, 0x3b, 0xbb, 0x0a, 0x17, 0x8a,
  0x27, 0x3a, 0x73, 0x0a, 0x7b, 0x0a, 0xd7, 0x0a, 0xe7, 0x3a, 0x3b, 0x8a, 0x97, 0x0a, 0xfe, 0x08,
  0x24, 0x8a, 0x2e, 0x00, 0x3e, 0x40, 0x38, 0x64, 0x6f, 0x00, 0x9f, 0x00, 0xbe, 0x43, 0xc8, 0x0a,
  0xc9, 0x63, 0xce, 0x07, 0xfe, 0x07, 0x2e, 0x81, 0x66, 0x42, 0x6a, 0x42, 0x79, 0x0a, 0xbe, 0x00,
  0xc8, 0x64, 0xf8, 0x64, 0x08, 0xe4, 0x2e, 0x07, 0x7e, 0x03, 0x9e, 0x07, 0xbe, 0x03, 0xde, 0x07,
  0xfe, 0x0a, 0x03, 0xa5, 0x0d, 0x44, 0xcd, 0x43, 0xce, 0x09, 0xdd, 0x42, 0xde, 0x0b, 0xfe, 0x02,
  0x5d, 0xc7, 0xfd,
  // L_CastleArea4
  // level 3-4
  0x9b, 0x07, 0x05, 0x32, 0x06, 0x33, 0x07, 0x34, 0xfe, 0x06, 0x0c, 0x81, 0x39, 0x0a, 0x5c, 0x01,
  0x89, 0x0a, 0xac, 0x01, 0xd9, 0x0a, 0xfc, 0x01, 0x2e, 0x83, 0xa7, 0x01, 0xb7, 0x00, 0xc7, 0x01,
  0xde, 0x0a, 0xfe, 0x02, 0x4e, 0x83, 0x5a, 0x32, 0x63, 0x0a, 0x69, 0x0a, 0x7e, 0x02, 0xee, 0x03,
  0xfa, 0x32, 0x03, 0x8a, 0x09, 0x0a, 0x1e, 0x02, 0xee, 0x03, 0xfa, 0x32, 0x03, 0x8a, 0x09, 0x0a,
  0x14, 0x42, 0x1e, 0x02, 0x7e, 0x0a, 0x9e, 0x07, 0xfe, 0x0a, 0x2e, 0x86, 0x5e, 0x0a, 0x8e, 0x06,
  0xbe, 0x0a, 0xee, 0x07, 0x3e, 0x83, 0x5e, 0x07, 0xfe, 0x0a, 0x0d, 0xc4, 0x41, 0x52, 0x51, 0x52,
  0xcd, 0x43, 0xce, 0x09, 0xde, 0x0b, 0xdd, 0x42, 0xfe, 0x02, 0x5d, 0xc7, 0xfd,
  // L_CastleArea5
  // level 7-4
  0x5b, 0x07, 0x05, 0x32, 0x06, 0x33, 0x07, 0x34, 0xfe, 0x0a, 0xae, 0x86, 0xbe, 0x07, 0xfe, 0x02,
  0x0d, 0x02, 0x27, 0x32, 0x46, 0x61, 0x55, 0x62, 0x5e, 0x0e, 0x1e, 0x82, 0x68, 0x3c, 0x74, 0x3a,
  0x7d, 0x4b, 0x5e, 0x8e, 0x7d, 0x4b, 0x7e, 0x82, 0x84, 0x62, 0x94, 0x61, 0xa4, 0x31, 0xbd, 0x4b,
  0xce, 0x06, 0xfe, 0x02, 0x0d, 0x06, 0x34, 0x31, 0x3e, 0x0a, 0x64, 0x32, 0x75, 0x0a, 0x7b, 0x61,
  0xa4, 0x33, 0xae, 0x02, 0xde, 0x0e, 0x3e, 0x82, 0x64, 0x32, 0x78, 0x32, 0xb4, 0x36, 0xc8, 0x36,
  0xdd, 0x4b, 0x44, 0xb2, 0x58, 0x32, 0x94, 0x63, 0xa4, 0x3e, 0xba, 0x30, 0xc9, 0x61, 0xce, 0x06,
  0xdd, 0x4b, 0xce, 0x86, 0xdd, 0x4b, 0xfe, 0x02, 0x2e, 0x86, 0x5e, 0x02, 0x7e, 0x06, 0xfe, 0x02,
  0x1e, 0x86, 0x3e, 0x02, 0x5e, 0x06, 0x7e, 0x02, 0x9e, 0x06, 0xfe, 0x0a, 0x0d, 0xc4, 0xcd, 0x43,
  0xce, 0x09, 0xde, 0x0b, 0xdd, 0x42, 0xfe, 0x02, 0x5d, 0xc7, 0xfd,
  // L_CastleArea6
  // level 8-4
  0x5b, 0x06, 0x05, 0x32, 0x06, 0x33, 0x07, 0x34, 0x5e, 0x0a, 0xae, 0x02, 0x0d, 0x01, 0x39, 0x73,
  0x0d, 0x03, 0x39, 0x7b, 0x4d, 0x4b, 0xde, 0x06, 0x1e, 0x8a, 0xae, 0x06, 0xc4, 0x33, 0x16, 0xfe,
  0xa5, 0x77, 0xfe, 0x02, 0xfe, 0x82, 0x0d, 0x07, 0x39, 0x73, 0xa8, 0x74, 0xed, 0x4b, 0x49, 0xfb,
  0xe8, 0x74, 0xfe, 0x0a, 0x2e, 0x82, 0x67, 0x02, 0x84, 0x7a, 0x87, 0x31, 0x0d, 0x0b, 0xfe, 0x02,
  0x0d, 0x0c, 0x39, 0x73, 0x5e, 0x06, 0xc6, 0x76, 0x45, 0xff, 0xbe, 0x0a, 0xdd, 0x48, 0xfe, 0x06,
  0x3d, 0xcb, 0x46, 0x7e, 0xad, 0x4a, 0xfe, 0x82, 0x39, 0xf3, 0xa9, 0x7b, 0x4e, 0x8a, 0x9e, 0x07,
  0xfe, 0x0a, 0x0d, 0xc4, 0xcd, 0x43, 0xce, 0x09, 0xde, 0x0b, 0xdd, 0x42, 0xfe, 0x02, 0x5d, 0xc7,
  0xfd,
  // L_GroundArea1
  // level 3-3
  0x94, 0x11, 0x0f, 0x26, 0xfe, 0x10, 0x28, 0x94, 0x65, 0x15, 0xeb, 0x12, 0xfa, 0x41, 0x4a, 0x96,
  0x54, 0x40, 0xa4, 0x42, 0xb7, 0x13, 0xe9, 0x19, 0xf5, 0x15, 0x11, 0x80, 0x47, 0x42, 0x71, 0x13,
  0x80, 0x41, 0x15, 0x92, 0x1b, 0x1f, 0x24, 0x40, 0x55, 0x12, 0x64, 0x40, 0x95, 0x12, 0xa4, 0x40,
  0xd2, 0x12, 0xe1, 0x40, 0x13, 0xc0, 0x2c, 0x17, 0x2f, 0x12, 0x49, 0x13, 0x83, 0x40, 0x9f, 0x14,
  0xa3, 0x40, 0x17, 0x92, 0x83, 0x13, 0x92, 0x41, 0xb9, 0x14, 0xc5, 0x12, 0xc8, 0x40, 0xd4, 0x40,
  0x4b, 0x92, 0x78, 0x1b, 0x9c, 0x94, 0x9f, 0x11, 0xdf, 0x14, 0xfe, 0x11, 0x7d, 0xc1, 0x9e, 0x42,
  0xcf, 0x20, 0xfd,
  // L_GroundArea2
  // level 8-3
  0x90, 0xb1, 0x0f, 0x26, 0x29, 0x91, 0x7e, 0x42, 0xfe, 0x40, 0x28, 0x92, 0x4e, 0x42, 0x2e, 0xc0,
  0x57, 0x73, 0xc3, 0x25, 0xc7, 0x27, 0x23, 0x84, 0x33, 0x20, 0x5c, 0x01, 0x77, 0x63, 0x88, 0x62,
  0x99, 0x61, 0xaa, 0x60, 0xbc, 0x01, 0xee, 0x42, 0x4e, 0xc0, 0x69, 0x11, 0x7e, 0x42, 0xde, 0x40,
  0xf8, 0x62, 0x0e, 0xc2, 0xae, 0x40, 0xd7, 0x63, 0xe7, 0x63, 0x33, 0xa7, 0x37, 0x27, 0x43, 0x04,
  0xcc, 0x01, 0xe7, 0x73, 0x0c, 0x81, 0x3e, 0x42, 0x0d, 0x0a, 0x5e, 0x40, 0x88, 0x72, 0xbe, 0x42,
  0xe7, 0x87, 0xfe, 0x40, 0x39, 0xe1, 0x4e, 0x00, 0x69, 0x60, 0x87, 0x60, 0xa5, 0x60, 0xc3, 0x31,
  0xfe, 0x31, 0x6d, 0xc1, 0xbe, 0x42, 0xef, 0x20, 0xfd,
  // L_GroundArea3
  // level 4-1
  0x52, 0x21, 0x0f, 0x20, 0x6e, 0x40, 0x58, 0xf2, 0x93, 0x01, 0x97, 0x00, 0x0c, 0x81, 0x97, 0x40,
  0xa6, 0x41, 0xc7, 0x40, 0x0d, 0x04, 0x03, 0x01, 0x07, 0x01, 0x23, 0x01, 0x27, 0x01, 0xec, 0x03,
  0xac, 0xf3, 0xc3, 0x03, 0x78, 0xe2, 0x94, 0x43, 0x47, 0xf3, 0x74, 0x43, 0x47, 0xfb, 0x74, 0x43,
  0x2c, 0xf1, 0x4c, 0x63, 0x47, 0x00, 0x57, 0x21, 0x5c, 0x01, 0x7c, 0x72, 0x39, 0xf1, 0xec, 0x02,
  0x4c, 0x81, 0xd8, 0x62, 0xec, 0x01, 0x0d, 0x0d, 0x0f, 0x38, 0xc7, 0x07, 0xed, 0x4a, 0x1d, 0xc1,
  0x5f, 0x26, 0xfd,
  // L_GroundArea4
  // level 6-2
  0x54, 0x21, 0x0f, 0x26, 0xa7, 0x22, 0x37, 0xfb, 0x73, 0x20, 0x83, 0x07, 0x87, 0x02, 0x93, 0x20,
  0xc7, 0x73, 0x04, 0xf1, 0x06, 0x31, 0x39, 0x71, 0x59, 0x71, 0xe7, 0x73, 0x37, 0xa0, 0x47, 0x04,
  0x86, 0x7c, 0xe5, 0x71, 0xe7, 0x31, 0x33, 0xa4, 0x39, 0x71, 0xa9, 0x71, 0xd3, 0x23, 0x08, 0xf2,
  0x13, 0x05, 0x27, 0x02, 0x49, 0x71, 0x75, 0x75, 0xe8, 0x72, 0x67, 0xf3, 0x99, 0x71, 0xe7, 0x20,
  0xf4, 0x72, 0xf7, 0x31, 0x17, 0xa0, 0x33, 0x20, 0x39, 0x71, 0x73, 0x28, 0xbc, 0x05, 0x39, 0xf1,
  0x79, 0x71, 0xa6, 0x21, 0xc3, 0x06, 0xd3, 0x20, 0xdc, 0x00, 0xfc, 0x00, 0x07, 0xa2, 0x13, 0x21,
  0x5f, 0x32, 0x8c, 0x00, 0x98, 0x7a, 0xc7, 0x63, 0xd9, 0x61, 0x03, 0xa2, 0x07, 0x22, 0x74, 0x72,
  0x77, 0x31, 0xe7, 0x73, 0x39, 0xf1, 0x58, 0x72, 0x77, 0x73, 0xd8, 0x72, 0x7f, 0xb1, 0x97, 0x73,
  0xb6, 0x64, 0xc5, 0x65, 0xd4, 0x66, 0xe3, 0x67, 0xf3, 0x67, 0x8d, 0xc1, 0xcf, 0x26, 0xfd,
  // L_GroundArea5
  // level 3-1
  0x52, 0x31, 0x0f, 0x20, 0x6e, 0x66, 0x07, 0x81, 0x36, 0x01, 0x66, 0x00, 0xa7, 0x22, 0x08, 0xf2,
  0x67, 0x7b, 0xdc, 0x02, 0x98, 0xf2, 0xd7, 0x20, 0x39, 0xf1, 0x9f, 0x33, 0xdc, 0x27, 0xdc, 0x57,
  0x23, 0x83, 0x57, 0x63, 0x6c, 0x51, 0x87, 0x63, 0x99, 0x61, 0xa3, 0x06, 0xb3, 0x21, 0x77, 0xf3,
  0xf3, 0x21, 0xf7, 0x2a, 0x13, 0x81, 0x23, 0x22, 0x53, 0x00, 0x63, 0x22, 0xe9, 0x0b, 0x0c, 0x83,
  0x13, 0x21, 0x16, 0x22, 0x33, 0x05, 0x8f, 0x35, 0xec, 0x01, 0x63, 0xa0, 0x67, 0x20, 0x73, 0x01,
  0x77, 0x01, 0x83, 0x20, 0x87, 0x20, 0xb3, 0x20, 0xb7, 0x20, 0xc3, 0x01, 0xc7, 0x00, 0xd3, 0x20,
  0xd7, 0x20, 0x67, 0xa0, 0x77, 0x07, 0x87, 0x22, 0xe8, 0x62, 0xf5, 0x65, 0x1c, 0x82, 0x7f, 0x38,
  0x8d, 0xc1, 0xcf, 0x26, 0xfd,
  // L_GroundArea6
  // level 1-1
  0x50, 0x21, 0x07, 0x81, 0x47, 0x24, 0x57, 0x00, 0x63, 0x01, 0x77, 0x01, 0xc9, 0x71, 0x68, 0xf2,
  0xe7, 0x73, 0x97, 0xfb, 0x06, 0x83, 0x5c, 0x01, 0xd7, 0x22, 0xe7, 0x00, 0x03, 0xa7, 0x6c, 0x02,
  0xb3, 0x22, 0xe3, 0x01, 0xe7, 0x07, 0x47, 0xa0, 0x57, 0x06, 0xa7, 0x01, 0xd3, 0x00, 0xd7, 0x01,
  0x07, 0x81, 0x67, 0x20, 0x93, 0x22, 0x03, 0xa3, 0x1c, 0x61, 0x17, 0x21, 0x6f, 0x33, 0xc7, 0x63,
  0xd8, 0x62, 0xe9, 0x61, 0xfa, 0x60, 0x4f, 0xb3, 0x87, 0x63, 0x9c, 0x01, 0xb7, 0x63, 0xc8, 0x62,
  0xd9, 0x61, 0xea, 0x60, 0x39, 0xf1, 0x87, 0x21, 0xa7, 0x01, 0xb7, 0x20, 0x39, 0xf1, 0x5f, 0x38,
  0x6d, 0xc1, 0xaf, 0x26, 0xfd,
  // L_GroundArea7
  // level 1-3/5-3
  0x90, 0x11, 0x0f, 0x26, 0xfe, 0x10, 0x2a, 0x93, 0x87, 0x17, 0xa3, 0x14, 0xb2, 0x42, 0x0a, 0x92,
  0x19, 0x40, 0x36, 0x14, 0x50, 0x41, 0x82, 0x16, 0x2b, 0x93, 0x24, 0x41, 0xbb, 0x14, 0xb8, 0x00,
  0xc2, 0x43, 0xc3, 0x13, 0x1b, 0x94, 0x67, 0x12, 0xc4, 0x15, 0x53, 0xc1, 0xd2, 0x41, 0x12, 0xc1,
  0x29, 0x13, 0x85, 0x17, 0x1b, 0x92, 0x1a, 0x42, 0x47, 0x13, 0x83, 0x41, 0xa7, 0x13, 0x0e, 0x91,
  0xa7, 0x63, 0xb7, 0x63, 0xc5, 0x65, 0xd5, 0x65, 0xdd, 0x4a, 0xe3, 0x67, 0xf3, 0x67, 0x8d, 0xc1,
  0xae, 0x42, 0xdf, 0x20, 0xfd,
  // L_GroundArea8
  // level 2-3/7-3
  0x90, 0x11, 0x0f, 0x26, 0x6e, 0x10, 0x8b, 0x17, 0xaf, 0x32, 0xd8, 0x62, 0xe8, 0x62, 0xfc, 0x3f,
  0xad, 0xc8, 0xf8, 0x64, 0x0c, 0xbe, 0x43, 0x43, 0xf8, 0x64, 0x0c, 0xbf, 0x73, 0x40, 0x84, 0x40,
  0x93, 0x40, 0xa4, 0x40, 0xb3, 0x40, 0xf8, 0x64, 0x48, 0xe4, 0x5c, 0x39, 0x83, 0x40, 0x92, 0x41,
  0xb3, 0x40, 0xf8, 0x64, 0x48, 0xe4, 0x5c, 0x39, 0xf8, 0x64, 0x13, 0xc2, 0x37, 0x65, 0x4c, 0x24,
  0x63, 0x00, 0x97, 0x65, 0xc3, 0x42, 0x0b, 0x97, 0xac, 0x32, 0xf8, 0x64, 0x0c, 0xbe, 0x53, 0x45,
  0x9d, 0x48, 0xf8, 0x64, 0x2a, 0xe2, 0x3c, 0x47, 0x56, 0x43, 0xba, 0x62, 0xf8, 0x64, 0x0c, 0xb7,
  0x88, 0x64, 0xbc, 0x31, 0xd4, 0x45, 0xfc, 0x31, 0x3c, 0xb1, 0x78, 0x64, 0x8c, 0x38, 0x0b, 0x9c,
  0x1a, 0x33, 0x18, 0x61, 0x28, 0x61, 0x39, 0x60, 0x5d, 0x4a, 0xee, 0x11, 0x0f, 0xb8, 0x1d, 0xc1,
  0x3e, 0x42, 0x6f, 0x20, 0xfd,
  // L_GroundArea9
  // level 2-1
  0x52, 0x31, 0x0f, 0x20, 0x6e, 0x40, 0xf7, 0x20, 0x07, 0x84, 0x17, 0x20, 0x4f, 0x34, 0xc3, 0x03,
  0xc7, 0x02, 0xd3, 0x22, 0x27, 0xe3, 0x39, 0x61, 0xe7, 0x73, 0x5c, 0xe4, 0x57, 0x00, 0x6c, 0x73,
  0x47, 0xa0, 0x53, 0x06, 0x63, 0x22, 0xa7, 0x73, 0xfc, 0x73, 0x13, 0xa1, 0x33, 0x05, 0x43, 0x21,
  0x5c, 0x72, 0xc3, 0x23, 0xcc, 0x03, 0x77, 0xfb, 0xac, 0x02, 0x39, 0xf1, 0xa7, 0x73, 0xd3, 0x04,
  0xe8, 0x72, 0xe3, 0x22, 0x26, 0xf4, 0xbc, 0x02, 0x8c, 0x81, 0xa8, 0x62, 0x17, 0x87, 0x43, 0x24,
  0xa7, 0x01, 0xc3, 0x04, 0x08, 0xf2, 0x97, 0x21, 0xa3, 0x02, 0xc9, 0x0b, 0xe1, 0x69, 0xf1, 0x69,
  0x8d, 0xc1, 0xcf, 0x26, 0xfd,
  // L_GroundArea10
  // pipe intro area
  0x38, 0x11, 0x0f, 0x26, 0xad, 0x40, 0x3d, 0xc7, 0xfd,
  // L_GroundArea11
  // level 5-1
  0x95, 0xb1, 0x0f, 0x26, 0x0d, 0x02, 0xc8, 0x72, 0x1c, 0x81, 0x38, 0x72, 0x0d, 0x05, 0x97, 0x34,
  0x98, 0x62, 0xa3, 0x20, 0xb3, 0x06, 0xc3, 0x20, 0xcc, 0x03, 0xf9, 0x91, 0x2c, 0x81, 0x48, 0x62,
  0x0d, 0x09, 0x37, 0x63, 0x47, 0x03, 0x57, 0x21, 0x8c, 0x02, 0xc5, 0x79, 0xc7, 0x31, 0xf9, 0x11,
  0x39, 0xf1, 0xa9, 0x11, 0x6f, 0xb4, 0xd3, 0x65, 0xe3, 0x65, 0x7d, 0xc1, 0xbf, 0x26, 0xfd,
  // L_GroundArea12
  // cloud level used in levels 2-1 and 5-2
  0x00, 0xc1, 0x4c, 0x00, 0xf4, 0x4f, 0x0d, 0x02, 0x02, 0x42, 0x43, 0x4f, 0x52, 0xc2, 0xde, 0x00,
  0x5a, 0xc2, 0x4d, 0xc7, 0xfd,
  // L_GroundArea13
  // level 4-3
  0x90, 0x51, 0x0f, 0x26, 0xee, 0x10, 0x0b, 0x94, 0x33, 0x14, 0x42, 0x42, 0x77, 0x16, 0x86, 0x44,
  0x02, 0x92, 0x4a, 0x16, 0x69, 0x42, 0x73, 0x14, 0xb0, 0x00, 0xc7, 0x12, 0x05, 0xc0, 0x1c, 0x17,
  0x1f, 0x11, 0x36, 0x12, 0x8f, 0x14, 0x91, 0x40, 0x1b, 0x94, 0x35, 0x12, 0x34, 0x42, 0x60, 0x42,
  0x61, 0x12, 0x87, 0x12, 0x96, 0x40, 0xa3, 0x14, 0x1c, 0x98, 0x1f, 0x11, 0x47, 0x12, 0x9f, 0x15,
  0xcc, 0x15, 0xcf, 0x11, 0x05, 0xc0, 0x1f, 0x15, 0x39, 0x12, 0x7c, 0x16, 0x7f, 0x11, 0x82, 0x40,
  0x98, 0x12, 0xdf, 0x15, 0x16, 0xc4, 0x17, 0x14, 0x54, 0x12, 0x9b, 0x16, 0x28, 0x94, 0xce, 0x01,
  0x3d, 0xc1, 0x5e, 0x42, 0x8f, 0x20, 0xfd,
  // L_GroundArea14
  // level 6-3
  0x97, 0x11, 0x0f, 0x26, 0xfe, 0x10, 0x2b, 0x92, 0x57, 0x12, 0x8b, 0x12, 0xc0, 0x41, 0xf7, 0x13,
  0x5b, 0x92, 0x69, 0x0b, 0xbb, 0x12, 0xb2, 0x46, 0x19, 0x93, 0x71, 0x00, 0x17, 0x94, 0x7c, 0x14,
  0x7f, 0x11, 0x93, 0x41, 0xbf, 0x15, 0xfc, 0x13, 0xff, 0x11, 0x2f, 0x95, 0x50, 0x42, 0x51, 0x12,
  0x58, 0x14, 0xa6, 0x12, 0xdb, 0x12, 0x1b, 0x93, 0x46, 0x43, 0x7b, 0x12, 0x8d, 0x49, 0xb7, 0x14,
  0x1b, 0x94, 0x49, 0x0b, 0xbb, 0x12, 0xfc, 0x13, 0xff, 0x12, 0x03, 0xc1, 0x2f, 0x15, 0x43, 0x12,
  0x4b, 0x13, 0x77, 0x13, 0x9d, 0x4a, 0x15, 0xc1, 0xa1, 0x41, 0xc3, 0x12, 0xfe, 0x01, 0x7d, 0xc1,
  0x9e, 0x42, 0xcf, 0x20, 0xfd,
  // L_GroundArea15
  // level 6-1
  0x52, 0x21, 0x0f, 0x20, 0x6e, 0x44, 0x0c, 0xf1, 0x4c, 0x01, 0xaa, 0x35, 0xd9, 0x34, 0xee, 0x20,
  0x08, 0xb3, 0x37, 0x32, 0x43, 0x04, 0x4e, 0x21, 0x53, 0x20, 0x7c, 0x01, 0x97, 0x21, 0xb7, 0x07,
  0x9c, 0x81, 0xe7, 0x42, 0x5f, 0xb3, 0x97, 0x63, 0xac, 0x02, 0xc5, 0x41, 0x49, 0xe0, 0x58, 0x61,
  0x76, 0x64, 0x85, 0x65, 0x94, 0x66, 0xa4, 0x22, 0xa6, 0x03, 0xc8, 0x22, 0xdc, 0x02, 0x68, 0xf2,
  0x96, 0x42, 0x13, 0x82, 0x17, 0x02, 0xaf, 0x34, 0xf6, 0x21, 0xfc, 0x06, 0x26, 0x80, 0x2a, 0x24,
  0x36, 0x01, 0x8c, 0x00, 0xff, 0x35, 0x4e, 0xa0, 0x55, 0x21, 0x77, 0x20, 0x87, 0x07, 0x89, 0x22,
  0xae, 0x21, 0x4c, 0x82, 0x9f, 0x34, 0xec, 0x01, 0x03, 0xe7, 0x13, 0x67, 0x8d, 0x4a, 0xad, 0x41,
  0x0f, 0xa6, 0xfd,
  // L_GroundArea16
  // warp zone area used in level 4-2
  0x10, 0x51, 0x4c, 0x00, 0xc7, 0x12, 0xc6, 0x42, 0x03, 0x92, 0x02, 0x42, 0x29, 0x12, 0x63, 0x12,
  0x62, 0x42, 0x69, 0x14, 0xa5, 0x12, 0xa4, 0x42, 0xe2, 0x14, 0xe1, 0x44, 0xf8, 0x16, 0x37, 0xc1,
  0x8f, 0x38, 0x02, 0xbb, 0x28, 0x7a, 0x68, 0x7a, 0xa8, 0x7a, 0xe0, 0x6a, 0xf0, 0x6a, 0x6d, 0xc5,
  0xfd,
  // L_GroundArea17
  // level 8-1
  0x92, 0x31, 0x0f, 0x20, 0x6e, 0x40, 0x0d, 0x02, 0x37, 0x73, 0xec, 0x00, 0x0c, 0x80, 0x3c, 0x00,
  0x6c, 0x00, 0x9c, 0x00, 0x06, 0xc0, 0xc7, 0x73, 0x06, 0x83, 0x28, 0x72, 0x96, 0x40, 0xe7, 0x73,
  0x26, 0xc0, 0x87, 0x7b, 0xd2, 0x41, 0x39, 0xf1, 0xc8, 0xf2, 0x97, 0xe3, 0xa3, 0x23, 0xe7, 0x02,
  0xe3, 0x07, 0xf3, 0x22, 0x37, 0xe3, 0x9c, 0x00, 0xbc, 0x00, 0xec, 0x00, 0x0c, 0x80, 0x3c, 0x00,
  0x86, 0x21, 0xa6, 0x06, 0xb6, 0x24, 0x5c, 0x80, 0x7c, 0x00, 0x9c, 0x00, 0x29, 0xe1, 0xdc, 0x05,
  0xf6, 0x41, 0xdc, 0x80, 0xe8, 0x72, 0x0c, 0x81, 0x27, 0x73, 0x4c, 0x01, 0x66, 0x74, 0x0d, 0x11,
  0x3f, 0x35, 0xb6, 0x41, 0x2c, 0x82, 0x36, 0x40, 0x7c, 0x02, 0x86, 0x40, 0xf9, 0x61, 0x39, 0xe1,
  0xac, 0x04, 0xc6, 0x41, 0x0c, 0x83, 0x16, 0x41, 0x88, 0xf2, 0x39, 0xf1, 0x7c, 0x00, 0x89, 0x61,
  0x9c, 0x00, 0xa7, 0x63, 0xbc, 0x00, 0xc5, 0x65, 0xdc, 0x00, 0xe3, 0x67, 0xf3, 0x67, 0x8d, 0xc1,
  0xcf, 0x26, 0xfd,
  // L_GroundArea18
  // level 5-2
  0x55, 0xb1, 0x0f, 0x26, 0xcf, 0x33, 0x07, 0xb2, 0x15, 0x11, 0x52, 0x42, 0x99, 0x0b, 0xac, 0x02,
  0xd3, 0x24, 0xd6, 0x42, 0xd7, 0x25, 0x23, 0x84, 0xcf, 0x33, 0x07, 0xe3, 0x19, 0x61, 0x78, 0x7a,
  0xef, 0x33, 0x2c, 0x81, 0x46, 0x64, 0x55, 0x65, 0x65, 0x65, 0xec, 0x74, 0x47, 0x82, 0x53, 0x05,
  0x63, 0x21, 0x62, 0x41, 0x96, 0x22, 0x9a, 0x41, 0xcc, 0x03, 0xb9, 0x91, 0x39, 0xf1, 0x63, 0x26,
  0x67, 0x27, 0xd3, 0x06, 0xfc, 0x01, 0x18, 0xe2, 0xd9, 0x07, 0xe9, 0x04, 0x0c, 0x86, 0x37, 0x22,
  0x93, 0x24, 0x87, 0x84, 0xac, 0x02, 0xc2, 0x41, 0xc3, 0x23, 0xd9, 0x71, 0xfc, 0x01, 0x7f, 0xb1,
  0x9c, 0x00, 0xa7, 0x63, 0xb6, 0x64, 0xcc, 0x00, 0xd4, 0x66, 0xe3, 0x67, 0xf3, 0x67, 0x8d, 0xc1,
  0xcf, 0x26, 0xfd,
  // L_GroundArea19
  // level 8-2
  0x50, 0xb1, 0x0f, 0x26, 0xfc, 0x00, 0x1f, 0xb3, 0x5c, 0x00, 0x65, 0x65, 0x74, 0x66, 0x83, 0x67,
  0x93, 0x67, 0xdc, 0x73, 0x4c, 0x80, 0xb3, 0x20, 0xc9, 0x0b, 0xc3, 0x08, 0xd3, 0x2f, 0xdc, 0x00,
  0x2c, 0x80, 0x4c, 0x00, 0x8c, 0x00, 0xd3, 0x2e, 0xed, 0x4a, 0xfc, 0x00, 0xd7, 0xa1, 0xec, 0x01,
  0x4c, 0x80, 0x59, 0x11, 0xd8, 0x11, 0xda, 0x10, 0x37, 0xa0, 0x47, 0x04, 0x99, 0x11, 0xe7, 0x21,
  0x3a, 0x90, 0x67, 0x20, 0x76, 0x10, 0x77, 0x60, 0x87, 0x07, 0xd8, 0x12, 0x39, 0xf1, 0xac, 0x00,
  0xe9, 0x71, 0x0c, 0x80, 0x2c, 0x00, 0x4c, 0x05, 0xc7, 0x7b, 0x39, 0xf1, 0xec, 0x00, 0xf9, 0x11,
  0x0c, 0x82, 0x6f, 0x34, 0xf8, 0x11, 0xfa, 0x10, 0x7f, 0xb2, 0xac, 0x00, 0xb6, 0x64, 0xcc, 0x01,
  0xe3, 0x67, 0xf3, 0x67, 0x8d, 0xc1, 0xcf, 0x26, 0xfd,
  // L_GroundArea20
  // level 7-1
  0x52, 0xb1, 0x0f, 0x20, 0x6e, 0x45, 0x39, 0x91, 0xb3, 0x04, 0xc3, 0x21, 0xc8, 0x11, 0xca, 0x10,
  0x49, 0x91, 0x7c, 0x73, 0xe8, 0x12, 0x88, 0x91, 0x8a, 0x10, 0xe7, 0x21, 0x05, 0x91, 0x07, 0x30,
  0x17, 0x07, 0x27, 0x20, 0x49, 0x11, 0x9c, 0x01, 0xc8, 0x72, 0x23, 0xa6, 0x27, 0x26, 0xd3, 0x03,
  0xd8, 0x7a, 0x89, 0x91, 0xd8, 0x72, 0x39, 0xf1, 0xa9, 0x11, 0x09, 0xf1, 0x63, 0x24, 0x67, 0x24,
  0xd8, 0x62, 0x28, 0x91, 0x2a, 0x10, 0x56, 0x21, 0x70, 0x04, 0x79, 0x0b, 0x8c, 0x00, 0x94, 0x21,
  0x9f, 0x35, 0x2f, 0xb8, 0x3d, 0xc1, 0x7f, 0x26, 0xfd,
  // L_GroundArea21
  // cloud level used in levels 3-1 and 6-2
  0x06, 0xc1, 0x4c, 0x00, 0xf4, 0x4f, 0x0d, 0x02, 0x06, 0x20, 0x24, 0x4f, 0x35, 0xa0, 0x36, 0x20,
  0x53, 0x46, 0xd5, 0x20, 0xd6, 0x20, 0x34, 0xa1, 0x73, 0x49, 0x74, 0x20, 0x94, 0x20, 0xb4, 0x20,
  0xd4, 0x20, 0xf4, 0x20, 0x2e, 0x80, 0x59, 0x42, 0x4d, 0xc7, 0xfd,
  // L_GroundArea22
  // level 3-2
  0x96, 0x31, 0x0f, 0x26, 0x0d, 0x03, 0x1a, 0x60, 0x77, 0x42, 0xc4, 0x00, 0xc8, 0x62, 0xb9, 0xe1,
  0xd3, 0x06, 0xd7, 0x07, 0xf9, 0x61, 0x0c, 0x81, 0x4e, 0xb1, 0x8e, 0xb1, 0xbc, 0x01, 0xe4, 0x50,
  0xe9, 0x61, 0x0c, 0x81, 0x0d, 0x0a, 0x84, 0x43, 0x98, 0x72, 0x0d, 0x0c, 0x0f, 0x38, 0x1d, 0xc1,
  0x5f, 0x26, 0xfd,
  // L_UndergroundArea1
  // level 1-2
  0x48, 0x0f, 0x0e, 0x01, 0x5e, 0x02, 0xa7, 0x00, 0xbc, 0x73, 0x1a, 0xe0, 0x39, 0x61, 0x58, 0x62,
  0x77, 0x63, 0x97, 0x63, 0xb8, 0x62, 0xd6, 0x07, 0xf8, 0x62, 0x19, 0xe1, 0x75, 0x52, 0x86, 0x40,
  0x87, 0x50, 0x95, 0x52, 0x93, 0x43, 0xa5, 0x21, 0xc5, 0x52, 0xd6, 0x40, 0xd7, 0x20, 0xe5, 0x06,
  0xe6, 0x51, 0x3e, 0x8d, 0x5e, 0x03, 0x67, 0x52, 0x77, 0x52, 0x7e, 0x02, 0x9e, 0x03, 0xa6, 0x43,
  0xa7, 0x23, 0xde, 0x05, 0xfe, 0x02, 0x1e, 0x83, 0x33, 0x54, 0x46, 0x40, 0x47, 0x21, 0x56, 0x04,
  0x5e, 0x02, 0x83, 0x54, 0x93, 0x52, 0x96, 0x07, 0x97, 0x50, 0xbe, 0x03, 0xc7, 0x23, 0xfe, 0x02,
  0x0c, 0x82, 0x43, 0x45, 0x45, 0x24, 0x46, 0x24, 0x90, 0x08, 0x95, 0x51, 0x78, 0xfa, 0xd7, 0x73,
  0x39, 0xf1, 0x8c, 0x01, 0xa8, 0x52, 0xb8, 0x52, 0xcc, 0x01, 0x5f, 0xb3, 0x97, 0x63, 0x9e, 0x00,
  0x0e, 0x81, 0x16, 0x24, 0x66, 0x04, 0x8e, 0x00, 0xfe, 0x01, 0x08, 0xd2, 0x0e, 0x06, 0x6f, 0x47,
  0x9e, 0x0f, 0x0e, 0x82, 0x2d, 0x47, 0x28, 0x7a, 0x68, 0x7a, 0xa8, 0x7a, 0xae, 0x01, 0xde, 0x0f,
  0x6d, 0xc5, 0xfd,
  // L_UndergroundArea2
  // level 4-2
  0x48, 0x0f, 0x0e, 0x01, 0x5e, 0x02, 0xbc, 0x01, 0xfc, 0x01, 0x2c, 0x82, 0x41, 0x52, 0x4e, 0x04,
  0x67, 0x25, 0x68, 0x24, 0x69, 0x24, 0xba, 0x42, 0xc7, 0x04, 0xde, 0x0b, 0xb2, 0x87, 0xfe, 0x02,
  0x2c, 0xe1, 0x2c, 0x71, 0x67, 0x01, 0x77, 0x00, 0x87, 0x01, 0x8e, 0x00, 0xee, 0x01, 0xf6, 0x02,
  0x03, 0x85, 0x05, 0x02, 0x13, 0x21, 0x16, 0x02, 0x27, 0x02, 0x2e, 0x02, 0x88, 0x72, 0xc7, 0x20,
  0xd7, 0x07, 0xe4, 0x76, 0x07, 0xa0, 0x17, 0x06, 0x48, 0x7a, 0x76, 0x20, 0x98, 0x72, 0x79, 0xe1,
  0x88, 0x62, 0x9c, 0x01, 0xb7, 0x73, 0xdc, 0x01, 0xf8, 0x62, 0xfe, 0x01, 0x08, 0xe2, 0x0e, 0x00,
  0x6e, 0x02, 0x73, 0x20, 0x77, 0x23, 0x83, 0x04, 0x93, 0x20, 0xae, 0x00, 0xfe, 0x0a, 0x0e, 0x82,
  0x39, 0x71, 0xa8, 0x72, 0xe7, 0x73, 0x0c, 0x81, 0x8f, 0x32, 0xae, 0x00, 0xfe, 0x04, 0x04, 0xd1,
  0x17, 0x04, 0x26, 0x49, 0x27, 0x29, 0xdf, 0x33, 0xfe, 0x02, 0x44, 0xf6, 0x7c, 0x01, 0x8e, 0x06,
  0xbf, 0x47, 0xee, 0x0f, 0x4d, 0xc7, 0x0e, 0x82, 0x68, 0x7a, 0xae, 0x01, 0xde, 0x0f, 0x6d, 0xc5,
  0xfd,
  // L_UndergroundArea3
  // underground bonus rooms area used in many levels
  0x48, 0x01, 0x0e, 0x01, 0x00, 0x5a, 0x3e, 0x06, 0x45, 0x46, 0x47, 0x46, 0x53, 0x44, 0xae, 0x01,
  0xdf, 0x4a, 0x4d, 0xc7, 0x0e, 0x81, 0x00, 0x5a, 0x2e, 0x04, 0x37, 0x28, 0x3a, 0x48, 0x46, 0x47,
  0xc7, 0x07, 0xce, 0x0f, 0xdf, 0x4a, 0x4d, 0xc7, 0x0e, 0x81, 0x00, 0x5a, 0x33, 0x53, 0x43, 0x51,
  0x46, 0x40, 0x47, 0x50, 0x53, 0x04, 0x55, 0x40, 0x56, 0x50, 0x62, 0x43, 0x64, 0x40, 0x65, 0x50,
  0x71, 0x41, 0x73, 0x51, 0x83, 0x51, 0x94, 0x40, 0x95, 0x50, 0xa3, 0x50, 0xa5, 0x40, 0xa6, 0x50,
  0xb3, 0x51, 0xb6, 0x40, 0xb7, 0x50, 0xc3, 0x53, 0xdf, 0x4a, 0x4d, 0xc7, 0x0e, 0x81, 0x00, 0x5a,
  0x2e, 0x02, 0x36, 0x47, 0x37, 0x52, 0x3a, 0x49, 0x47, 0x25, 0xa7, 0x52, 0xd7, 0x04, 0xdf, 0x4a,
  0x4d, 0xc7, 0x0e, 0x81, 0x00, 0x5a, 0x3e, 0x02, 0x44, 0x51, 0x53, 0x44, 0x54, 0x44, 0x55, 0x24,
  0xa1, 0x54, 0xae, 0x01, 0xb4, 0x21, 0xdf, 0x4a, 0xe5, 0x07, 0x4d, 0xc7, 0xfd,
  // L_WaterArea1
  // water area used in levels 5-2 and 6-2
  0x41, 0x01, 0xb4, 0x34, 0xc8, 0x52, 0xf2, 0x51, 0x47, 0xd3, 0x6c, 0x03, 0x65, 0x49, 0x9e, 0x07,
  0xbe, 0x01, 0xcc, 0x03, 0xfe, 0x07, 0x0d, 0xc9, 0x1e, 0x01, 0x6c, 0x01, 0x62, 0x35, 0x63, 0x53,
  0x8a, 0x41, 0xac, 0x01, 0xb3, 0x53, 0xe9, 0x51, 0x26, 0xc3, 0x27, 0x33, 0x63, 0x43, 0x64, 0x33,
  0xba, 0x60, 0xc9, 0x61, 0xce, 0x0b, 0xe5, 0x09, 0xee, 0x0f, 0x7d, 0xca, 0x7d, 0x47, 0xfd,
  // L_WaterArea2
  // level 2-2/7-2
  0x41, 0x01, 0xb8, 0x52, 0xea, 0x41, 0x27, 0xb2, 0xb3, 0x42, 0x16, 0xd4, 0x4a, 0x42, 0xa5, 0x51,
  0xa7, 0x31, 0x27, 0xd3, 0x08, 0xe2, 0x16, 0x64, 0x2c, 0x04, 0x38, 0x42, 0x76, 0x64, 0x88, 0x62,
  0xde, 0x07, 0xfe, 0x01, 0x0d, 0xc9, 0x23, 0x32, 0x31, 0x51, 0x98, 0x52, 0x0d, 0xc9, 0x59, 0x42,
  0x63, 0x53, 0x67, 0x31, 0x14, 0xc2, 0x36, 0x31, 0x87, 0x53, 0x17, 0xe3, 0x29, 0x61, 0x30, 0x62,
  0x3c, 0x08, 0x42, 0x37, 0x59, 0x40, 0x6a, 0x42, 0x99, 0x40, 0xc9, 0x61, 0xd7, 0x63, 0x39, 0xd1,
  0x58, 0x52, 0xc3, 0x67, 0xd3, 0x31, 0xdc, 0x06, 0xf7, 0x42, 0xfa, 0x42, 0x23, 0xb1, 0x43, 0x67,
  0xc3, 0x34, 0xc7, 0x34, 0xd1, 0x51, 0x43, 0xb3, 0x47, 0x33, 0x9a, 0x30, 0xa9, 0x61, 0xb8, 0x62,
  0xbe, 0x0b, 0xd5, 0x09, 0xde, 0x0f, 0x0d, 0xca, 0x7d, 0x47, 0xfd,
  // L_WaterArea3
  // water area used in level 8-4
  0x49, 0x0f, 0x1e, 0x01, 0x39, 0x73, 0x5e, 0x07, 0xae, 0x0b, 0x1e, 0x82, 0x6e, 0x88, 0x9e, 0x02,
  0x0d, 0x04, 0x2e, 0x0b, 0x45, 0x09, 0x4e, 0x0f, 0xed, 0x47, 0xfd,
  // -------------------------------------------------------------------------------------
  // unused space
  0xff,
  // GameMode
  0xad, 0x72, 0x07, 0x20, 0x04, 0x8e, 0xe4, 0x8f, 0x67, 0x85, 0x71, 0x90, 0xea, 0xae,
  // GameCoreRoutine
  0xae, 0x53, 0x07, 0xbd, 0xfc, 0x06, 0x8d, 0xfc, 0x06, 0x20, 0x4a, 0xb0, 0xad, 0x72, 0x07, 0xc9,
  0x03, 0xb0, 0x01, 0x60,
  // GameEngine
  0x20, 0x24, 0xb6, 0xa2, 0x00,
  // ProcELoop
  0x86, 0x08, 0x20, 0x47, 0xc0, 0x20, 0xc3, 0x84, 0xe8, 0xe0, 0x06, 0xd0, 0xf3, 0x20, 0x80, 0xf1,
  0x20, 0x2a, 0xf1, 0x20, 0xe9, 0xee, 0x20, 0xd4, 0xbe, 0xa2, 0x01, 0x86, 0x08, 0x20, 0x70, 0xbe,
  0xca, 0x86, 0x08, 0x20, 0x70, 0xbe, 0x20, 0x96, 0xbb, 0x20, 0xbc, 0xb9, 0x20, 0xb8, 0xb7, 0x20,
  0x55, 0xb8, 0x20, 0x4f, 0xb7, 0x20, 0xe1, 0x89, 0xa5, 0xb5, 0xc9, 0x02, 0x10, 0x11, 0xad, 0x9f,
  0x07, 0xf0, 0x1e, 0xc9, 0x04, 0xd0, 0x08, 0xad, 0x7f, 0x07, 0xd0, 0x03, 0x20, 0xed, 0x90,
  // NoChgMus
  0xac, 0x9f, 0x07, 0xa5, 0x09, 0xc0, 0x08, 0xb0, 0x02, 0x4a, 0x4a,
  // CycleTwo
  0x4a, 0x20, 0x88, 0xb2, 0x4c, 0x67, 0xaf,
  // ClrPlrPal
  0x20, 0x9a, 0xb2,
  // SaveAB
  0xa5, 0x0a, 0x85, 0x0d, 0xa9, 0x00, 0x85, 0x0c,
  // UpdScrollVar
  0xad, 0x73, 0x07, 0xc9, 0x06, 0xf0, 0x1c, 0xad, 0x1f, 0x07, 0xd0, 0x14, 0xad, 0x3d, 0x07, 0xc9,
  0x20, 0x30, 0x10, 0xad, 0x3d, 0x07, 0xe9, 0x20, 0x8d, 0x3d, 0x07, 0xa9, 0x00, 0x8d, 0x40, 0x03,
  // RunParser
  0x20, 0xb0, 0x92,
  // ExitEng
  0x60,
  // ScrollHandler
  0xad, 0xff, 0x06, 0x18, 0x6d, 0xa1, 0x03, 0x8d, 0xff, 0x06, 0xad, 0x23, 0x07, 0xd0, 0x59, 0xad,
  0x55, 0x07, 0xc9, 0x50, 0x90, 0x52, 0xad, 0x85, 0x07, 0xd0, 0x4d, 0xac, 0xff, 0x06, 0x88, 0x30,
  0x47, 0xc8, 0xc0, 0x02, 0x90, 0x01, 0x88,
  // ChkNearMid
  0xad, 0x55, 0x07, 0xc9, 0x70, 0x90, 0x03, 0xac, 0xff, 0x06,
  // ScrollScreen
  0x98, 0x8d, 0x75, 0x07, 0x18, 0x6d, 0x3d, 0x07, 0x8d, 0x3d, 0x07, 0x98, 0x18, 0x6d, 0x1c, 0x07,
  0x8d, 0x1c, 0x07, 0x8d, 0x3f, 0x07, 0xad, 0x1a, 0x07, 0x69, 0x00, 0x8d, 0x1a, 0x07, 0x29, 0x01,
  0x85, 0x00, 0xad, 0x78, 0x07, 0x29, 0xfe, 0x05, 0x00, 0x8d, 0x78, 0x07, 0x20, 0x38, 0xb0, 0xa9,
  0x08, 0x8d, 0x95, 0x07, 0x4c, 0x00, 0xb0,
  // InitScrlAmt
  0xa9, 0x00, 0x8d, 0x75, 0x07,
  // ChkPOffscr
  0xa2, 0x00, 0x20, 0xf6, 0xf1, 0x85, 0x00, 0xa0, 0x00, 0x0a, 0xb0, 0x07, 0xc8, 0xa5, 0x00, 0x29,
  0x20, 0xf0, 0x1b,
  // KeepOnscr
  0xb9, 0x1c, 0x07, 0x38, 0xf9, 0x34, 0xb0, 0x85, 0x86, 0xb9, 0x1a, 0x07, 0xe9, 0x00, 0x85, 0x6d,
  0xa5, 0x0c, 0xd9, 0x36, 0xb0, 0xf0, 0x04, 0xa9, 0x00, 0x85, 0x57,
  // InitPlatScrl
  0xa9, 0x00, 0x8d, 0xa1, 0x03, 0x60,
  // X_SubtracterData
  0x00, 0x10,
  // OffscrJoypadBitsData
  0x01, 0x02,
  // GetScreenPosition
  0xad, 0x1c, 0x07, 0x18, 0x69, 0xff, 0x8d, 0x1d, 0x07, 0xad, 0x1a, 0x07, 0x69, 0x00, 0x8d, 0x1b,
  0x07, 0x60,
  // GameRoutines
  0xa5, 0x0e, 0x20, 0x04, 0x8e, 0x31, 0x91, 0xc7, 0xb1, 0x06, 0xb2, 0xe5, 0xb1, 0xa4, 0xb2, 0xca,
  0xb2, 0xcd, 0x91, 0x69, 0xb0, 0xe9, 0xb0, 0x33, 0xb2, 0x45, 0xb2, 0x69, 0xb2, 0x7d, 0xb2,
  // PlayerEntrance
  0xad, 0x52, 0x07, 0xc9, 0x02, 0xf0, 0x2b, 0xa9, 0x00, 0xa4, 0xce, 0xc0, 0x30, 0x90, 0x6e, 0xad,
  0x10, 0x07, 0xc9, 0x06, 0xf0, 0x04, 0xc9, 0x07, 0xd0, 0x50,
  // ChkBehPipe
  0xad, 0xc4, 0x03, 0xd0, 0x05, 0xa9, 0x01, 0x4c, 0xe6, 0xb0,
  // IntroEntr
  0x20, 0x1f, 0xb2, 0xce, 0xde, 0x06, 0xd0, 0x50, 0xee, 0x69, 0x07, 0x4c, 0x15, 0xb3,
  // EntrMode2
  0xad, 0x58, 0x07, 0xd0, 0x0c, 0xa9, 0xff, 0x20, 0x00, 0xb2, 0xa5, 0xce, 0xc9, 0x91, 0x90, 0x28,
  0x60,
  // VineEntr
  0xad, 0x99, 0x03, 0xc9, 0x60, 0xd0, 0x32, 0xa5, 0xce, 0xc9, 0x99, 0xa0, 0x00, 0xa9, 0x01, 0x90,
  0x0a, 0xa9, 0x03, 0x85, 0x1d, 0xc8, 0xa9, 0x08, 0x8d, 0xb4, 0x05,
  // OffVine
  0x8c, 0x16, 0x07, 0x20, 0xe6, 0xb0, 0xa5, 0x86, 0xc9, 0x48, 0x90, 0x12,
  // PlayerRdy
  0xa9, 0x08, 0x85, 0x0e, 0xa9, 0x01, 0x85, 0x33, 0x4a, 0x8d, 0x52, 0x07, 0x8d, 0x16, 0x07, 0x8d,
  0x58, 0x07,
  // ExitEntr
  0x60,
  // AutoControlPlayer
  0x8d, 0xfc, 0x06,
  // PlayerCtrlRoutine
  0xa5, 0x0e, 0xc9, 0x0b, 0xf0, 0x3c, 0xad, 0x4e, 0x07, 0xd0, 0x10, 0xa4, 0xb5, 0x88, 0xd0, 0x06,
  0xa5, 0xce, 0xc9, 0xd0, 0x90, 0x05,
  // DisJoyp
  0xa9, 0x00, 0x8d, 0xfc, 0x06,
  // SaveJoyp
  0xad, 0xfc, 0x06, 0x29, 0xc0, 0x85, 0x0a, 0xad, 0xfc, 0x06, 0x29, 0x03, 0x85, 0x0c, 0xad, 0xfc,
  0x06, 0x29, 0x0c, 0x85, 0x0b, 0x29, 0x04, 0xf0, 0x0e, 0xa5, 0x1d, 0xd0, 0x0a, 0xa4, 0x0c, 0xf0,
  0x06, 0xa9, 0x00, 0x85, 0x0c, 0x85, 0x0b,
  // SizeChk
  0x20, 0x29, 0xb3, 0xa0, 0x01, 0xad, 0x54, 0x07, 0xd0, 0x09, 0xa0, 0x00, 0xad, 0x14, 0x07, 0xf0,
  0x02, 0xa0, 0x02,
  // ChkMoveDir
  0x8c, 0x99, 0x04, 0xa9, 0x01, 0xa4, 0x57, 0xf0, 0x05, 0x10, 0x01, 0x0a,
  // SetMoveDir
  0x85, 0x45,
  // PlayerSubs
  0x20, 0x93, 0xaf, 0x20, 0x80, 0xf1, 0x20, 0x2a, 0xf1, 0xa2, 0x00, 0x20, 0x9c, 0xe2, 0x20, 0x64,
  0xdc, 0xa5, 0xce, 0xc9, 0x40, 0x90, 0x16, 0xa5, 0x0e, 0xc9, 0x05, 0xf0, 0x10, 0xc9, 0x07, 0xf0,
  0x0c, 0xc9, 0x04, 0x90, 0x08, 0xad, 0xc4, 0x03, 0x29, 0xdf, 0x8d, 0xc4, 0x03,
  // PlayerHole
  0xa5, 0xb5, 0xc9, 0x02, 0x30, 0x3b, 0xa2, 0x01, 0x8e, 0x23, 0x07, 0xa0, 0x04, 0x84, 0x07, 0xa2,
  0x00, 0xac, 0x59, 0x07, 0xd0, 0x05, 0xac, 0x43, 0x07, 0xd0, 0x16,
  // HoleDie
  0xe8, 0xa4, 0x0e, 0xc0, 0x0b, 0xf0, 0x0f, 0xac, 0x12, 0x07, 0xd0, 0x06, 0xc8, 0x84, 0xfc, 0x8c,
  0x12, 0x07,
  // HoleBottom
  0xa0, 0x06, 0x84, 0x07,
  // ChkHoleX
  0xc5, 0x07, 0x30, 0x0c, 0xca, 0x30, 0x0a, 0xac, 0xb1, 0x07, 0xd0, 0x04, 0xa9, 0x06, 0x85, 0x0e,
  // ExitCtrl
  0x60,
  // CloudExit
  0xa9, 0x00, 0x8d, 0x58, 0x07, 0x20, 0xdd, 0xb1, 0xee, 0x52, 0x07, 0x60,
  // Vine_AutoClimb
  0xa5, 0xb5, 0xd0, 0x06, 0xa5, 0xce, 0xc9, 0xe4, 0x90, 0x0c,
  // AutoClimb
  0xa9, 0x08, 0x8d, 0x58, 0x07, 0xa0, 0x03, 0x84, 0x1d, 0x4c, 0xe6, 0xb0,
  // SetEntr
  0xa9, 0x02, 0x8d, 0x52, 0x07, 0x4c, 0x13, 0xb2,
  // VerticalPipeEntry
  0xa9, 0x01, 0x20, 0x00, 0xb2, 0x20, 0x93, 0xaf, 0xa0, 0x00, 0xad, 0xd6, 0x06, 0xd0, 0x17, 0xc8,
  0xad, 0x4e, 0x07, 0xc9, 0x03, 0xd0, 0x0f, 0xc8, 0x4c, 0x0b, 0xb2,
  // MovePlayerYAxis
  0x18, 0x65, 0xce, 0x85, 0xce, 0x60,
  // SideExitPipeEntry
  0x20, 0x1f, 0xb2, 0xa0, 0x02,
  // ChgAreaPipe
  0xce, 0xde, 0x06, 0xd0, 0x0e, 0x8c, 0x52, 0x07,
  // ChgAreaMode
  0xee, 0x74, 0x07, 0xa9, 0x00, 0x8d, 0x72, 0x07, 0x8d, 0x22, 0x07,
  // ExitCAPipe
  0x60,
  // EnterSidePipe
  0xa9, 0x08, 0x85, 0x57, 0xa0, 0x01, 0xa5, 0x86, 0x29, 0x0f, 0xd0, 0x03, 0x85, 0x57, 0xa8,
  // RightPipe
  0x98, 0x20, 0xe6, 0xb0, 0x60,
  // PlayerChangeSize
  0xad, 0x47, 0x07, 0xc9, 0xf8, 0xd0, 0x03, 0x4c, 0x55, 0xb2,
  // EndChgSize
  0xc9, 0xc4, 0xd0, 0x03, 0x20, 0x73, 0xb2,
  // ExitChgSize
  0x60,
  // PlayerInjuryBlink
  0xad, 0x47, 0x07, 0xc9, 0xf0, 0xb0, 0x07, 0xc9, 0xc8, 0xf0, 0x23, 0x4c, 0xe9, 0xb0,
  // ExitBlink
  0xd0, 0x13,
  // InitChangeSize
  0xac, 0x0b, 0x07, 0xd0, 0x0e, 0x8c, 0x0d, 0x07, 0xee, 0x0b, 0x07, 0xad, 0x54, 0x07, 0x49, 0x01,
  0x8d, 0x54, 0x07,
  // ExitBoth
  0x60,
  // PlayerDeath
  0xad, 0x47, 0x07, 0xc9, 0xf0, 0xb0, 0x33, 0x4c, 0xe9, 0xb0,
  // DonePlayerTask
  0xa9, 0x00, 0x8d, 0x47, 0x07, 0xa9, 0x08, 0x85, 0x0e, 0x60,
  // PlayerFireFlower
  0xad, 0x47, 0x07, 0xc9, 0xc0, 0xf0, 0x13, 0xa5, 0x09, 0x4a, 0x4a,
  // CyclePlayerPalette
  0x29, 0x03, 0x85, 0x00, 0xad, 0xc4, 0x03, 0x29, 0xfc, 0x05, 0x00, 0x8d, 0xc4, 0x03, 0x60,
  // ResetPalFireFlower
  0x20, 0x73, 0xb2,
  // ResetPalStar
  0xad, 0xc4, 0x03, 0x29, 0xfc, 0x8d, 0xc4, 0x03, 0x60,
  // ExitDeath
  0x60,
  // FlagpoleSlide
  0xa5, 0x1b, 0xc9, 0x30, 0xd0, 0x15, 0xad, 0x13, 0x07, 0x85, 0xff, 0xa9, 0x00, 0x8d, 0x13, 0x07,
  0xa4, 0xce, 0xc0, 0x9e, 0xb0, 0x02, 0xa9, 0x04,
  // SlidePlayer
  0x4c, 0xe6, 0xb0,
  // NoFPObj
  0xe6, 0x0e, 0x60,
  // Hidden1UpCoinAmts
  // -------------------------------------------------------------------------------------
  0x15, 0x23, 0x16, 0x1b, 0x17, 0x18, 0x23, 0x63,
  // PlayerEndLevel
  0xa9, 0x01, 0x20, 0xe6, 0xb0, 0xa5, 0xce, 0xc9, 0xae, 0x90, 0x0e, 0xad, 0x23, 0x07, 0xf0, 0x09,
  0xa9, 0x20, 0x85, 0xfc, 0xa9, 0x00, 0x8d, 0x23, 0x07,
  // ChkStop
  0xad, 0x90, 0x04, 0x4a, 0xb0, 0x0d, 0xad, 0x46, 0x07, 0xd0, 0x03, 0xee, 0x46, 0x07,
  // InCastle
  0xa9, 0x20, 0x8d, 0xc4, 0x03,
  // RdyNextA
  0xad, 0x46, 0x07, 0xc9, 0x05, 0xd0, 0x2b, 0xee, 0x5c, 0x07, 0xad, 0x5c, 0x07, 0xc9, 0x03, 0xd0,
  0x0e, 0xac, 0x5f, 0x07, 0xad, 0x48, 0x07, 0xd9, 0xc2, 0xb2, 0x90, 0x03, 0xee, 0x5d, 0x07,
  // NextArea
  0xee, 0x60, 0x07, 0x20, 0x03, 0x9c, 0xee, 0x57, 0x07, 0x20, 0x13, 0xb2, 0x8d, 0x5b, 0x07, 0xa9,
  0x80, 0x85, 0xfc,
  // ExitNA
  0x60,
  // PlayerMovementSubs
  0xa9, 0x00, 0xac, 0x54, 0x07, 0xd0, 0x08, 0xa5, 0x1d, 0xd0, 0x07, 0xa5, 0x0b, 0x29, 0x04,
  // SetCrouch
  0x8d, 0x14, 0x07,
  // ProcMove
  0x20, 0x50, 0xb4, 0xad, 0x0b, 0x07, 0xd0, 0x16, 0xa5, 0x1d, 0xc9, 0x03, 0xf0, 0x05, 0xa0, 0x18,
  0x8c, 0x89, 0x07,
  // MoveSubs
  0x20, 0x04, 0x8e, 0x5a, 0xb3, 0x76, 0xb3, 0x6d, 0xb3, 0xcf, 0xb3,
  // NoMoveSub
  0x60,
  // OnGroundStateSub
  0x20, 0x8f, 0xb5, 0xa5, 0x0c, 0xf0, 0x02, 0x85, 0x33,
  // GndMove
  0x20, 0xcc, 0xb5, 0x20, 0x09, 0xbf, 0x8d, 0xff, 0x06, 0x60,
  // FallingSub
  0xad, 0x0a, 0x07, 0x8d, 0x09, 0x07, 0x4c, 0xac, 0xb3,
  // JumpSwimSub
  0xa4, 0x9f, 0x10, 0x13, 0xa5, 0x0a, 0x29, 0x80, 0x25, 0x0d, 0xd0, 0x11, 0xad, 0x08, 0x07, 0x38,
  0xe5, 0xce, 0xcd, 0x06, 0x07, 0x90, 0x06,
  // DumpFall
  0xad, 0x0a, 0x07, 0x8d, 0x09, 0x07,
  // ProcSwim
  0xad, 0x04, 0x07, 0xf0, 0x14, 0x20, 0x8f, 0xb5, 0xa5, 0xce, 0xc9, 0x14, 0xb0, 0x05, 0xa9, 0x18,
  0x8d, 0x09, 0x07,
  // LRWater
  0xa5, 0x0c, 0xf0, 0x02, 0x85, 0x33,
  // LRAir
  0xa5, 0x0c, 0xf0, 0x03, 0x20, 0xcc, 0xb5,
  // JSMove
  0x20, 0x09, 0xbf, 0x8d, 0xff, 0x06, 0xa5, 0x0e, 0xc9, 0x0b, 0xd0, 0x05, 0xa9, 0x28, 0x8d, 0x09,
  0x07,
  // ExitMov1
  0x4c, 0x4d, 0xbf,
  // ClimbAdderLow
  // --------------------------------
  0x0e, 0x04, 0xfc, 0xf2,
  // ClimbAdderHigh
  0x00, 0x00, 0xff, 0xff,
  // ClimbingSub
  0xad, 0x16, 0x04, 0x18, 0x6d, 0x33, 0x04, 0x8d, 0x16, 0x04, 0xa0, 0x00, 0xa5, 0x9f, 0x10, 0x01,
  0x88,
  // MoveOnVine
  0x84, 0x00, 0x65, 0xce, 0x85, 0xce, 0xa5, 0xb5, 0x65, 0x00, 0x85, 0xb5, 0xa5, 0x0c, 0x2d, 0x90,
  0x04, 0xf0, 0x2d, 0xac, 0x89, 0x07, 0xd0, 0x27, 0xa0, 0x18, 0x8c, 0x89, 0x07, 0xa2, 0x00, 0xa4,
  0x33, 0x4a, 0xb0, 0x02, 0xe8, 0xe8,
  // ClimbFD
  0x88, 0xf0, 0x01, 0xe8,
  // CSetFDir
  0xa5, 0x86, 0x18, 0x7d, 0xc7, 0xb3, 0x85, 0x86, 0xa5, 0x6d, 0x7d, 0xcb, 0xb3, 0x85, 0x6d, 0xa5,
  0x0c, 0x49, 0x03, 0x85, 0x33,
  // ExitCSub
  0x60,
  // InitCSTimer
  0x8d, 0x89, 0x07, 0x60,
  // JumpMForceData
  // -------------------------------------------------------------------------------------
  // $00 - used to store offset to friction data
  0x20, 0x20, 0x1e, 0x28, 0x28, 0x0d, 0x04,
  // FallMForceData
  0x70, 0x70, 0x60, 0x90, 0x90, 0x0a, 0x09,
  // PlayerYSpdData
  0xfc, 0xfc, 0xfc, 0xfb, 0xfb, 0xfe, 0xff,
  // InitMForceData
  0x00, 0x00, 0x00, 0x00, 0x00, 0x80, 0x00,
  // MaxLeftXSpdData
  0xd8, 0xe8, 0xf0,
  // MaxRightXSpdData
  0x28, 0x18, 0x10,
  // used for pipe intros
  0x0c,
  // FrictionData
  0xe4, 0x98, 0xd0,
  // Climb_Y_SpeedData
  0x00, 0xff, 0x01,
  // Climb_Y_MForceData
  0x00, 0x20, 0xff,
  // PlayerPhysicsSub
  0xa5, 0x1d, 0xc9, 0x03, 0xd0, 0x23, 0xa0, 0x00, 0xa5, 0x0b, 0x2d, 0x90, 0x04, 0xf0, 0x06, 0xc8,
  0x29, 0x08, 0xd0, 0x01, 0xc8,
  // ProcClimb
  0xbe, 0x4d, 0xb4, 0x8e, 0x33, 0x04, 0xa9, 0x08, 0xbe, 0x4a, 0xb4, 0x86, 0x9f, 0x30, 0x01, 0x4a,
  // SetCAnim
  0x8d, 0x0c, 0x07, 0x60,
  // CheckForJumping
  0xad, 0x0e, 0x07, 0xd0, 0x0a, 0xa5, 0x0a, 0x29, 0x80, 0xf0, 0x04, 0x25, 0x0d, 0xf0, 0x03,
  // NoJump
  0x4c, 0x1c, 0xb5,
  // ProcJumping
  0xa5, 0x1d, 0xf0, 0x11, 0xad, 0x04, 0x07, 0xf0, 0xf4, 0xad, 0x82, 0x07, 0xd0, 0x07, 0xa5, 0x9f,
  0x10, 0x03, 0x4c, 0x1c, 0xb5,
  // InitJS
  0xa9, 0x20, 0x8d, 0x82, 0x07, 0xa0, 0x00, 0x8c, 0x16, 0x04, 0x8c, 0x33, 0x04, 0xa5, 0xb5, 0x8d,
  0x07, 0x07, 0xa5, 0xce, 0x8d, 0x08, 0x07, 0xa9, 0x01, 0x85, 0x1d, 0xad, 0x00, 0x07, 0xc9, 0x09,
  0x90, 0x10, 0xc8, 0xc9, 0x10, 0x90, 0x0b, 0xc8, 0xc9, 0x19, 0x90, 0x06, 0xc8, 0xc9, 0x1c, 0x90,
  0x01, 0xc8,
  // ChkWtr
  0xa9, 0x01, 0x8d, 0x06, 0x07, 0xad, 0x04, 0x07, 0xf0, 0x08, 0xa0, 0x05, 0xad, 0x7d, 0x04, 0xf0,
  0x01, 0xc8,
  // GetYPhy
  0xb9, 0x24, 0xb4, 0x8d, 0x09, 0x07, 0xb9, 0x2b, 0xb4, 0x8d, 0x0a, 0x07, 0xb9, 0x39, 0xb4, 0x8d,
  0x33, 0x04, 0xb9, 0x32, 0xb4, 0x85, 0x9f, 0xad, 0x04, 0x07, 0xf0, 0x11, 0xa9, 0x04, 0x85, 0xff,
  0xa5, 0xce, 0xc9, 0x14, 0xb0, 0x12, 0xa9, 0x00, 0x85, 0x9f, 0x4c, 0x1c, 0xb5,
  // PJumpSnd
  0xa9, 0x01, 0xac, 0x54, 0x07, 0xf0, 0x02, 0xa9, 0x80,
  // SJumpSnd
  0x85, 0xff,
  // X_Physics
  0xa0, 0x00, 0x84, 0x00, 0xa5, 0x1d, 0xf0, 0x09, 0xad, 0x00, 0x07, 0xc9, 0x19, 0xb0, 0x33, 0x90,
  0x18,
  // ProcPRun
  0xc8, 0xad, 0x4e, 0x07, 0xf0, 0x12, 0x88, 0xa5, 0x0c, 0xc5, 0x45, 0xd0, 0x0b, 0xa5, 0x0a, 0x29,
  0x40, 0xd0, 0x19, 0xad, 0x83, 0x07, 0xd0, 0x19,
  // ChkRFast
  0xc8, 0xe6, 0x00, 0xad, 0x03, 0x07, 0xd0, 0x07, 0xad, 0x00, 0x07, 0xc9, 0x21, 0x90, 0x0a,
  // FastXSp
  0xe6, 0x00, 0x4c, 0x5e, 0xb5,
  // SetRTmr
  0xa9, 0x0a, 0x8d, 0x83, 0x07,
  // GetXPhy
  0xb9, 0x40, 0xb4, 0x8d, 0x50, 0x04, 0xa5, 0x0e, 0xc9, 0x07, 0xd0, 0x02, 0xa0, 0x03,
  // GetXPhy2
  0xb9, 0x43, 0xb4, 0x8d, 0x56, 0x04, 0xa4, 0x00, 0xb9, 0x47, 0xb4, 0x8d, 0x02, 0x07, 0xa9, 0x00,
  0x8d, 0x01, 0x07, 0xa5, 0x33, 0xc5, 0x45, 0xf0, 0x06, 0x0e, 0x02, 0x07, 0x2e, 0x01, 0x07,
  // ExitPhy
  0x60,
  // PlayerAnimTmrData
  // -------------------------------------------------------------------------------------
  0x02, 0x04, 0x07,
  // GetPlayerAnimSpeed
  0xa0, 0x00, 0xad, 0x00, 0x07, 0xc9, 0x1c, 0xb0, 0x15, 0xc8, 0xc9, 0x0e, 0xb0, 0x01, 0xc8,
  // ChkSkid
  0xad, 0xfc, 0x06, 0x29, 0x7f, 0xf0, 0x20, 0x29, 0x03, 0xc5, 0x45, 0xd0, 0x08, 0xa9, 0x00,
  // SetRunSpd
  0x8d, 0x03, 0x07, 0x4c, 0xc5, 0xb5,
  // ProcSkid
  0xad, 0x00, 0x07, 0xc9, 0x0b, 0xb0, 0x0b, 0xa5, 0x33, 0x85, 0x45, 0xa9, 0x00, 0x85, 0x57, 0x8d,
  0x05, 0x07,
  // SetAnimSpd
  0xb9, 0x8c, 0xb5, 0x8d, 0x0c, 0x07, 0x60,
  // ImposeFriction
  0x2d, 0x90, 0x04, 0xc9, 0x00, 0xd0, 0x08, 0xa5, 0x57, 0xf0, 0x49, 0x10, 0x23, 0x30, 0x03,
  // JoypFrict
  0x4a, 0x90, 0x1e,
  // LeftFrict
  0xad, 0x05, 0x07, 0x18, 0x6d, 0x02, 0x07, 0x8d, 0x05, 0x07, 0xa5, 0x57, 0x6d, 0x01, 0x07, 0x85,
  0x57, 0xcd, 0x56, 0x04, 0x30, 0x23, 0xad, 0x56, 0x04, 0x85, 0x57, 0x4c, 0x20, 0xb6,
  // RghtFrict
  0xad, 0x05, 0x07, 0x38, 0xed, 0x02, 0x07, 0x8d, 0x05, 0x07, 0xa5, 0x57, 0xed, 0x01, 0x07, 0x85,
  0x57, 0xcd, 0x50, 0x04, 0x10, 0x05, 0xad, 0x50, 0x04, 0x85, 0x57,
  // XSpdSign
  0xc9, 0x00, 0x10, 0x05, 0x49, 0xff, 0x18, 0x69, 0x01,
  // SetAbsSpd
  0x8d, 0x00, 0x07, 0x60,
  // ProcFireball_Bubble
  0xad, 0x56, 0x07, 0xc9, 0x02, 0x90, 0x43, 0xa5, 0x0a, 0x29, 0x40, 0xf0, 0x33, 0x25, 0x0d, 0xd0,
  0x2f, 0xad, 0xce, 0x06, 0x29, 0x01, 0xaa, 0xb5, 0x24, 0xd0, 0x25, 0xa4, 0xb5, 0x88, 0xd0, 0x20,
  0xad, 0x14, 0x07, 0xd0, 0x1b, 0xa5, 0x1d, 0xc9, 0x03, 0xf0, 0x15, 0xa9, 0x20, 0x85, 0xff, 0xa9,
  0x02, 0x95, 0x24, 0xac, 0x0c, 0x07, 0x8c, 0x11, 0x07, 0x88, 0x8c, 0x81, 0x07, 0xee, 0xce, 0x06,
  // ProcFireballs
  0xa2, 0x00, 0x20, 0x89, 0xb6, 0xa2, 0x01, 0x20, 0x89, 0xb6,
  // ProcAirBubbles
  0xad, 0x4e, 0x07, 0xd0, 0x13, 0xa2, 0x02,
  // BublLoop
  0x86, 0x08, 0x20, 0xf9, 0xb6, 0x20, 0x31, 0xf1, 0x20, 0x91, 0xf1, 0x20, 0xe1, 0xed, 0xca, 0x10,
  0xef,
  // BublExit
  0x60,
  // FireballXSpdData
  0x40, 0xc0,
  // FireballObjCore
  0x86, 0x08, 0xb5, 0x24, 0x0a, 0xb0, 0x63, 0xb4, 0x24, 0xf0, 0x5e, 0x88, 0xf0, 0x27, 0xa5, 0x86,
  0x69, 0x04, 0x95, 0x8d, 0xa5, 0x6d, 0x69, 0x00, 0x95, 0x74, 0xa5, 0xce, 0x95, 0xd5, 0xa9, 0x01,
  0x95, 0xbc, 0xa4, 0x33, 0x88, 0xb9, 0x87, 0xb6, 0x95, 0x5e, 0xa9, 0x04, 0x95, 0xa6, 0xa9, 0x07,
  0x9d, 0xa0, 0x04, 0xd6, 0x24,
  // RunFB
  0x8a, 0x18, 0x69, 0x07, 0xaa, 0xa9, 0x50, 0x85, 0x00, 0xa9, 0x03, 0x85, 0x02, 0xa9, 0x00, 0x20,
  0xd7, 0xbf, 0x20, 0x0f, 0xbf, 0xa6, 0x08, 0x20, 0x3b, 0xf1, 0x20, 0x87, 0xf1, 0x20, 0x2d, 0xe2,
  0x20, 0xc8, 0xe1, 0xad, 0xd2, 0x03, 0x29, 0xcc, 0xd0, 0x06, 0x20, 0xd9, 0xd6, 0x4c, 0xde, 0xec,
  // EraseFB
  0xa9, 0x00, 0x95, 0x24,
  // NoFBall
  0x60,
  // FireballExplosion
  0x20, 0x3b, 0xf1, 0x4c, 0x09, 0xed,
  // BubbleCheck
  0xbd, 0xa8, 0x07, 0x29, 0x01, 0x85, 0x07, 0xb5, 0xe4, 0xc9, 0xf8, 0xd0, 0x2c, 0xad, 0x92, 0x07,
  0xd0, 0x3f,
  // SetupBubble
  0xa0, 0x00, 0xa5, 0x33, 0x4a, 0x90, 0x02, 0xa0, 0x08,
  // PosBubl
  0x98, 0x65, 0x86, 0x95, 0x9c, 0xa5, 0x6d, 0x69, 0x00, 0x95, 0x83, 0xa5, 0xce, 0x18, 0x69, 0x08,
  0x95, 0xe4, 0xa9, 0x01, 0x95, 0xcb, 0xa4, 0x07, 0xb9, 0x4d, 0xb7, 0x8d, 0x92, 0x07,
  // MoveBubl
  0xa4, 0x07, 0xbd, 0x2c, 0x04, 0x38, 0xf9, 0x4b, 0xb7, 0x9d, 0x2c, 0x04, 0xb5, 0xe4, 0xe9, 0x00,
  0xc9, 0x20, 0xb0, 0x02, 0xa9, 0xf8,
  // Y_Bubl
  0x95, 0xe4,
  // ExitBubl
  0x60,
  // Bubble_MForceData
  0xff, 0x50,
  // BubbleTimerData
  0x40, 0x20,
  // RunGameTimer
  0xad, 0x70, 0x07, 0xf0, 0x4f, 0xa5, 0x0e, 0xc9, 0x08, 0x90, 0x49, 0xc9, 0x0b, 0xf0, 0x45, 0xa5,
  0xb5, 0xc9, 0x02, 0xb0, 0x3f, 0xad, 0x87, 0x07, 0xd0, 0x3a, 0xad, 0xf8, 0x07, 0x0d, 0xf9, 0x07,
  0x0d, 0xfa, 0x07, 0xf0, 0x26, 0xac, 0xf8, 0x07, 0x88, 0xd0, 0x0c, 0xad, 0xf9, 0x07, 0x0d, 0xfa,
  0x07, 0xd0, 0x04, 0xa9, 0x40, 0x85, 0xfc,
  // ResGTCtrl
  0xa9, 0x18, 0x8d, 0x87, 0x07, 0xa0, 0x23, 0xa9, 0xff, 0x8d, 0x39, 0x01, 0x20, 0x5f, 0x8f, 0xa9,
  0xa4, 0x4c, 0x06, 0x8f,
  // TimeUpOn
  0x8d, 0x56, 0x07, 0x20, 0x31, 0xd9, 0xee, 0x59, 0x07,
  // ExGTimer
  0x60,
  // WarpZoneObject
  0xad, 0x23, 0x07, 0xf0, 0xfa, 0xa5, 0xce, 0x25, 0xb5, 0xd0, 0xf4, 0x8d, 0x23, 0x07, 0xee, 0xd6,
  0x06, 0x4c, 0x98, 0xc9,
  // ProcessWhirlpools
  0xad, 0x4e, 0x07, 0xd0, 0x37, 0x8d, 0x7d, 0x04, 0xad, 0x47, 0x07, 0xd0, 0x2f, 0xa0, 0x04,
  // WhLoop
  0xb9, 0x71, 0x04, 0x18, 0x79, 0x77, 0x04, 0x85, 0x02, 0xb9, 0x6b, 0x04, 0xf0, 0x1c, 0x69, 0x00,
  0x85, 0x01, 0xa5, 0x86, 0x38, 0xf9, 0x71, 0x04, 0xa5, 0x6d, 0xf9, 0x6b, 0x04, 0x30, 0x0b, 0xa5,
  0x02, 0x38, 0xe5, 0x86, 0xa5, 0x01, 0xe5, 0x6d, 0x10, 0x04,
  // NextWh
  0x88, 0x10, 0xd3,
  // ExitWh
  0x60,
  // WhirlpoolActivate
  0xb9, 0x77, 0x04, 0x4a, 0x85, 0x00, 0xb9, 0x71, 0x04, 0x18, 0x65, 0x00, 0x85, 0x01, 0xb9, 0x6b,
  0x04, 0x69, 0x00, 0x85, 0x00, 0xa5, 0x09, 0x4a, 0x90, 0x2c, 0xa5, 0x01, 0x38, 0xe5, 0x86, 0xa5,
  0x00, 0xe5, 0x6d, 0x10, 0x0e, 0xa5, 0x86, 0x38, 0xe9, 0x01, 0x85, 0x86, 0xa5, 0x6d, 0xe9, 0x00,
  0x4c, 0x39, 0xb8,
  // LeftWh
  0xad, 0x90, 0x04, 0x4a, 0x90, 0x0d, 0xa5, 0x86, 0x18, 0x69, 0x01, 0x85, 0x86, 0xa5, 0x6d, 0x69,
  0x00,
  // SetPWh
  0x85, 0x6d,
  // WhPull
  0xa9, 0x10, 0x85, 0x00, 0xa9, 0x01, 0x8d, 0x7d, 0x04, 0x85, 0x02, 0x4a, 0xaa, 0x4c, 0xd7, 0xbf,
  // FlagpoleScoreMods
  // -------------------------------------------------------------------------------------
  0x05, 0x02, 0x08, 0x04, 0x01,
  // FlagpoleScoreDigits
  0x03, 0x03, 0x04, 0x04, 0x04,
  // FlagpoleRoutine
  0xa2, 0x05, 0x86, 0x08, 0xb5, 0x16, 0xc9, 0x30, 0xd0, 0x56, 0xa5, 0x0e, 0xc9, 0x04, 0xd0, 0x31,
  0xa5, 0x1d, 0xc9, 0x03, 0xd0, 0x2b, 0xb5, 0xcf, 0xc9, 0xaa, 0xb0, 0x28, 0xa5, 0xce, 0xc9, 0xa2,
  0xb0, 0x22, 0xbd, 0x17, 0x04, 0x69, 0xff, 0x9d, 0x17, 0x04, 0xb5, 0xcf, 0x69, 0x01, 0x95, 0xcf,
  0xad, 0x0e, 0x01, 0x38, 0xe9, 0xff, 0x8d, 0x0e, 0x01, 0xad, 0x0d, 0x01, 0xe9, 0x01, 0x8d, 0x0d,
  0x01,
  // SkipScore
  0x4c, 0xac, 0xb8,
  // GiveFPScr
  0xac, 0x0f, 0x01, 0xb9, 0x4b, 0xb8, 0xbe, 0x50, 0xb8, 0x9d, 0x34, 0x01, 0x20, 0x27, 0xbc, 0xa9,
  0x05, 0x85, 0x0e,
  // FPGfx
  0x20, 0xaf, 0xf1, 0x20, 0x52, 0xf1, 0x20, 0x4b, 0xe5,
  // ExitFlagP
  0x60,
  // Jumpspring_Y_PosData
  // -------------------------------------------------------------------------------------
  0x08, 0x10, 0x08, 0x00,
  // JumpspringHandler
  0x20, 0xaf, 0xf1, 0xad, 0x47, 0x07, 0xd0, 0x40, 0xad, 0x0e, 0x07, 0xf0, 0x3b, 0xa8, 0x88, 0x98,
  0x29, 0x02, 0xd0, 0x07, 0xe6, 0xce, 0xe6, 0xce, 0x4c, 0xd9, 0xb8,
  // DownJSpr
  0xc6, 0xce, 0xc6, 0xce,
  // PosJSpr
  0xb5, 0x58, 0x18, 0x79, 0xb6, 0xb8, 0x95, 0xcf, 0xc0, 0x01, 0x90, 0x0f, 0xa5, 0x0a, 0x29, 0x80,
  0xf0, 0x09, 0x25, 0x0d, 0xd0, 0x05, 0xa9, 0xf4, 0x8d, 0xdb, 0x06,
  // BounceJS
  0xc0, 0x03, 0xd0, 0x0a, 0xad, 0xdb, 0x06, 0x85, 0x9f, 0xa9, 0x00, 0x8d, 0x0e, 0x07,
  // DrawJSpr
  0x20, 0x52, 0xf1, 0x20, 0x7d, 0xe8, 0x20, 0x7a, 0xd6, 0xad, 0x0e, 0x07, 0xf0, 0x0d, 0xad, 0x86,
  0x07, 0xd0, 0x08, 0xa9, 0x04, 0x8d, 0x86, 0x07, 0xee, 0x0e, 0x07,
  // ExJSpring
  0x60,
  // Setup_Vine
  0xa9, 0x2f, 0x95, 0x16, 0xa9, 0x01, 0x95, 0x0f, 0xb9, 0x76, 0x00, 0x95, 0x6e, 0xb9, 0x8f, 0x00,
  0x95, 0x87, 0xb9, 0xd7, 0x00, 0x95, 0xcf, 0xac, 0x98, 0x03, 0xd0, 0x03, 0x8d, 0x9d, 0x03,
  // NextVO
  0x8a, 0x99, 0x9a, 0x03, 0xee, 0x98, 0x03, 0xa9, 0x04, 0x85, 0xfe, 0x60,
  // VineHeightData
  // -------------------------------------------------------------------------------------
  // $06-$07 - used as address to block buffer data
  // $02 - used as vertical high nybble of block buffer offset
  0x30, 0x60,
  // VineObjectHandler
  0xe0, 0x05, 0xd0, 0x68, 0xac, 0x98, 0x03, 0x88, 0xad, 0x99, 0x03, 0xd9, 0x49, 0xb9, 0xf0, 0x0f,
  0xa5, 0x09, 0x4a, 0x4a, 0x90, 0x09, 0xa5, 0xd4, 0xe9, 0x01, 0x85, 0xd4, 0xee, 0x99, 0x03,
  // RunVSubs
  0xad, 0x99, 0x03, 0xc9, 0x08, 0x90, 0x46, 0x20, 0x52, 0xf1, 0x20, 0xaf, 0xf1, 0xa0, 0x00,
  // VDrawLoop
  0x20, 0x35, 0xe4, 0xc8, 0xcc, 0x98, 0x03, 0xd0, 0xf7, 0xad, 0xd1, 0x03, 0x29, 0x0c, 0xf0, 0x10,
  0x88,
  // KillVine
  0xbe, 0x9a, 0x03, 0x20, 0x98, 0xc9, 0x88, 0x10, 0xf7, 0x8d, 0x98, 0x03, 0x8d, 0x99, 0x03,
  // WrCMTile
  0xad, 0x99, 0x03, 0xc9, 0x20, 0x90, 0x17, 0xa2, 0x06, 0xa9, 0x01, 0xa0, 0x1b, 0x20, 0xf0, 0xe3,
  0xa4, 0x02, 0xc0, 0xd0, 0xb0, 0x08, 0xb1, 0x06, 0xd0, 0x04, 0xa9, 0x26, 0x91, 0x06,
  // ExitVH
  0xa6, 0x08, 0x60,
  // CannonBitmasks
  // -------------------------------------------------------------------------------------
  0x0f, 0x07,
  // ProcessCannons
  0xad, 0x4e, 0x07, 0xf0, 0x6f, 0xa2, 0x02,
  // ThreeSChk
  0x86, 0x08, 0xb5, 0x0f, 0xd0, 0x51, 0xbd, 0xa8, 0x07, 0xac, 0xcc, 0x06, 0x39, 0xba, 0xb9, 0xc9,
  0x06, 0xb0, 0x44, 0xa8, 0xb9, 0x6b, 0x04, 0xf0, 0x3e, 0xb9, 0x7d, 0x04, 0xf0, 0x08, 0xe9, 0x00,
  0x99, 0x7d, 0x04, 0x4c, 0x1a, 0xba,
  // FireCannon
  0xad, 0x47, 0x07, 0xd0, 0x2c, 0xa9, 0x0e, 0x99, 0x7d, 0x04, 0xb9, 0x6b, 0x04, 0x95, 0x6e, 0xb9,
  0x71, 0x04, 0x95, 0x87, 0xb9, 0x77, 0x04, 0x38, 0xe9, 0x08, 0x95, 0xcf, 0xa9, 0x01, 0x95, 0xb6,
  0x95, 0x0f, 0x4a, 0x95, 0x1e, 0xa9, 0x09, 0x9d, 0x9a, 0x04, 0xa9, 0x33, 0x95, 0x16, 0x4c, 0x2d,
  0xba,
  // Chk_BB
  0xb5, 0x16, 0xc9, 0x33, 0xd0, 0x0d, 0x20, 0x7a, 0xd6, 0xb5, 0x0f, 0xf0, 0x06, 0x20, 0xaf, 0xf1,
  0x20, 0x33, 0xba,
  // Next3Slt
  0xca, 0x10, 0x93,
  // ExCannon
  0x60,
  // BulletBillXSpdData
  // --------------------------------
  0x18, 0xe8,
  // BulletBillHandler
  0xad, 0x47, 0x07, 0xd0, 0x3e, 0xb5, 0x1e, 0xd0, 0x2e, 0xad, 0xd1, 0x03, 0x29, 0x0c, 0xc9, 0x0c,
  0xf0, 0x40, 0xa0, 0x01, 0x20, 0x43, 0xe1, 0x30, 0x01, 0xc8,
  // SetupBB
  0x94, 0x46, 0x88, 0xb9, 0x31, 0xba, 0x95, 0x58, 0xa5, 0x00, 0x69, 0x28, 0xc9, 0x50, 0x90, 0x28,
  0xa9, 0x01, 0x95, 0x1e, 0xa9, 0x0a, 0x9d, 0x8a, 0x07, 0xa9, 0x08, 0x85, 0xfe,
  // ChkDSte
  0xb5, 0x1e, 0x29, 0x20, 0xf0, 0x03, 0x20, 0x63, 0xbf,
  // BBFly
  0x20, 0x02, 0xbf,
  // RunBBSubs
  0x20, 0xaf, 0xf1, 0x20, 0x52, 0xf1, 0x20, 0x43, 0xe2, 0x20, 0x53, 0xd8, 0x4c, 0x7d, 0xe8,
  // KillBB
  0x20, 0x98, 0xc9, 0x60,
  // HammerEnemyOfsData
  // -------------------------------------------------------------------------------------
  0x04, 0x04, 0x04, 0x05, 0x05, 0x05, 0x06, 0x06, 0x06,
  // HammerXSpdData
  0x10, 0xf0,
  // SpawnHammerObj
  0xad, 0xa8, 0x07, 0x29, 0x07, 0xd0, 0x05, 0xad, 0xa8, 0x07, 0x29, 0x08,
  // SetMOfs
  0xa8, 0xb9, 0x2a, 0x00, 0xd0, 0x19, 0xbe, 0x89, 0xba, 0xb5, 0x0f, 0xd0, 0x12, 0xa6, 0x08, 0x8a,
  0x99, 0xae, 0x06, 0xa9, 0x90, 0x99, 0x2a, 0x00, 0xa9, 0x07, 0x99, 0xa2, 0x04, 0x38, 0x60,
  // NoHammer
  0xa6, 0x08, 0x18, 0x60,
  // ProcHammerObj
  0xad, 0x47, 0x07, 0xd0, 0x63, 0xb5, 0x2a, 0x29, 0x7f, 0xbc, 0xae, 0x06, 0xc9, 0x02, 0xf0, 0x20,
  0xb0, 0x34, 0x8a, 0x18, 0x69, 0x0d, 0xaa, 0xa9, 0x10, 0x85, 0x00, 0xa9, 0x0f, 0x85, 0x01, 0xa9,
  0x04, 0x85, 0x02, 0xa9, 0x00, 0x20, 0xd7, 0xbf, 0x20, 0x0f, 0xbf, 0xa6, 0x08, 0x4c, 0x28, 0xbb,
  // SetHSpd
  0xa9, 0xfe, 0x95, 0xac, 0xb9, 0x1e, 0x00, 0x29, 0xf7, 0x99, 0x1e, 0x00, 0xb6, 0x46, 0xca, 0xbd,
  0x92, 0xba, 0xa6, 0x08, 0x95, 0x64,
  // SetHPos
  0xd6, 0x2a, 0xb9, 0x87, 0x00, 0x18, 0x69, 0x02, 0x95, 0x93, 0xb9, 0x6e, 0x00, 0x69, 0x00, 0x95,
  0x7a, 0xb9, 0xcf, 0x00, 0x38, 0xe9, 0x0a, 0x95, 0xdb, 0xa9, 0x01, 0x95, 0xc2, 0xd0, 0x03,
  // RunAllH
  0x20, 0xc4, 0xd7,
  // RunHSubs
  0x20, 0x9b, 0xf1, 0x20, 0x48, 0xf1, 0x20, 0x36, 0xe2, 0x20, 0xdc, 0xe4, 0x60,
  // CoinBlock
  0x20, 0x84, 0xbb, 0xb5, 0x76, 0x99, 0x7a, 0x00, 0xb5, 0x8f, 0x09, 0x05, 0x99, 0x93, 0x00, 0xb5,
  0xd7, 0xe9, 0x10, 0x99, 0xdb, 0x00, 0x4c, 0x6c, 0xbb,
  // SetupJumpCoin
  0x20, 0x84, 0xbb, 0xbd, 0xea, 0x03, 0x99, 0x7a, 0x00, 0xa5, 0x06, 0x0a, 0x0a, 0x0a, 0x0a, 0x09,
  0x05, 0x99, 0x93, 0x00, 0xa5, 0x02, 0x69, 0x20, 0x99, 0xdb, 0x00,
  // JCoinC
  0xa9, 0xfb, 0x99, 0xac, 0x00, 0xa9, 0x01, 0x99, 0xc2, 0x00, 0x99, 0x2a, 0x00, 0x85, 0xfe, 0x86,
  0x08, 0x20, 0xfe, 0xbb, 0xee, 0x48, 0x07, 0x60,
  // FindEmptyMiscSlot
  0xa0, 0x08,
  // FMiscLoop
  0xb9, 0x2a, 0x00, 0xf0, 0x07, 0x88, 0xc0, 0x05, 0xd0, 0xf6, 0xa0, 0x08,
  // UseMiscS
  0x8c, 0xb7, 0x06, 0x60,
  // MiscObjectsCore
  0xa2, 0x08,
  // MiscLoop
  0x86, 0x08, 0xb5, 0x2a, 0xf0, 0x56, 0x0a, 0x90, 0x06, 0x20, 0xc3, 0xba, 0x4c, 0xf4, 0xbb,
  // ProcJumpCoin
  0xb4, 0x2a, 0x88, 0xf0, 0x1d, 0xf6, 0x2a, 0xb5, 0x93, 0x18, 0x6d, 0x75, 0x07, 0x95, 0x93, 0xb5,
  0x7a, 0x69, 0x00, 0x95, 0x7a, 0xb5, 0x2a, 0xc9, 0x30, 0xd0, 0x26, 0xa9, 0x00, 0x95, 0x2a, 0x4c,
  0xf4, 0xbb,
  // JCoinRun
  0x8a, 0x18, 0x69, 0x0d, 0xaa, 0xa9, 0x50, 0x85, 0x00, 0xa9, 0x06, 0x85, 0x02, 0x4a, 0x85, 0x01,
  0xa9, 0x00, 0x20, 0xd7, 0xbf, 0xa6, 0x08, 0xb5, 0xac, 0xc9, 0x05, 0xd0, 0x02, 0xf6, 0x2a,
  // RunJCSubs
  0x20, 0x48, 0xf1, 0x20, 0x9b, 0xf1, 0x20, 0x36, 0xe2, 0x20, 0x86, 0xe6,
  // MiscLoopBack
  0xca, 0x10, 0xa1, 0x60,
  // CoinTallyOffsets
  // -------------------------------------------------------------------------------------
  0x17, 0x1d,
  // ScoreOffsets
  0x0b, 0x11,
  // StatusBarNybbles
  0x02, 0x13,
  // GiveOneCoin
  0xa9, 0x01, 0x8d, 0x39, 0x01, 0xae, 0x53, 0x07, 0xbc, 0xf8, 0xbb, 0x20, 0x5f, 0x8f, 0xee, 0x5e,
  0x07, 0xad, 0x5e, 0x07, 0xc9, 0x64, 0xd0, 0x0c, 0xa9, 0x00, 0x8d, 0x5e, 0x07, 0xee, 0x5a, 0x07,
  0xa9, 0x40, 0x85, 0xfe,
  // CoinPoints
  0xa9, 0x02, 0x8d, 0x38, 0x01,
  // AddToScore
  0xae, 0x53, 0x07, 0xbc, 0xfa, 0xbb, 0x20, 0x5f, 0x8f,
  // GetSBNybbles
  0xac, 0x53, 0x07, 0xb9, 0xfc, 0xbb,
  // UpdateNumber
  0x20, 0x06, 0x8f, 0xac, 0x00, 0x03, 0xb9, 0xfb, 0x02, 0xd0, 0x05, 0xa9, 0x24, 0x99, 0xfb, 0x02,
  // NoZSup
  0xa6, 0x08, 0x60,
  // SetupPowerUp
  0xa9, 0x2e, 0x85, 0x1b, 0xb5, 0x76, 0x85, 0x73, 0xb5, 0x8f, 0x85, 0x8c, 0xa9, 0x01, 0x85, 0xbb,
  0xb5, 0xd7, 0x38, 0xe9, 0x08, 0x85, 0xd4,
  // PwrUpJmp
  0xa9, 0x01, 0x85, 0x23, 0x85, 0x14, 0xa9, 0x03, 0x8d, 0x9f, 0x04, 0xa5, 0x39, 0xc9, 0x02, 0xb0,
  0x0a, 0xad, 0x56, 0x07, 0xc9, 0x02, 0x90, 0x01, 0x4a,
  // StrType
  0x85, 0x39,
  // PutBehind
  0xa9, 0x20, 0x8d, 0xca, 0x03, 0xa9, 0x02, 0x85, 0xfe, 0x60,
  // PowerUpObjHandler
  0xa2, 0x05, 0x86, 0x08, 0xa5, 0x23, 0xf0, 0x5d, 0x0a, 0x90, 0x23, 0xad, 0x47, 0x07, 0xd0, 0x43,
  0xa5, 0x39, 0xf0, 0x11, 0xc9, 0x03, 0xf0, 0x0d, 0xc9, 0x02, 0xd0, 0x37, 0x20, 0xf9, 0xca, 0x20,
  0x63, 0xe1, 0x4c, 0xd8, 0xbc,
  // ShroomM
  0x20, 0x77, 0xca, 0x20, 0xc1, 0xdf, 0x4c, 0xd8, 0xbc,
  // GrowThePowerUp
  0xa5, 0x09, 0x29, 0x03, 0xd0, 0x19, 0xc6, 0xd4, 0xa5, 0x23, 0xe6, 0x23, 0xc9, 0x11, 0x90, 0x0f,
  0xa9, 0x10, 0x95, 0x58, 0xa9, 0x80, 0x85, 0x23, 0x0a, 0x8d, 0xca, 0x03, 0x2a, 0x95, 0x46,
  // ChkPUSte
  0xa5, 0x23, 0xc9, 0x06, 0x90, 0x12,
  // RunPUSubs
  0x20, 0x52, 0xf1, 0x20, 0xaf, 0xf1, 0x20, 0x43, 0xe2, 0x20, 0xd2, 0xe6, 0x20, 0x53, 0xd8, 0x20,
  0x7a, 0xd6,
  // ExitPUp
  0x60,
  // BlockYPosAdderData
  // -------------------------------------------------------------------------------------
  // These apply to all routines in this section unless otherwise noted:
  // $00 - used to store metatile from block buffer routine
  // $02 - used to store vertical high nybble offset from block buffer routine
  // $05 - used to store metatile stored in A at beginning of PlayerHeadCollision
  // $06-$07 - used as block buffer address indirect
  0x04, 0x12,
  // PlayerHeadCollision
  0x48, 0xa9, 0x11, 0xae, 0xee, 0x03, 0xac, 0x54, 0x07, 0xd0, 0x02, 0xa9, 0x12,
  // DBlockSte
  0x95, 0x26, 0x20, 0x6b, 0x8a, 0xae, 0xee, 0x03, 0xa5, 0x02, 0x9d, 0xe4, 0x03, 0xa8, 0xa5, 0x06,
  0x9d, 0xe6, 0x03, 0xb1, 0x06, 0x20, 0xf6, 0xbd, 0x85, 0x00, 0xac, 0x54, 0x07, 0xd0, 0x01, 0x98,
  // ChkBrick
  0x90, 0x25, 0xa0, 0x11, 0x94, 0x26, 0xa9, 0xc4, 0xa4, 0x00, 0xc0, 0x58, 0xf0, 0x04, 0xc0, 0x5d,
  0xd0, 0x15,
  // StartBTmr
  0xad, 0xbc, 0x06, 0xd0, 0x08, 0xa9, 0x0b, 0x8d, 0x9d, 0x07, 0xee, 0xbc, 0x06,
  // ContBTmr
  0xad, 0x9d, 0x07, 0xd0, 0x02, 0xa0, 0xc4,
  // PutOldMT
  0x98,
  // PutMTileB
  0x9d, 0xe8, 0x03, 0x20, 0x84, 0xbd, 0xa4, 0x02, 0xa9, 0x23, 0x91, 0x06, 0xa9, 0x10, 0x8d, 0x84,
  0x07, 0x68, 0x85, 0x05, 0xa0, 0x00, 0xad, 0x14, 0x07, 0xd0, 0x05, 0xad, 0x54, 0x07, 0xf0, 0x01,
  // SmallBP
  0xc8,
  // BigBP
  0xa5, 0xce, 0x18, 0x79, 0xeb, 0xbc, 0x29, 0xf0, 0x95, 0xd7, 0xb4, 0x26, 0xc0, 0x11, 0xf0, 0x06,
  0x20, 0x02, 0xbe, 0x4c, 0x7b, 0xbd,
  // Unbreak
  0x20, 0x9b, 0xbd,
  // InvOBit
  0xad, 0xee, 0x03, 0x49, 0x01, 0x8d, 0xee, 0x03, 0x60,
  // InitBlock_XY_Pos
  0xa5, 0x86, 0x18, 0x69, 0x08, 0x29, 0xf0, 0x95, 0x8f, 0xa5, 0x6d, 0x69, 0x00, 0x95, 0x76, 0x9d,
  0xea, 0x03, 0xa5, 0xb5, 0x95, 0xbe, 0x60,
  // BumpBlock
  0x20, 0x1f, 0xbe, 0xa9, 0x02, 0x85, 0xff, 0xa9, 0x00, 0x95, 0x60, 0x9d, 0x3c, 0x04, 0x85, 0x9f,
  0xa9, 0xfe, 0x95, 0xa8, 0xa5, 0x05, 0x20, 0xf6, 0xbd, 0x90, 0x31, 0x98, 0xc9, 0x09, 0x90, 0x02,
  0xe9, 0x05,
  // BlockCode
  0x20, 0x04, 0x8e, 0xd2, 0xbd, 0x38, 0xbb, 0x38, 0xbb, 0xd8, 0xbd, 0xd2, 0xbd, 0xdf, 0xbd, 0xd5,
  0xbd, 0x38, 0xbb, 0xd8, 0xbd,
  // MushFlowerBlock
  0xa9, 0x00,
  // BIT instruction opcode
  0x2c,
  // StarBlock
  0xa9, 0x02,
  // BIT instruction opcode
  0x2c,
  // ExtraLifeMushBlock
  0xa9, 0x03, 0x85, 0x39, 0x4c, 0x49, 0xbc,
  // VineBlock
  0xa2, 0x05, 0xac, 0xee, 0x03, 0x20, 0x1e, 0xb9,
  // ExitBlockChk
  0x60,
  // BrickQBlockMetatiles
  // --------------------------------
  // used by question blocks
  0xc1, 0xc0, 0x5f, 0x60,
  // these two sets are functionally identical, but look different
  // used by ground level types
  0x55, 0x56, 0x57, 0x58, 0x59,
  // used by other level types
  0x5a, 0x5b, 0x5c, 0x5d, 0x5e,
  // BlockBumpedChk
  0xa0, 0x0d,
  // BumpChkLoop
  0xd9, 0xe8, 0xbd, 0xf0, 0x04, 0x88, 0x10, 0xf8, 0x18,
  // MatchBump
  0x60,
  // BrickShatter
  0x20, 0x1f, 0xbe, 0xa9, 0x01, 0x9d, 0xec, 0x03, 0x85, 0xfd, 0x20, 0x41, 0xbe, 0xa9, 0xfe, 0x85,
  0x9f, 0xa9, 0x05, 0x8d, 0x39, 0x01, 0x20, 0x27, 0xbc, 0xae, 0xee, 0x03, 0x60,
  // CheckTopOfBlock
  0xae, 0xee, 0x03, 0xa4, 0x02, 0xf0, 0x1a, 0x98, 0x38, 0xe9, 0x10, 0x85, 0x02, 0xa8, 0xb1, 0x06,
  0xc9, 0xc2, 0xd0, 0x0d, 0xa9, 0x00, 0x91, 0x06, 0x20, 0x4d, 0x8a, 0xae, 0xee, 0x03, 0x20, 0x51,
  0xbb,
  // TopEx
  0x60,
  // SpawnBrickChunks
  0xb5, 0x8f, 0x9d, 0xf1, 0x03, 0xa9, 0xf0, 0x95, 0x60, 0x95, 0x62, 0xa9, 0xfa, 0x95, 0xa8, 0xa9,
  0xfc, 0x95, 0xaa, 0xa9, 0x00, 0x9d, 0x3c, 0x04, 0x9d, 0x3e, 0x04, 0xb5, 0x76, 0x95, 0x78, 0xb5,
  0x8f, 0x95, 0x91, 0xb5, 0xd7, 0x18, 0x69, 0x08, 0x95, 0xd9, 0xa9, 0xfa, 0x95, 0xa8, 0x60,
  // BlockObjectsCore
  0xb5, 0x26, 0xf0, 0x5d, 0x29, 0x0f, 0x48, 0xa8, 0x8a, 0x18, 0x69, 0x09, 0xaa, 0x88, 0xf0, 0x33,
  0x20, 0xa4, 0xbf, 0x20, 0x0f, 0xbf, 0x8a, 0x18, 0x69, 0x02, 0xaa, 0x20, 0xa4, 0xbf, 0x20, 0x0f,
  0xbf, 0xa6, 0x08, 0x20, 0x59, 0xf1, 0x20, 0xb6, 0xf1, 0x20, 0x53, 0xec, 0x68, 0xb4, 0xbe, 0xf0,
  0x30, 0x48, 0xa9, 0xf0, 0xd5, 0xd9, 0xb0, 0x02, 0x95, 0xd9,
  // ChkTop
  0xb5, 0xd7, 0xc9, 0xf0, 0x68, 0x90, 0x20, 0xb0, 0x1c,
  // BouncingBlockHandler
  0x20, 0xa4, 0xbf, 0xa6, 0x08, 0x20, 0x59, 0xf1, 0x20, 0xb6, 0xf1, 0x20, 0xd1, 0xeb, 0xb5, 0xd7,
  0x29, 0x0f, 0xc9, 0x05, 0x68, 0xb0, 0x07, 0xa9, 0x01, 0x9d, 0xec, 0x03,
  // KillBlock
  0xa9, 0x00,
  // UpdSte
  0x95, 0x26, 0x60,
  // BlockObjMT_Updater
  0xa2, 0x01,
  // UpdateLoop
  0x86, 0x08, 0xad, 0x01, 0x03, 0xd0, 0x21, 0xbd, 0xec, 0x03, 0xf0, 0x1c, 0xbd, 0xe6, 0x03, 0x85,
  0x06, 0xa9, 0x05, 0x85, 0x07, 0xbd, 0xe4, 0x03, 0x85, 0x02, 0xa8, 0xbd, 0xe8, 0x03, 0x91, 0x06,
  0x20, 0x61, 0x8a, 0xa9, 0x00, 0x9d, 0xec, 0x03,
  // NextBUpd
  0xca, 0x10, 0xd5, 0x60,
  // MoveEnemyHorizontally
  0xe8, 0x20, 0x0f, 0xbf, 0xa6, 0x08, 0x60,
  // MovePlayerHorizontally
  0xad, 0x0e, 0x07, 0xd0, 0x3e, 0xaa,
  // MoveObjectHorizontally
  0xb5, 0x57, 0x0a, 0x0a, 0x0a, 0x0a, 0x85, 0x01, 0xb5, 0x57, 0x4a, 0x4a, 0x4a, 0x4a, 0xc9, 0x08,
  0x90, 0x02, 0x09, 0xf0,
  // SaveXSpd
  0x85, 0x00, 0xa0, 0x00, 0xc9, 0x00, 0x10, 0x01, 0x88,
  // UseAdder
  0x84, 0x02, 0xbd, 0x00, 0x04, 0x18, 0x65, 0x01, 0x9d, 0x00, 0x04, 0xa9, 0x00, 0x2a, 0x48, 0x6a,
  0xb5, 0x86, 0x65, 0x00, 0x95, 0x86, 0xb5, 0x6d, 0x65, 0x02, 0x95, 0x6d, 0x68, 0x18, 0x65, 0x00,
  // ExXMove
  0x60,
  // MovePlayerVertically
  0xa2, 0x00, 0xad, 0x47, 0x07, 0xd0, 0x05, 0xad, 0x0e, 0x07, 0xd0, 0xf3,
  // NoJSChk
  0xad, 0x09, 0x07, 0x85, 0x00, 0xa9, 0x04, 0x4c, 0xad, 0xbf,
  // MoveD_EnemyVertically
  0xa0, 0x3d, 0xb5, 0x1e, 0xc9, 0x05, 0xd0, 0x02,
  // MoveFallingPlatform
  0xa0, 0x20,
  // ContVMove
  0x4c, 0x94, 0xbf,
  // MoveRedPTroopaDown
  0xa0, 0x00, 0x4c, 0x77, 0xbf,
  // MoveRedPTroopaUp
  0xa0, 0x01,
  // MoveRedPTroopa
  0xe8, 0xa9, 0x03, 0x85, 0x00, 0xa9, 0x06, 0x85, 0x01, 0xa9, 0x02, 0x85, 0x02, 0x98, 0x4c, 0xd1,
  0xbf,
  // MoveDropPlatform
  0xa0, 0x7f, 0xd0, 0x02,
  // MoveEnemySlowVert
  0xa0, 0x0f,
  // SetMdMax
  0xa9, 0x02, 0xd0, 0x04,
  // MoveJ_EnemyVertically
  0xa0, 0x1c,
  // SetHiMax
  0xa9, 0x03,
  // SetXMoveAmt
  0x84, 0x00, 0xe8, 0x20, 0xad, 0xbf, 0xa6, 0x08, 0x60,
  // MaxSpdBlockData
  // --------------------------------
  0x06, 0x08,
  // ResidualGravityCode
  0xa0, 0x00,
  // no code branches or jumps to it...
  0x2c,
  // ImposeGravityBlock
  0xa0, 0x01, 0xa9, 0x50, 0x85, 0x00, 0xb9, 0x9f, 0xbf,
  // ImposeGravitySprObj
  0x85, 0x02, 0xa9, 0x00, 0x4c, 0xd7, 0xbf,
  // MovePlatformDown
  0xa9, 0x00,
  // part as BIT instruction)
  0x2c,
  // MovePlatformUp
  0xa9, 0x01, 0x48, 0xb4, 0x16, 0xe8, 0xa9, 0x05, 0xc0, 0x29, 0xd0, 0x02, 0xa9, 0x09,
  // SetDplSpd
  0x85, 0x00, 0xa9, 0x0a, 0x85, 0x01, 0xa9, 0x03, 0x85, 0x02, 0x68, 0xa8,
  // RedPTroopaGrav
  0x20, 0xd7, 0xbf, 0xa6, 0x08, 0x60,
  // ImposeGravity
  0x48, 0xbd, 0x16, 0x04, 0x18, 0x7d, 0x33, 0x04, 0x9d, 0x16, 0x04, 0xa0, 0x00, 0xb5, 0x9f, 0x10,
  0x01, 0x88,
  // AlterYP
  0x84, 0x07, 0x75, 0xce, 0x95, 0xce, 0xb5, 0xb5, 0x65, 0x07, 0x95, 0xb5, 0xbd, 0x33, 0x04, 0x18,
  0x65, 0x00, 0x9d, 0x33, 0x04, 0xb5, 0x9f, 0x69, 0x00, 0x95, 0x9f, 0xc5, 0x02, 0x30, 0x10, 0xbd,
  0x33, 0x04, 0xc9, 0x80, 0x90, 0x09, 0xa5, 0x02, 0x95, 0x9f, 0xa9, 0x00, 0x9d, 0x33, 0x04,
  // ChkUpM
  0x68, 0xf0, 0x2b, 0xa5, 0x02, 0x49, 0xff, 0xa8, 0xc8, 0x84, 0x07, 0xbd, 0x33, 0x04, 0x38, 0xe5,
  0x01, 0x9d, 0x33, 0x04, 0xb5, 0x9f, 0xe9, 0x00, 0x95, 0x9f, 0xc5, 0x07, 0x10, 0x10, 0xbd, 0x33,
  0x04, 0xc9, 0x80, 0xb0, 0x09, 0xa5, 0x07, 0x95, 0x9f, 0xa9, 0xff, 0x9d, 0x33, 0x04,
  // ExVMove
  0x60,
  // EnemiesAndLoopsCore
  0xb5, 0x0f, 0x48, 0x0a, 0xb0, 0x12, 0x68, 0xf0, 0x03, 0x4c, 0x82, 0xc8,
  // ChkAreaTsk
  0xad, 0x1f, 0x07, 0x29, 0x07, 0xc9, 0x07, 0xf0, 0x0e, 0x4c, 0xcc, 0xc0,
  // ChkBowserF
  0x68, 0x29, 0x0f, 0xa8, 0xb9, 0x0f, 0x00, 0xd0, 0x02, 0x95, 0x0f,
  // ExitELCore
  0x60,
  // LoopCmdWorldNumber
  // --------------------------------
  // loop command data
  0x03, 0x03, 0x06, 0x06, 0x06, 0x06, 0x06, 0x06, 0x07, 0x07, 0x07,
  // LoopCmdPageNumber
  0x05, 0x09, 0x04, 0x05, 0x06, 0x08, 0x09, 0x0a, 0x06, 0x0b, 0x10,
  // LoopCmdYPosition
  0x40, 0xb0, 0xb0, 0x80, 0x40, 0x40, 0x80, 0x40, 0xf0, 0xf0, 0xf0,
  // ExecGameLoopback
  0xa5, 0x6d, 0x38, 0xe9, 0x04, 0x85, 0x6d, 0xad, 0x25, 0x07, 0x38, 0xe9, 0x04, 0x8d, 0x25, 0x07,
  0xad, 0x1a, 0x07, 0x38, 0xe9, 0x04, 0x8d, 0x1a, 0x07, 0xad, 0x1b, 0x07, 0x38, 0xe9, 0x04, 0x8d,
  0x1b, 0x07, 0xad, 0x2a, 0x07, 0x38, 0xe9, 0x04, 0x8d, 0x2a, 0x07, 0xa9, 0x00, 0x8d, 0x3b, 0x07,
  0x8d, 0x2b, 0x07, 0x8d, 0x39, 0x07, 0x8d, 0x3a, 0x07, 0xb9, 0xf8, 0x9b, 0x8d, 0x2c, 0x07, 0x60,
  // ProcLoopCommand
  0xad, 0x45, 0x07, 0xf0, 0x5e, 0xad, 0x26, 0x07, 0xd0, 0x59, 0xa0, 0x0b,
  // FindLoop
  0x88, 0x30, 0x54, 0xad, 0x5f, 0x07, 0xd9, 0x6b, 0xc0, 0xd0, 0xf5, 0xad, 0x25, 0x07, 0xd9, 0x76,
  0xc0, 0xd0, 0xed, 0xa5, 0xce, 0xd9, 0x81, 0xc0, 0xd0, 0x23, 0xa5, 0x1d, 0xc9, 0x00, 0xd0, 0x1d,
  0xad, 0x5f, 0x07, 0xc9, 0x06, 0xd0, 0x23, 0xee, 0xd9, 0x06,
  // IncMLoop
  0xee, 0xda, 0x06, 0xad, 0xda, 0x06, 0xc9, 0x03, 0xd0, 0x1e, 0xad, 0xd9, 0x06, 0xc9, 0x03, 0xf0,
  0x0f, 0xd0, 0x07,
  // WrongChk
  0xad, 0x5f, 0x07, 0xc9, 0x06, 0xf0, 0xe6,
  // DoLpBack
  0x20, 0x8c, 0xc0, 0x20, 0x71, 0xd0,
  // InitMLp
  0xa9, 0x00, 0x8d, 0xda, 0x06, 0x8d, 0xd9, 0x06,
  // InitLCmd
  0xa9, 0x00, 0x8d, 0x45, 0x07,
  // ChkEnemyFrenzy
  0xad, 0xcd, 0x06, 0xf0, 0x10, 0x95, 0x16, 0xa9, 0x01, 0x95, 0x0f, 0xa9, 0x00, 0x95, 0x1e, 0x8d,
  0xcd, 0x06, 0x4c, 0x26, 0xc2,
  // ProcessEnemyData
  0xac, 0x39, 0x07, 0xb1, 0xe9, 0xc9, 0xff, 0xd0, 0x03, 0x4c, 0x16, 0xc2,
  // CheckEndofBuffer
  0x29, 0x0f, 0xc9, 0x0e, 0xf0, 0x0e, 0xe0, 0x05, 0x90, 0x0a, 0xc8, 0xb1, 0xe9, 0x29, 0x3f, 0xc9,
  0x2e, 0xf0, 0x01, 0x60,
  // CheckRightBounds
  0xad, 0x1d, 0x07, 0x18, 0x69, 0x30, 0x29, 0xf0, 0x85, 0x07, 0xad, 0x1b, 0x07, 0x69, 0x00, 0x85,
  0x06, 0xac, 0x39, 0x07, 0xc8, 0xb1, 0xe9, 0x0a, 0x90, 0x0b, 0xad, 0x3b, 0x07, 0xd0, 0x06, 0xee,
  0x3b, 0x07, 0xee, 0x3a, 0x07,
  // CheckPageCtrlRow
  0x88, 0xb1, 0xe9, 0x29, 0x0f, 0xc9, 0x0f, 0xd0, 0x19, 0xad, 0x3b, 0x07, 0xd0, 0x14, 0xc8, 0xb1,
  0xe9, 0x29, 0x3f, 0x8d, 0x3a, 0x07, 0xee, 0x39, 0x07, 0xee, 0x39, 0x07, 0xee, 0x3b, 0x07, 0x4c,
  0xcc, 0xc0,
  // PositionEnemyObj
  0xad, 0x3a, 0x07, 0x95, 0x6e, 0xb1, 0xe9, 0x29, 0xf0, 0x95, 0x87, 0xcd, 0x1d, 0x07, 0xb5, 0x6e,
  0xed, 0x1b, 0x07, 0xb0, 0x0b, 0xb1, 0xe9, 0x29, 0x0f, 0xc9, 0x0e, 0xf0, 0x69, 0x4c, 0x50, 0xc2,
  // CheckRightExtBounds
  0xa5, 0x07, 0xd5, 0x87, 0xa5, 0x06, 0xf5, 0x6e, 0x90, 0x41, 0xa9, 0x01, 0x95, 0xb6, 0xb1, 0xe9,
  0x0a, 0x0a, 0x0a, 0x0a, 0x95, 0xcf, 0xc9, 0xe0, 0xf0, 0x4c, 0xc8, 0xb1, 0xe9, 0x29, 0x40, 0xf0,
  0x05, 0xad, 0xcc, 0x06, 0xf0, 0x6d,
  // CheckForEnemyGroup
  0xb1, 0xe9, 0x29, 0x3f, 0xc9, 0x37, 0x90, 0x04, 0xc9, 0x3f, 0x90, 0x31,
  // BuzzyBeetleMutate
  0xc9, 0x06, 0xd0, 0x07, 0xac, 0x6a, 0x07, 0xf0, 0x02, 0xa9, 0x02,
  // StrID
  0x95, 0x16, 0xa9, 0x01, 0x95, 0x0f, 0x20, 0x26, 0xc2, 0xb5, 0x0f, 0xd0, 0x49, 0x60,
  // CheckFrenzyBuffer
  0xad, 0xcb, 0x06, 0xd0, 0x09, 0xad, 0x98, 0x03, 0xc9, 0x01, 0xd0, 0x0b, 0xa9, 0x2f,
  // StrFre
  0x95, 0x16,
  // InitEnemyObject
  0xa9, 0x00, 0x95, 0x1e, 0x20, 0x6c, 0xc2,
  // ExEPar
  0x60,
  // DoGroup
  0x4c, 0x1b, 0xc7,
  // ParseRow0e
  0xc8, 0xc8, 0xb1, 0xe9, 0x4a, 0x4a, 0x4a, 0x4a, 0x4a, 0xcd, 0x5f, 0x07, 0xd0, 0x0e, 0x88, 0xb1,
  0xe9, 0x8d, 0x50, 0x07, 0xc8, 0xb1, 0xe9, 0x29, 0x1f, 0x8d, 0x51, 0x07,
  // NotUse
  0x4c, 0x5b, 0xc2,
  // CheckThreeBytes
  0xac, 0x39, 0x07, 0xb1, 0xe9, 0x29, 0x0f, 0xc9, 0x0e, 0xd0, 0x03,
  // Inc3B
  0xee, 0x39, 0x07,
  // Inc2B
  0xee, 0x39, 0x07, 0xee, 0x39, 0x07, 0xa9, 0x00, 0x8d, 0x3b, 0x07, 0xa6, 0x08, 0x60,
  // CheckpointEnemyID
  0xb5, 0x16, 0xc9, 0x15, 0xb0, 0x0d, 0xa8, 0xb5, 0xcf, 0x69, 0x08, 0x95, 0xcf, 0xa9, 0x01, 0x9d,
  0xd8, 0x03, 0x98,
  // InitEnemyRoutines
  0x20, 0x04, 0x8e,
  // jump engine table for newly loaded enemy objects
  // for objects $00-$0f
  0x0e, 0xc3, 0x0e, 0xc3, 0x0e, 0xc3, 0x1e, 0xc3, 0xf0, 0xc2, 0x28, 0xc3, 0xf1, 0xc2, 0x42, 0xc3,
  0x6b, 0xc3, 0xf0, 0xc2, 0x75, 0xc3, 0x75, 0xc3, 0xf7, 0xc2, 0x87, 0xc7, 0xd1, 0xc7, 0x4a, 0xc3,
  // for objects $10-$1f
  0x3d, 0xc3, 0x85, 0xc3, 0xa0, 0xc7, 0xf0, 0xc2, 0xa0, 0xc7, 0xa0, 0xc7, 0xa0, 0xc7, 0xa0, 0xc7,
  0xb8, 0xc7, 0xf0, 0xc2, 0xf0, 0xc2, 0x5c, 0xc4, 0x5c, 0xc4, 0x5c, 0xc4, 0x5c, 0xc4, 0x59, 0xc4,
  // for objects $20-$2f
  0xf0, 0xc2, 0xf0, 0xc2, 0xf0, 0xc2, 0xf0, 0xc2, 0xdf, 0xc7, 0x12, 0xc8, 0x3f, 0xc8, 0x45, 0xc8,
  0x0b, 0xc8, 0x03, 0xc8, 0x0b, 0xc8, 0x4b, 0xc8, 0x57, 0xc8, 0x49, 0xc5,
  // possibly dummy value
  0x60, 0xbc, 0x1e, 0xb9,
  // for objects $30-$36
  0xf0, 0xc2, 0xf0, 0xc2, 0xf0, 0xc2, 0xf0, 0xc2, 0xf0, 0xc2, 0x07, 0xc3, 0x81, 0xc8,
  // NoInitCode
  0x60,
  // InitGoomba
  0x20, 0x0e, 0xc3, 0x4c, 0x46, 0xc3,
  // InitPodoboo
  0xa9, 0x02, 0x95, 0xb6, 0x95, 0xcf, 0x4a, 0x9d, 0x96, 0x07, 0x4a, 0x95, 0x1e, 0x4c, 0x46, 0xc3,
  // InitRetainerObj
  0xa9, 0xb8, 0x95, 0xcf, 0x60,
  // NormalXSpdData
  // --------------------------------
  0xf8, 0xf4,
  // InitNormalEnemy
  0xa0, 0x01, 0xad, 0x6a, 0x07, 0xd0, 0x01, 0x88,
  // GetESpd
  0xb9, 0x0c, 0xc3,
  // SetESpd
  0x95, 0x58, 0x4c, 0x5a, 0xc3,
  // InitRedKoopa
  0x20, 0x0e, 0xc3, 0xa9, 0x01, 0x95, 0x1e, 0x60,
  // HBroWalkingTimerData
  // --------------------------------
  0x80, 0x50,
  // InitHammerBro
  0xa9, 0x00, 0x9d, 0xa2, 0x03, 0x95, 0x58, 0xac, 0xcc, 0x06, 0xb9, 0x26, 0xc3, 0x9d, 0x96, 0x07,
  0xa9, 0x0b, 0x4c, 0x5c, 0xc3,
  // InitHorizFlySwimEnemy
  0xa9, 0x00, 0x4c, 0x19, 0xc3,
  // InitBloober
  0xa9, 0x00, 0x95, 0x58,
  // SmallBBox
  0xa9, 0x09, 0xd0, 0x12,
  // InitRedPTroopa
  0xa0, 0x30, 0xb5, 0xcf, 0x9d, 0x01, 0x04, 0x10, 0x02, 0xa0, 0xe0,
  // GetCent
  0x98, 0x75, 0xcf, 0x95, 0x58,
  // TallBBox
  0xa9, 0x03,
  // SetBBox
  0x9d, 0x9a, 0x04, 0xa9, 0x02, 0x95, 0x46,
  // InitVStf
  0xa9, 0x00, 0x95, 0xa0, 0x9d, 0x34, 0x04, 0x60,
  // InitBulletBill
  0xa9, 0x02, 0x95, 0x46, 0xa9, 0x09, 0x9d, 0x9a, 0x04, 0x60,
  // InitCheepCheep
  0x20, 0x46, 0xc3, 0xbd, 0xa7, 0x07, 0x29, 0x10, 0x95, 0x58, 0xb5, 0xcf, 0x9d, 0x34, 0x04, 0x60,
  // InitLakitu
  0xad, 0xcb, 0x06, 0xd0, 0x0b,
  // SetupLakitu
  0xa9, 0x00, 0x8d, 0xd1, 0x06, 0x20, 0x3d, 0xc3, 0x4c, 0xd9, 0xc7,
  // KillLakitu
  0x4c, 0x98, 0xc9,
  // PRDiffAdjustData
  // --------------------------------
  // $01-$03 - used to hold pseudorandom difference adjusters
  0x26, 0x2c, 0x32, 0x38, 0x20, 0x22, 0x24, 0x26, 0x13, 0x14, 0x15, 0x16,
  // LakituAndSpinyHandler
  0xad, 0x8f, 0x07, 0xd0, 0x3c, 0xe0, 0x05, 0xb0, 0x38, 0xa9, 0x80, 0x8d, 0x8f, 0x07, 0xa0, 0x04,
  // ChkLak
  0xb9, 0x16, 0x00, 0xc9, 0x11, 0xf0, 0x2b, 0x88, 0x10, 0xf6, 0xee, 0xd1, 0x06, 0xad, 0xd1, 0x06,
  0xc9, 0x07, 0x90, 0x1d, 0xa2, 0x04,
  // ChkNoEn
  0xb5, 0x0f, 0xf0, 0x05, 0xca, 0x10, 0xf9, 0x30, 0x10,
  // CreateL
  0xa9, 0x00, 0x95, 0x1e, 0xa9, 0x11, 0x95, 0x16, 0x20, 0x8a, 0xc3, 0xa9, 0x20, 0x20, 0xd8, 0xc5,
  // RetEOfs
  0xa6, 0x08,
  // ExLSHand
  0x60,
  // CreateSpiny
  0xa5, 0xce, 0xc9, 0x2c, 0x90, 0xf9, 0xb9, 0x1e, 0x00, 0xd0, 0xf4, 0xb9, 0x6e, 0x00, 0x95, 0x6e,
  0xb9, 0x87, 0x00, 0x95, 0x87, 0xa9, 0x01, 0x95, 0xb6, 0xb9, 0xcf, 0x00, 0x38, 0xe9, 0x08, 0x95,
  0xcf, 0xbd, 0xa7, 0x07, 0x29, 0x03, 0xa8, 0xa2, 0x02,
  // DifLoop
  0xb9, 0x98, 0xc3, 0x95, 0x01, 0xc8, 0xc8, 0xc8, 0xc8, 0xca, 0x10, 0xf4, 0xa6, 0x08, 0x20, 0x6c,
  0xcf, 0xa4, 0x57, 0xc0, 0x08, 0xb0, 0x0e, 0xa8, 0xbd, 0xa8, 0x07, 0x29, 0x03, 0xf0, 0x05, 0x98,
  0x49, 0xff, 0xa8, 0xc8,
  // UsePosv
  0x98,
  // SetSpSpd
  0x20, 0x46, 0xc3, 0xa0, 0x02, 0x95, 0x58, 0xc9, 0x00, 0x30, 0x01, 0x88,
  // SpinyRte
  0x94, 0x46, 0xa9, 0xfd, 0x95, 0xa0, 0xa9, 0x01, 0x95, 0x0f, 0xa9, 0x05, 0x95, 0x1e,
  // ChpChpEx
  0x60,
  // FirebarSpinSpdData
  // --------------------------------
  0x28, 0x38, 0x28, 0x38, 0x28,
  // FirebarSpinDirData
  0x00, 0x00, 0x10, 0x10, 0x00,
  // InitLongFirebar
  0x20, 0x75, 0xc5,
  // InitShortFirebar
  0xa9, 0x00, 0x95, 0x58, 0xb5, 0x16, 0x38, 0xe9, 0x1b, 0xa8, 0xb9, 0x4f, 0xc4, 0x9d, 0x88, 0x03,
  0xb9, 0x54, 0xc4, 0x95, 0x34, 0xb5, 0xcf, 0x18, 0x69, 0x04, 0x95, 0xcf, 0xb5, 0x87, 0x18, 0x69,
  0x04, 0x95, 0x87, 0xb5, 0x6e, 0x69, 0x00, 0x95, 0x6e, 0x4c, 0xd9, 0xc7,
  // FlyCCXPositionData
  // --------------------------------
  // $00-$01 - used to hold pseudorandom bits
  0x80, 0x30, 0x40, 0x80, 0x30, 0x50, 0x50, 0x70, 0x20, 0x40, 0x80, 0xa0, 0x70, 0x40, 0x90, 0x68,
  // FlyCCXSpeedData
  0x0e, 0x05, 0x06, 0x0e, 0x1c, 0x20, 0x10, 0x0c, 0x1e, 0x22, 0x18, 0x14,
  // FlyCCTimerData
  0x10, 0x60, 0x20, 0x48,
  // InitFlyingCheepCheep
  0xad, 0x8f, 0x07, 0xd0, 0xa1, 0x20, 0x46, 0xc3, 0xbd, 0xa8, 0x07, 0x29, 0x03, 0xa8, 0xb9, 0xa4,
  0xc4, 0x8d, 0x8f, 0x07, 0xa0, 0x03, 0xad, 0xcc, 0x06, 0xf0, 0x01, 0xc8,
  // MaxCC
  0x84, 0x00, 0xe4, 0x00, 0xb0, 0x84, 0xbd, 0xa7, 0x07, 0x29, 0x03, 0x85, 0x00, 0x85, 0x01, 0xa9,
  0xfb, 0x95, 0xa0, 0xa9, 0x00, 0xa4, 0x57, 0xf0, 0x07, 0xa9, 0x04, 0xc0, 0x19, 0x90, 0x01, 0x0a,
  // GSeed
  0x48, 0x18, 0x65, 0x00, 0x85, 0x00, 0xbd, 0xa8, 0x07, 0x29, 0x03, 0xf0, 0x07, 0xbd, 0xa9, 0x07,
  0x29, 0x0f, 0x85, 0x00,
  // RSeed
  0x68, 0x18, 0x65, 0x01, 0xa8, 0xb9, 0x98, 0xc4, 0x95, 0x58, 0xa9, 0x01, 0x95, 0x46, 0xa5, 0x57,
  0xd0, 0x12, 0xa4, 0x00, 0x98, 0x29, 0x02, 0xf0, 0x0b, 0xb5, 0x58, 0x49, 0xff, 0x18, 0x69, 0x01,
  0x95, 0x58, 0xf6, 0x46,
  // D2XPos1
  0x98, 0x29, 0x02, 0xf0, 0x0f, 0xa5, 0x86, 0x18, 0x79, 0x88, 0xc4, 0x95, 0x87, 0xa5, 0x6d, 0x69,
  0x00, 0x4c, 0x3c, 0xc5,
  // D2XPos2
  0xa5, 0x86, 0x38, 0xf9, 0x88, 0xc4, 0x95, 0x87, 0xa5, 0x6d, 0xe9, 0x00,
  // FinCCSt
  0x95, 0x6e, 0xa9, 0x01, 0x95, 0x0f, 0x95, 0xb6, 0xa9, 0xf8, 0x95, 0xcf, 0x60,
  // InitBowser
  0x20, 0x75, 0xc5, 0x8e, 0x68, 0x03, 0xa9, 0x00, 0x8d, 0x63, 0x03, 0x8d, 0x69, 0x03, 0xb5, 0x87,
  0x8d, 0x66, 0x03, 0xa9, 0xdf, 0x8d, 0x90, 0x07, 0x95, 0x46, 0xa9, 0x20, 0x8d, 0x64, 0x03, 0x9d,
  0x8a, 0x07, 0xa9, 0x05, 0x8d, 0x83, 0x04, 0x4a, 0x8d, 0x65, 0x03, 0x60,
  // DuplicateEnemyObj
  0xa0, 0xff,
  // FSLoop
  0xc8, 0xb9, 0x0f, 0x00, 0xd0, 0xfa, 0x8c, 0xcf, 0x06, 0x8a, 0x09, 0x80, 0x99, 0x0f, 0x00, 0xb5,
  0x6e, 0x99, 0x6e, 0x00, 0xb5, 0x87, 0x99, 0x87, 0x00, 0xa9, 0x01, 0x95, 0x0f, 0x99, 0xb6, 0x00,
  0xb5, 0xcf, 0x99, 0xcf, 0x00,
  // FlmEx
  0x60,
  // FlameYPosData
  // --------------------------------
  0x90, 0x80, 0x70, 0x90,
  // FlameYMFAdderData
  0xff, 0x01,
  // InitBowserFlame
  0xad, 0x8f, 0x07, 0xd0, 0xf4, 0x9d, 0x34, 0x04, 0xa5, 0xfd, 0x09, 0x02, 0x85, 0xfd, 0xac, 0x68,
  0x03, 0xb9, 0x16, 0x00, 0xc9, 0x2d, 0xf0, 0x31, 0x20, 0xd9, 0xd1, 0x18, 0x69, 0x20, 0xac, 0xcc,
  0x06, 0xf0, 0x03, 0x38, 0xe9, 0x10,
  // SetFrT
  0x8d, 0x8f, 0x07, 0xbd, 0xa7, 0x07, 0x29, 0x03, 0x9d, 0x17, 0x04, 0xa8, 0xb9, 0x9d, 0xc5,
  // PutAtRightExtent
  0x95, 0xcf, 0xad, 0x1d, 0x07, 0x18, 0x69, 0x20, 0x95, 0x87, 0xad, 0x1b, 0x07, 0x69, 0x00, 0x95,
  0x6e, 0x4c, 0x1f, 0xc6,
  // SpawnFromMouth
  0xb9, 0x87, 0x00, 0x38, 0xe9, 0x0e, 0x95, 0x87, 0xb9, 0x6e, 0x00, 0x95, 0x6e, 0xb9, 0xcf, 0x00,
  0x18, 0x69, 0x08, 0x95, 0xcf, 0xbd, 0xa7, 0x07, 0x29, 0x03, 0x9d, 0x17, 0x04, 0xa8, 0xb9, 0x9d,
  0xc5, 0xa0, 0x00, 0xd5, 0xcf, 0x90, 0x01, 0xc8,
  // SetMF
  0xb9, 0xa1, 0xc5, 0x9d, 0x34, 0x04, 0xa9, 0x00, 0x8d, 0xcb, 0x06,
  // FinishFlame
  0xa9, 0x08, 0x9d, 0x9a, 0x04, 0xa9, 0x01, 0x95, 0xb6, 0x95, 0x0f, 0x4a, 0x9d, 0x01, 0x04, 0x95,
  0x1e, 0x60,
  // FireworksXPosData
  // --------------------------------
  0x00, 0x30, 0x60, 0x60, 0x00, 0x20,
  // FireworksYPosData
  0x60, 0x40, 0x70, 0x40, 0x60, 0x30,
  // InitFireworks
  0xad, 0x8f, 0x07, 0xd0, 0x47, 0xa9, 0x20, 0x8d, 0x8f, 0x07, 0xce, 0xd7, 0x06, 0xa0, 0x06,
  // StarFChk
  0x88, 0xb9, 0x16, 0x00, 0xc9, 0x31, 0xd0, 0xf8, 0xb9, 0x87, 0x00, 0x38, 0xe9, 0x30, 0x48, 0xb9,
  0x6e, 0x00, 0xe9, 0x00, 0x85, 0x00, 0xad, 0xd7, 0x06, 0x18, 0x79, 0x1e, 0x00, 0xa8, 0x68, 0x18,
  0x79, 0x31, 0xc6, 0x95, 0x87, 0xa5, 0x00, 0x69, 0x00, 0x95, 0x6e, 0xb9, 0x37, 0xc6, 0x95, 0xcf,
  0xa9, 0x01, 0x95, 0xb6, 0x95, 0x0f, 0x4a, 0x95, 0x58, 0xa9, 0x08, 0x95, 0xa0,
  // ExitFWk
  0x60,
  // Bitmasks
  // --------------------------------
  0x01, 0x02, 0x04, 0x08, 0x10, 0x20, 0x40, 0x80,
  // Enemy17YPosData
  0x40, 0x30, 0x90, 0x50, 0x20, 0x60, 0xa0, 0x70,
  // SwimCC_IDData
  0x0a, 0x0b,
  // BulletBillCheepCheep
  0xad, 0x8f, 0x07, 0xd0, 0x6f, 0xad, 0x4e, 0x07, 0xd0, 0x57, 0xe0, 0x03, 0xb0, 0x66, 0xa0, 0x00,
  0xbd, 0xa7, 0x07, 0xc9, 0xaa, 0x90, 0x01, 0xc8,
  // ChkW2
  0xad, 0x5f, 0x07, 0xc9, 0x01, 0xf0, 0x01, 0xc8,
  // Get17ID
  0x98, 0x29, 0x01, 0xa8, 0xb9, 0x9a, 0xc6,
  // Set17ID
  0x95, 0x16, 0xad, 0xdd, 0x06, 0xc9, 0xff, 0xd0, 0x05, 0xa9, 0x00, 0x8d, 0xdd, 0x06,
  // GetRBit
  0xbd, 0xa7, 0x07, 0x29, 0x07,
  // ChkRBit
  0xa8, 0xb9, 0x8a, 0xc6, 0x2c, 0xdd, 0x06, 0xf0, 0x07, 0xc8, 0x98, 0x29, 0x07, 0x4c, 0xd6, 0xc6,
  // AddFBit
  0x0d, 0xdd, 0x06, 0x8d, 0xdd, 0x06, 0xb9, 0x92, 0xc6, 0x20, 0xd8, 0xc5, 0x9d, 0x17, 0x04, 0xa9,
  0x20, 0x8d, 0x8f, 0x07, 0x4c, 0x6c, 0xc2,
  // DoBulletBills
  0xa0, 0xff,
  // BB_SLoop
  0xc8, 0xc0, 0x05, 0xb0, 0x0d, 0xb9, 0x0f, 0x00, 0xf0, 0xf6, 0xb9, 0x16, 0x00, 0xc9, 0x08, 0xd0,
  0xef,
  // ExF17
  0x60,
  // FireBulletBill
  0xa5, 0xfe, 0x09, 0x08, 0x85, 0xfe, 0xa9, 0x08, 0xd0, 0xa8,
  // HandleGroupEnemies
  0xa0, 0x00, 0x38, 0xe9, 0x37, 0x48, 0xc9, 0x04, 0xb0, 0x0b, 0x48, 0xa0, 0x06, 0xad, 0x6a, 0x07,
  0xf0, 0x02, 0xa0, 0x02,
  // PullID
  0x68,
  // SnglID
  0x84, 0x01, 0xa0, 0xb0, 0x29, 0x02, 0xf0, 0x02, 0xa0, 0x70,
  // SetYGp
  0x84, 0x00, 0xad, 0x1b, 0x07, 0x85, 0x02, 0xad, 0x1d, 0x07, 0x85, 0x03, 0xa0, 0x02, 0x68, 0x4a,
  0x90, 0x01, 0xc8,
  // CntGrp
  0x8c, 0xd3, 0x06,
  // GrLoop
  0xa2, 0xff,
  // GSltLp
  0xe8, 0xe0, 0x05, 0xb0, 0x2d, 0xb5, 0x0f, 0xd0, 0xf7, 0xa5, 0x01, 0x95, 0x16, 0xa5, 0x02, 0x95,
  0x6e, 0xa5, 0x03, 0x95, 0x87, 0x18, 0x69, 0x18, 0x85, 0x03, 0xa5, 0x02, 0x69, 0x00, 0x85, 0x02,
  0xa5, 0x00, 0x95, 0xcf, 0xa9, 0x01, 0x95, 0xb6, 0x95, 0x0f, 0x20, 0x6c, 0xc2, 0xce, 0xd3, 0x06,
  0xd0, 0xcc,
  // NextED
  0x4c, 0x5e, 0xc2,
  // InitPiranhaPlant
  0xa9, 0x01, 0x95, 0x58, 0x4a, 0x95, 0x1e, 0x95, 0xa0, 0xb5, 0xcf, 0x9d, 0x34, 0x04, 0x38, 0xe9,
  0x18, 0x9d, 0x17, 0x04, 0xa9, 0x09, 0x4c, 0xdb, 0xc7,
  // InitEnemyFrenzy
  0xb5, 0x16, 0x8d, 0xcb, 0x06, 0x38, 0xe9, 0x12, 0x20, 0x04, 0x8e,
  // frenzy object jump table
  0xa4, 0xc3, 0xb7, 0xc7, 0xa8, 0xc4, 0xa3, 0xc5, 0x3d, 0xc6, 0x9c, 0xc6,
  // NoFrenzyCode
  0x60,
  // EndFrenzy
  0xa0, 0x05,
  // LakituChk
  0xb9, 0x16, 0x00, 0xc9, 0x11, 0xd0, 0x05, 0xa9, 0x01, 0x99, 0x1e, 0x00,
  // NextFSlot
  0x88, 0x10, 0xf1, 0xa9, 0x00, 0x8d, 0xcb, 0x06, 0x95, 0x0f, 0x60,
  // InitJumpGPTroopa
  0xa9, 0x02, 0x95, 0x46, 0xa9, 0xf8, 0x95, 0x58,
  // TallBBox2
  0xa9, 0x03,
  // SetBBox2
  0x9d, 0x9a, 0x04, 0x60,
  // InitBalPlatform
  0xd6, 0xcf, 0xd6, 0xcf, 0xac, 0xcc, 0x06, 0xd0, 0x05, 0xa0, 0x02, 0x20, 0x71, 0xc8,
  // AlignP
  0xa0, 0xff, 0xad, 0xa0, 0x03, 0x95, 0x1e, 0x10, 0x02, 0x8a, 0xa8,
  // SetBPA
  0x8c, 0xa0, 0x03, 0xa9, 0x00, 0x95, 0x46, 0xa8, 0x20, 0x71, 0xc8,
  // InitDropPlatform
  0xa9, 0xff, 0x9d, 0xa2, 0x03, 0x4c, 0x28, 0xc8,
  // InitHoriPlatform
  0xa9, 0x00, 0x95, 0x58, 0x4c, 0x28, 0xc8,
  // InitVertPlatform
  0xa0, 0x40, 0xb5, 0xcf, 0x10, 0x07, 0x49, 0xff, 0x18, 0x69, 0x01, 0xa0, 0xc0,
  // SetYO
  0x9d, 0x01, 0x04, 0x98, 0x18, 0x75, 0xcf, 0x95, 0x58,
  // CommonPlatCode
  0x20, 0x63, 0xc3,
  // SPBBox
  0xa9, 0x05, 0xac, 0x4e, 0x07, 0xc0, 0x03, 0xf0, 0x07, 0xac, 0xcc, 0x06, 0xd0, 0x02, 0xa9, 0x06,
  // CasPBB
  0x9d, 0x9a, 0x04, 0x60,
  // LargeLiftUp
  0x20, 0x4b, 0xc8, 0x4c, 0x48, 0xc8,
  // LargeLiftDown
  0x20, 0x57, 0xc8,
  // LargeLiftBBox
  0x4c, 0x2b, 0xc8,
  // PlatLiftUp
  0xa9, 0x10, 0x9d, 0x34, 0x04, 0xa9, 0xff, 0x95, 0xa0, 0x4c, 0x60, 0xc8,
  // PlatLiftDown
  0xa9, 0xf0, 0x9d, 0x34, 0x04, 0xa9, 0x00, 0x95, 0xa0,
  // CommonSmallLift
  0xa0, 0x01, 0x20, 0x71, 0xc8, 0xa9, 0x04, 0x9d, 0x9a, 0x04, 0x60,
  // PlatPosDataLow
  // --------------------------------
  0x08, 0x0c, 0xf8,
  // PlatPosDataHigh
  0x00, 0x00, 0xff,
  // PosPlatform
  0xb5, 0x87, 0x18, 0x79, 0x6b, 0xc8, 0x95, 0x87, 0xb5, 0x6e, 0x79, 0x6e, 0xc8, 0x95, 0x6e, 0x60,
  // EndOfEnemyInitCode
  0x60,
  // RunEnemyObjectsCore
  0xa6, 0x08, 0xa9, 0x00, 0xb4, 0x16, 0xc0, 0x15, 0x90, 0x03, 0x98, 0xe9, 0x14,
  // JmpEO
  0x20, 0x04, 0x8e,
  // for objects $00-$14
  0xe0, 0xc8,
  // for objects $15-$1f
  0x35, 0xc9, 0x95, 0xd2, 0xd6, 0xc8, 0xd6, 0xc8, 0xd6, 0xc8, 0xd6, 0xc8, 0x47, 0xc9, 0x47, 0xc9,
  0x47, 0xc9, 0x47, 0xc9, 0x47, 0xc9,
  // for objects $20-$2f
  0x47, 0xc9, 0x47, 0xc9, 0x47, 0xc9, 0xd6, 0xc8, 0x65, 0xc9, 0x65, 0xc9, 0x65, 0xc9, 0x65, 0xc9,
  0x65, 0xc9, 0x65, 0xc9, 0x65, 0xc9, 0x4d, 0xc9, 0x4d, 0xc9, 0x65, 0xd0, 0x85, 0xbc, 0x4b, 0xb9,
  // for objects $30-$35
  0xd6, 0xc8, 0xd9, 0xd2, 0xba, 0xb8, 0xd6, 0xc8, 0xa4, 0xb7, 0xd7, 0xc8,
  // NoRunCode
  0x60,
  // RunRetainerObj
  0x20, 0xaf, 0xf1, 0x20, 0x52, 0xf1, 0x4c, 0x7d, 0xe8,
  // RunNormalEnemies
  0xa9, 0x00, 0x9d, 0xc5, 0x03, 0x20, 0xaf, 0xf1, 0x20, 0x52, 0xf1, 0x20, 0x7d, 0xe8, 0x20, 0x43,
  0xe2, 0x20, 0xc1, 0xdf, 0x20, 0x33, 0xda, 0x20, 0x53, 0xd8, 0xac, 0x47, 0x07, 0xd0, 0x03, 0x20,
  0x05, 0xc9,
  // SkipMove
  0x4c, 0x7a, 0xd6,
  // EnemyMovementSubs
  0xb5, 0x16, 0x20, 0x04, 0x8e,
  // only objects $00-$14 use this table
  0x77, 0xca, 0x77, 0xca, 0x77, 0xca, 0x77, 0xca, 0x77, 0xca, 0xd8, 0xc9, 0x77, 0xca, 0x89, 0xcb,
  0x36, 0xcc, 0x34, 0xc9, 0x4a, 0xcc, 0x4a, 0xcc, 0xb0, 0xc9, 0xb0, 0xd3, 0xf9, 0xca, 0xff, 0xca,
  0x25, 0xcb, 0x28, 0xcf, 0x77, 0xca,
  // dummy
  0x34, 0xc9, 0xdf, 0xce,
  // NoMoveCode
  0x60,
  // RunBowserFlame
  0x20, 0xeb, 0xd1, 0x20, 0xaf, 0xf1, 0x20, 0x52, 0xf1, 0x20, 0x43, 0xe2, 0x20, 0x53, 0xd8, 0x4c,
  0x7a, 0xd6,
  // RunFirebarObj
  0x20, 0x3c, 0xcd, 0x4c, 0x7a, 0xd6,
  // RunSmallPlatform
  0x20, 0xaf, 0xf1, 0x20, 0x52, 0xf1, 0x20, 0x4c, 0xe2, 0x20, 0x7b, 0xdb, 0x20, 0x52, 0xf1, 0x20,
  0x66, 0xed, 0x20, 0x55, 0xd6, 0x4c, 0x7a, 0xd6,
  // RunLargePlatform
  0x20, 0xaf, 0xf1, 0x20, 0x52, 0xf1, 0x20, 0x73, 0xe2, 0x20, 0x45, 0xdb, 0xad, 0x47, 0x07, 0xd0,
  0x03, 0x20, 0x82, 0xc9,
  // SkipPT
  0x20, 0x52, 0xf1, 0x20, 0xc8, 0xe5, 0x4c, 0x7a, 0xd6,
  // LargePlatformSubroutines
  0xb5, 0x16, 0x38, 0xe9, 0x24, 0x20, 0x04, 0x8e,
  // table used by objects $24-$2a
  0x32, 0xd4, 0xd3, 0xd5, 0x4f, 0xd6, 0x4f, 0xd6, 0x07, 0xd6, 0x31, 0xd6, 0x3d, 0xd6,
  // EraseEnemyObject
  0xa9, 0x00, 0x95, 0x0f, 0x95, 0x16, 0x95, 0x1e, 0x9d, 0x10, 0x01, 0x9d, 0x96, 0x07, 0x9d, 0x25,
  0x01, 0x9d, 0xc5, 0x03, 0x9d, 0x8a, 0x07, 0x60,
  // MovePodoboo
  0xbd, 0x96, 0x07, 0xd0, 0x16, 0x20, 0xf7, 0xc2, 0xbd, 0xa8, 0x07, 0x09, 0x80, 0x9d, 0x34, 0x04,
  0x29, 0x0f, 0x09, 0x06, 0x9d, 0x96, 0x07, 0xa9, 0xf9, 0x95, 0xa0,
  // PdbM
  0x4c, 0x92, 0xbf,
  // HammerThrowTmrData
  // --------------------------------
  // $00 - used in HammerBroJumpCode as bitmask
  0x30, 0x1c,
  // XSpeedAdderData
  0x00, 0xe8, 0x00, 0x18,
  // RevivedXSpeed
  0x08, 0xf8, 0x0c, 0xf4,
  // ProcHammerBro
  0xb5, 0x1e, 0x29, 0x20, 0xf0, 0x03, 0x4c, 0xe5, 0xca,
  // ChkJH
  0xb5, 0x3c, 0xf0, 0x2d, 0xd6, 0x3c, 0xad, 0xd1, 0x03, 0x29, 0x0c, 0xd0, 0x6a, 0xbd, 0xa2, 0x03,
  0xd0, 0x17, 0xac, 0xcc, 0x06, 0xb9, 0xce, 0xc9, 0x9d, 0xa2, 0x03, 0x20, 0x94, 0xba, 0x90, 0x09,
  0xb5, 0x1e, 0x09, 0x08, 0x95, 0x1e, 0x4c, 0x58, 0xca,
  // DecHT
  0xde, 0xa2, 0x03, 0x4c, 0x58, 0xca,
  // HammerBroJumpLData
  0x20, 0x37,
  // HammerBroJumpCode
  0xb5, 0x1e, 0x29, 0x07, 0xc9, 0x01, 0xf0, 0x3e, 0xa9, 0x00, 0x85, 0x00, 0xa0, 0xfa, 0xb5, 0xcf,
  0x30, 0x13, 0xa0, 0xfd, 0xc9, 0x70, 0xe6, 0x00, 0x90, 0x0b, 0xc6, 0x00, 0xbd, 0xa8, 0x07, 0x29,
  0x01, 0xd0, 0x02, 0xa0, 0xfa,
  // SetHJ
  0x94, 0xa0, 0xb5, 0x1e, 0x09, 0x01, 0x95, 0x1e, 0xa5, 0x00, 0x3d, 0xa9, 0x07, 0xa8, 0xad, 0xcc,
  0x06, 0xd0, 0x01, 0xa8,
  // HJump
  0xb9, 0x10, 0xca, 0x9d, 0x8a, 0x07, 0xbd, 0xa8, 0x07, 0x09, 0xc0, 0x95, 0x3c,
  // MoveHammerBroXDir
  0xa0, 0xfc, 0xa5, 0x09, 0x29, 0x40, 0xd0, 0x02, 0xa0, 0x04,
  // Shimmy
  0x94, 0x58, 0xa0, 0x01, 0x20, 0x43, 0xe1, 0x30, 0x0a, 0xc8, 0xbd, 0x96, 0x07, 0xd0, 0x04, 0xa9,
  0xf8, 0x95, 0x58,
  // SetShim
  0x94, 0x46,
  // MoveNormalEnemy
  0xa0, 0x00, 0xb5, 0x1e, 0x29, 0x40, 0xd0, 0x19, 0xb5, 0x1e, 0x0a, 0xb0, 0x30, 0xb5, 0x1e, 0x29,
  0x20, 0xd0, 0x5b, 0xb5, 0x1e, 0x29, 0x07, 0xf0, 0x24, 0xc9, 0x05, 0xf0, 0x04, 0xc9, 0x03, 0xb0,
  0x30,
  // FallE
  0x20, 0x63, 0xbf, 0xa0, 0x00, 0xb5, 0x1e, 0xc9, 0x02, 0xf0, 0x0c, 0x29, 0x40, 0xf0, 0x0d, 0xb5,
  0x16, 0xc9, 0x2e, 0xf0, 0x07, 0xd0, 0x03,
  // MEHor
  0x4c, 0x02, 0xbf,
  // SlowM
  0xa0, 0x01,
  // SteadM
  0xb5, 0x58, 0x48, 0x10, 0x02, 0xc8, 0xc8,
  // AddHS
  0x18, 0x79, 0xd0, 0xc9, 0x95, 0x58, 0x20, 0x02, 0xbf, 0x68, 0x95, 0x58, 0x60,
  // ReviveStunned
  0xbd, 0x96, 0x07, 0xd0, 0x1e, 0x95, 0x1e, 0xa5, 0x09, 0x29, 0x01, 0xa8, 0xc8, 0x94, 0x46, 0x88,
  0xad, 0x6a, 0x07, 0xf0, 0x02, 0xc8, 0xc8,
  // SetRSpd
  0xb9, 0xd4, 0xc9, 0x95, 0x58, 0x60,
  // MoveDefeatedEnemy
  0x20, 0x63, 0xbf, 0x4c, 0x02, 0xbf,
  // ChkKillGoomba
  0xc9, 0x0e, 0xd0, 0x09, 0xb5, 0x16, 0xc9, 0x06, 0xd0, 0x03, 0x20, 0x98, 0xc9,
  // NKGmba
  0x60,
  // MoveJumpingEnemy
  0x20, 0x92, 0xbf, 0x4c, 0x02, 0xbf,
  // ProcMoveRedPTroopa
  0xb5, 0xa0, 0x1d, 0x34, 0x04, 0xd0, 0x13, 0x9d, 0x17, 0x04, 0xb5, 0xcf, 0xdd, 0x01, 0x04, 0xb0,
  0x09, 0xa5, 0x09, 0x29, 0x07, 0xd0, 0x02, 0xf6, 0xcf,
  // NoIncPT
  0x60,
  // MoveRedPTUpOrDown
  0xb5, 0xcf, 0xd5, 0x58, 0x90, 0x03, 0x4c, 0x75, 0xbf,
  // MovPTDwn
  0x4c, 0x70, 0xbf,
  // MoveFlyGreenPTroopa
  0x20, 0x45, 0xcb, 0x20, 0x66, 0xcb, 0xa0, 0x01, 0xa5, 0x09, 0x29, 0x03, 0xd0, 0x11, 0xa5, 0x09,
  0x29, 0x40, 0xd0, 0x02, 0xa0, 0xff,
  // YSway
  0x84, 0x00, 0xb5, 0xcf, 0x18, 0x65, 0x00, 0x95, 0xcf,
  // NoMGPT
  0x60,
  // XMoveCntr_GreenPTroopa
  0xa9, 0x13,
  // XMoveCntr_Platform
  0x85, 0x01, 0xa5, 0x09, 0x29, 0x03, 0xd0, 0x0d, 0xb4, 0x58, 0xb5, 0xa0, 0x4a, 0xb0, 0x0a, 0xc4,
  0x01, 0xf0, 0x03, 0xf6, 0x58,
  // NoIncXM
  0x60,
  // IncPXM
  0xf6, 0xa0, 0x60,
  // DecSeXM
  0x98, 0xf0, 0xfa, 0xd6, 0x58, 0x60,
  // MoveWithXMCntrs
  0xb5, 0x58, 0x48, 0xa0, 0x01, 0xb5, 0xa0, 0x29, 0x02, 0xd0, 0x0b, 0xb5, 0x58, 0x49, 0xff, 0x18,
  0x69, 0x01, 0x95, 0x58, 0xa0, 0x02,
  // XMRight
  0x94, 0x46, 0x20, 0x02, 0xbf, 0x85, 0x00, 0x68, 0x95, 0x58, 0x60,
  // BlooberBitmasks
  // --------------------------------
  0x3f, 0x03,
  // MoveBloober
  0xb5, 0x1e, 0x29, 0x20, 0xd0, 0x4d, 0xac, 0xcc, 0x06, 0xbd, 0xa8, 0x07, 0x39, 0x87, 0xcb, 0xd0,
  0x12, 0x8a, 0x4a, 0x90, 0x04, 0xa4, 0x45, 0xb0, 0x08,
  // FBLeft
  0xa0, 0x02, 0x20, 0x43, 0xe1, 0x10, 0x01, 0x88,
  // SBMDir
  0x94, 0x46,
  // BlooberSwim
  0x20, 0xdf, 0xcb, 0xb5, 0xcf, 0x38, 0xfd, 0x34, 0x04, 0xc9, 0x20, 0x90, 0x02, 0x95, 0xcf,
  // SwimX
  0xb4, 0x46, 0x88, 0xd0, 0x0e, 0xb5, 0x87, 0x18, 0x75, 0x58, 0x95, 0x87, 0xb5, 0x6e, 0x69, 0x00,
  0x95, 0x6e, 0x60,
  // LeftSwim
  0xb5, 0x87, 0x38, 0xf5, 0x58, 0x95, 0x87, 0xb5, 0x6e, 0xe9, 0x00, 0x95, 0x6e, 0x60,
  // MoveDefeatedBloober
  0x4c, 0x8c, 0xbf,
  // ProcSwimmingB
  0xb5, 0xa0, 0x29, 0x02, 0xd0, 0x37, 0xa5, 0x09, 0x29, 0x07, 0x48, 0xb5, 0xa0, 0x4a, 0xb0, 0x15,
  0x68, 0xd0, 0x11, 0xbd, 0x34, 0x04, 0x18, 0x69, 0x01, 0x9d, 0x34, 0x04, 0x95, 0x58, 0xc9, 0x02,
  0xd0, 0x02, 0xf6, 0xa0,
  // BSwimE
  0x60,
  // SlowSwim
  0x68, 0xd0, 0x14, 0xbd, 0x34, 0x04, 0x38, 0xe9, 0x01, 0x9d, 0x34, 0x04, 0x95, 0x58, 0xd0, 0x07,
  0xf6, 0xa0, 0xa9, 0x02, 0x9d, 0x96, 0x07,
  // NoSSw
  0x60,
  // ChkForFloatdown
  0xbd, 0x96, 0x07, 0xf0, 0x08,
  // Floatdown
  0xa5, 0x09, 0x4a, 0xb0, 0x02, 0xf6, 0xcf,
  // NoFD
  0x60,
  // ChkNearPlayer
  0xb5, 0xcf, 0x69, 0x10, 0xc5, 0xce, 0x90, 0xf0, 0xa9, 0x00, 0x95, 0xa0, 0x60,
  // MoveBulletBill
  0xb5, 0x1e, 0x29, 0x20, 0xf0, 0x03, 0x4c, 0x92, 0xbf,
  // NotDefB
  0xa9, 0xe8, 0x95, 0x58, 0x4c, 0x02, 0xbf,
  // SwimCCXMoveData
  // --------------------------------
  // $02 - used to hold preset values
  // $03 - used to hold enemy state
  0x40, 0x80,
  // residual data, not used
  0x04, 0x04,
  // MoveSwimmingCheepCheep
  0xb5, 0x1e, 0x29, 0x20, 0xf0, 0x03, 0x4c, 0x8c, 0xbf,
  // CCSwim
  0x85, 0x03, 0xb5, 0x16, 0x38, 0xe9, 0x0a, 0xa8, 0xb9, 0x46, 0xcc, 0x85, 0x02, 0xbd, 0x01, 0x04,
  0x38, 0xe5, 0x02, 0x9d, 0x01, 0x04, 0xb5, 0x87, 0xe9, 0x00, 0x95, 0x87, 0xb5, 0x6e, 0xe9, 0x00,
  0x95, 0x6e, 0xa9, 0x20, 0x85, 0x02, 0xe0, 0x02, 0x90, 0x49, 0xb5, 0x58, 0xc9, 0x10, 0x90, 0x16,
  0xbd, 0x17, 0x04, 0x18, 0x65, 0x02, 0x9d, 0x17, 0x04, 0xb5, 0xcf, 0x65, 0x03, 0x95, 0xcf, 0xb5,
  0xb6, 0x69, 0x00, 0x4c, 0xac, 0xcc,
  // CCSwimUpwards
  0xbd, 0x17, 0x04, 0x38, 0xe5, 0x02, 0x9d, 0x17, 0x04, 0xb5, 0xcf, 0xe5, 0x03, 0x95, 0xcf, 0xb5,
  0xb6, 0xe9, 0x00,
  // ChkSwimYPos
  0x95, 0xb6, 0xa0, 0x00, 0xb5, 0xcf, 0x38, 0xfd, 0x34, 0x04, 0x10, 0x07, 0xa0, 0x10, 0x49, 0xff,
  0x18, 0x69, 0x01,
  // YPDiff
  0xc9, 0x0f, 0x90, 0x03, 0x98, 0x95, 0x58,
  // ExSwCC
  0x60,
  // FirebarPosLookupTbl
  // --------------------------------
  // $00 - used as counter for firebar parts
  // $01 - used for oscillated high byte of spin state or to hold horizontal adder
  // $02 - used for oscillated high byte of spin state or to hold vertical adder
  // $03 - used for mirror data
  // $04 - used to store player's sprite 1 X coordinate
  // $05 - used to evaluate mirror data
  // $06 - used to store either screen X coordinate or sprite data offset
  // $07 - used to store screen Y coordinate
  // $ed - used to hold maximum length of firebar
  // $ef - used to hold high byte of spinstate
  // horizontal adder is at first byte + high byte of spinstate,
  // vertical adder is same + 8 bytes, two's compliment
  // if greater than $08 for proper oscillation
  0x00, 0x01, 0x03, 0x04, 0x05, 0x06, 0x07, 0x07, 0x08, 0x00, 0x03, 0x06, 0x09, 0x0b, 0x0d, 0x0e,
  0x0f, 0x10, 0x00, 0x04, 0x09, 0x0d, 0x10, 0x13, 0x16, 0x17, 0x18, 0x00, 0x06, 0x0c, 0x12, 0x16,
  0x1a, 0x1d, 0x1f, 0x20, 0x00, 0x07, 0x0f, 0x16, 0x1c, 0x21, 0x25, 0x27, 0x28, 0x00, 0x09, 0x12,
  0x1b, 0x21, 0x27, 0x2c, 0x2f, 0x30, 0x00, 0x0b, 0x15, 0x1f, 0x27, 0x2e, 0x33, 0x37, 0x38, 0x00,
  0x0c, 0x18, 0x24, 0x2d, 0x35, 0x3b, 0x3e, 0x40, 0x00, 0x0e, 0x1b, 0x28, 0x32, 0x3b, 0x42, 0x46,
  0x48, 0x00, 0x0f, 0x1f, 0x2d, 0x38, 0x42, 0x4a, 0x4e, 0x50, 0x00, 0x11, 0x22, 0x31, 0x3e, 0x49,
  0x51, 0x56, 0x58,
  // FirebarMirrorData
  0x01, 0x03, 0x02, 0x00,
  // FirebarTblOffsets
  0x00, 0x09, 0x12, 0x1b, 0x24, 0x2d, 0x36, 0x3f, 0x48, 0x51, 0x5a, 0x63,
  // FirebarYPos
  0x0c, 0x18,
  // ProcFirebar
  0x20, 0xaf, 0xf1, 0xad, 0xd1, 0x03, 0x29, 0x08, 0xd0, 0x74, 0xad, 0x47, 0x07, 0xd0, 0x0a, 0xbd,
  0x88, 0x03, 0x20, 0x10, 0xd4, 0x29, 0x1f, 0x95, 0xa0,
  // SusFbar
  0xb5, 0xa0, 0xb4, 0x16, 0xc0, 0x1f, 0x90, 0x0d, 0xc9, 0x08, 0xf0, 0x04, 0xc9, 0x18, 0xd0, 0x05,
  // SkpFSte
  0x18, 0x69, 0x01, 0x95, 0xa0,
  // SetupGFB
  0x85, 0xef, 0x20, 0x52, 0xf1, 0x20, 0x8e, 0xce, 0xbc, 0xe5, 0x06, 0xad, 0xb9, 0x03, 0x99, 0x00,
  0x02, 0x85, 0x07, 0xad, 0xae, 0x03, 0x99, 0x03, 0x02, 0x85, 0x06, 0xa9, 0x01, 0x85, 0x00, 0x20,
  0x08, 0xce, 0xa0, 0x05, 0xb5, 0x16, 0xc9, 0x1f, 0x90, 0x02, 0xa0, 0x0b,
  // SetMFbar
  0x84, 0xed, 0xa9, 0x00, 0x85, 0x00,
  // DrawFbar
  0xa5, 0xef, 0x20, 0x8e, 0xce, 0x20, 0xbb, 0xcd, 0xa5, 0x00, 0xc9, 0x04, 0xd0, 0x08, 0xac, 0xcf,
  0x06, 0xb9, 0xe5, 0x06, 0x85, 0x06,
  // NextFbar
  0xe6, 0x00, 0xa5, 0x00, 0xc5, 0xed, 0x90, 0xe2,
  // SkipFBar
  0x60,
  // DrawFirebar_Collision
  0xa5, 0x03, 0x85, 0x05, 0xa4, 0x06, 0xa5, 0x01, 0x46, 0x05, 0xb0, 0x04, 0x49, 0xff, 0x69, 0x01,
  // AddHA
  0x18, 0x6d, 0xae, 0x03, 0x99, 0x03, 0x02, 0x85, 0x06, 0xcd, 0xae, 0x03, 0xb0, 0x09, 0xad, 0xae,
  0x03, 0x38, 0xe5, 0x06, 0x4c, 0xe6, 0xcd,
  // SubtR1
  0x38, 0xed, 0xae, 0x03,
  // ChkFOfs
  0xc9, 0x59, 0x90, 0x04, 0xa9, 0xf8, 0xd0, 0x15,
  // VAHandl
  0xad, 0xb9, 0x03, 0xc9, 0xf8, 0xf0, 0x0e, 0xa5, 0x02, 0x46, 0x05, 0xb0, 0x04, 0x49, 0xff, 0x69,
  0x01,
  // AddVA
  0x18, 0x6d, 0xb9, 0x03,
  // SetVFbr
  0x99, 0x00, 0x02, 0x85, 0x07,
  // FirebarCollision
  0x20, 0xed, 0xec, 0x98, 0x48, 0xad, 0x9f, 0x07, 0x0d, 0x47, 0x07, 0xd0, 0x70, 0x85, 0x05, 0xa4,
  0xb5, 0x88, 0xd0, 0x69, 0xa4, 0xce, 0xad, 0x54, 0x07, 0xd0, 0x05, 0xad, 0x14, 0x07, 0xf0, 0x09,
  // AdjSm
  0xe6, 0x05, 0xe6, 0x05, 0x98, 0x18, 0x69, 0x18, 0xa8,
  // BigJp
  0x98,
  // FBCLoop
  0x38, 0xe5, 0x07, 0x10, 0x05, 0x49, 0xff, 0x18, 0x69, 0x01,
  // ChkVFBD
  0xc9, 0x08, 0xb0, 0x1c, 0xa5, 0x06, 0xc9, 0xf0, 0xb0, 0x16, 0xad, 0x07, 0x02, 0x18, 0x69, 0x04,
  0x85, 0x04, 0x38, 0xe5, 0x06, 0x10, 0x05, 0x49, 0xff, 0x18, 0x69, 0x01,
  // ChkFBCl
  0xc9, 0x08, 0x90, 0x13,
  // Chk2Ofs
  0xa5, 0x05, 0xc9, 0x02, 0xf0, 0x23, 0xa4, 0x05, 0xa5, 0xce, 0x18, 0x79, 0x3a, 0xcd, 0xe6, 0x05,
  0x4c, 0x32, 0xce,
  // ChgSDir
  0xa2, 0x01, 0xa5, 0x04, 0xc5, 0x06, 0xb0, 0x01, 0xe8,
  // SetSDir
  0x86, 0x46, 0xa2, 0x00, 0xa5, 0x00, 0x48, 0x20, 0x2c, 0xd9, 0x68, 0x85, 0x00,
  // NoColFB
  0x68, 0x18, 0x69, 0x04, 0x85, 0x06, 0xa6, 0x08, 0x60,
  // GetFirebarPosition
  0x48, 0x29, 0x0f, 0xc9, 0x09, 0x90, 0x05, 0x49, 0x0f, 0x18, 0x69, 0x01,
  // GetHAdder
  0x85, 0x01, 0xa4, 0x00, 0xb9, 0x2e, 0xcd, 0x18, 0x65, 0x01, 0xa8, 0xb9, 0xc7, 0xcc, 0x85, 0x01,
  0x68, 0x48, 0x18, 0x69, 0x08, 0x29, 0x0f, 0xc9, 0x09, 0x90, 0x05, 0x49, 0x0f, 0x18, 0x69, 0x01,
  // GetVAdder
  0x85, 0x02, 0xa4, 0x00, 0xb9, 0x2e, 0xcd, 0x18, 0x65, 0x02, 0xa8, 0xb9, 0xc7, 0xcc, 0x85, 0x02,
  0x68, 0x4a, 0x4a, 0x4a, 0xa8, 0xb9, 0x2a, 0xcd, 0x85, 0x03, 0x60,
  // PRandomSubtracter
  // --------------------------------
  0xf8, 0xa0, 0x70, 0xbd, 0x00,
  // FlyCCBPriority
  0x20, 0x20, 0x20, 0x00, 0x00,
  // MoveFlyingCheepCheep
  0xb5, 0x1e, 0x29, 0x20, 0xf0, 0x08, 0xa9, 0x00, 0x9d, 0xc5, 0x03, 0x4c, 0x92, 0xbf,
  // FlyCC
  0x20, 0x02, 0xbf, 0xa0, 0x0d, 0xa9, 0x05, 0x20, 0x96, 0xbf, 0xbd, 0x34, 0x04, 0x4a, 0x4a, 0x4a,
  0x4a, 0xa8, 0xb5, 0xcf, 0x38, 0xf9, 0xd5, 0xce, 0x10, 0x05, 0x49, 0xff, 0x18, 0x69, 0x01,
  // AddCCF
  0xc9, 0x08, 0xb0, 0x0e, 0xbd, 0x34, 0x04, 0x18, 0x69, 0x10, 0x9d, 0x34, 0x04, 0x4a, 0x4a, 0x4a,
  0x4a, 0xa8,
  // BPGet
  0xb9, 0xda, 0xce, 0x9d, 0xc5, 0x03, 0x60,
  // LakituDiffAdj
  // --------------------------------
  // $00 - used to hold horizontal difference
  // $01-$03 - used to hold difference adjusters
  0x15, 0x30, 0x40,
  // MoveLakitu
  0xb5, 0x1e, 0x29, 0x20, 0xf0, 0x03, 0x4c, 0x63, 0xbf,
  // ChkLS
  0xb5, 0x1e, 0xf0, 0x0b, 0xa9, 0x00, 0x95, 0xa0, 0x8d, 0xcb, 0x06, 0xa9, 0x10, 0xd0, 0x13,
  // Fr12S
  0xa9, 0x12, 0x8d, 0xcb, 0x06, 0xa0, 0x02,
  // LdLDa
  0xb9, 0x25, 0xcf, 0x99, 0x01, 0x00, 0x88, 0x10, 0xf7, 0x20, 0x6c, 0xcf,
  // SetLSpd
  0x95, 0x58, 0xa0, 0x01, 0xb5, 0xa0, 0x29, 0x01, 0xd0, 0x0a, 0xb5, 0x58, 0x49, 0xff, 0x18, 0x69,
  0x01, 0x95, 0x58, 0xc8,
  // SetLMov
  0x94, 0x46, 0x4c, 0x02, 0xbf,
  // PlayerLakituDiff
  0xa0, 0x00, 0x20, 0x43, 0xe1, 0x10, 0x0a, 0xc8, 0xa5, 0x00, 0x49, 0xff, 0x18, 0x69, 0x01, 0x85,
  0x00,
  // ChkLakDif
  0xa5, 0x00, 0xc9, 0x3c, 0x90, 0x1c, 0xa9, 0x3c, 0x85, 0x00, 0xb5, 0x16, 0xc9, 0x11, 0xd0, 0x12,
  0x98, 0xd5, 0xa0, 0xf0, 0x0d, 0xb5, 0xa0, 0xf0, 0x06, 0xd6, 0x58, 0xb5, 0x58, 0xd0, 0x40,
  // SetLMovD
  0x98, 0x95, 0xa0,
  // ChkPSpeed
  0xa5, 0x00, 0x29, 0x3c, 0x4a, 0x4a, 0x85, 0x00, 0xa0, 0x00, 0xa5, 0x57, 0xf0, 0x24, 0xad, 0x75,
  0x07, 0xf0, 0x1f, 0xc8, 0xa5, 0x57, 0xc9, 0x19, 0x90, 0x08, 0xad, 0x75, 0x07, 0xc9, 0x02, 0x90,
  0x01, 0xc8,
  // ChkSpinyO
  0xb5, 0x16, 0xc9, 0x12, 0xd0, 0x04, 0xa5, 0x57, 0xd0, 0x06,
  // ChkEmySpd
  0xb5, 0xa0, 0xd0, 0x02, 0xa0, 0x00,
  // SubDifAdj
  0xb9, 0x01, 0x00, 0xa4, 0x00,
  // SPixelLak
  0x38, 0xe9, 0x01, 0x88, 0x10, 0xfa,
  // ExMoveLak
  0x60,
  // BridgeCollapseData
  // -------------------------------------------------------------------------------------
  // $04-$05 - used to store name table address in little endian order
  // axe
  0x1a,
  // chain
  0x58,
  // bridge
  0x98, 0x96, 0x94, 0x92, 0x90, 0x8e, 0x8c, 0x8a, 0x88, 0x86, 0x84, 0x82, 0x80,
  // BridgeCollapse
  0xae, 0x68, 0x03, 0xb5, 0x16, 0xc9, 0x2d, 0xd0, 0x10, 0x86, 0x08, 0xb5, 0x1e, 0xf0, 0x1a, 0x29,
  0x40, 0xf0, 0x06, 0xb5, 0xcf, 0xc9, 0xe0, 0x90, 0x0a,
  // SetM2
  0xa9, 0x80, 0x85, 0xfc, 0xee, 0x72, 0x07, 0x4c, 0x71, 0xd0,
  // MoveD_Bowser
  0x20, 0x8c, 0xbf, 0x4c, 0x7b, 0xd1,
  // RemoveBridge
  0xce, 0x64, 0x03, 0xd0, 0x44, 0xa9, 0x04, 0x8d, 0x64, 0x03, 0xad, 0x63, 0x03, 0x49, 0x01, 0x8d,
  0x63, 0x03, 0xa9, 0x22, 0x85, 0x05, 0xac, 0x69, 0x03, 0xb9, 0xdd, 0xcf, 0x85, 0x04, 0xac, 0x00,
  0x03, 0xc8, 0xa2, 0x0c, 0x20, 0xcd, 0x8a, 0xa6, 0x08, 0x20, 0x8f, 0x8a, 0xa9, 0x08, 0x85, 0xfe,
  0xa9, 0x01, 0x85, 0xfd, 0xee, 0x69, 0x03, 0xad, 0x69, 0x03, 0xc9, 0x0f, 0xd0, 0x0b, 0x20, 0x63,
  0xc3, 0xa9, 0x40, 0x95, 0x1e, 0xa9, 0x80, 0x85, 0xfe,
  // NoBFall
  0x4c, 0x7b, 0xd1,
  // PRandomRange
  // --------------------------------
  0x21, 0x41, 0x11, 0x31,
  // RunBowser
  0xb5, 0x1e, 0x29, 0x20, 0xf0, 0x14, 0xb5, 0xcf, 0xc9, 0xe0, 0x90, 0x9e,
  // KillAllEnemies
  0xa2, 0x04,
  // KillLoop
  0x20, 0x98, 0xc9, 0xca, 0x10, 0xfa, 0x8d, 0xcb, 0x06, 0xa6, 0x08, 0x60,
  // BowserControl
  0xa9, 0x00, 0x8d, 0xcb, 0x06, 0xad, 0x47, 0x07, 0xf0, 0x03, 0x4c, 0x39, 0xd1,
  // ChkMouth
  0xad, 0x63, 0x03, 0x10, 0x03, 0x4c, 0x0f, 0xd1,
  // FeetTmr
  0xce, 0x64, 0x03, 0xd0, 0x0d, 0xa9, 0x20, 0x8d, 0x64, 0x03, 0xad, 0x63, 0x03, 0x49, 0x01, 0x8d,
  0x63, 0x03,
  // ResetMDr
  0xa5, 0x09, 0x29, 0x0f, 0xd0, 0x04, 0xa9, 0x02, 0x95, 0x46,
  // B_FaceP
  0xbd, 0x8a, 0x07, 0xf0, 0x1c, 0x20, 0x43, 0xe1, 0x10, 0x17, 0xa9, 0x01, 0x95, 0x46, 0xa9, 0x02,
  0x8d, 0x65, 0x03, 0xa9, 0x20, 0x9d, 0x8a, 0x07, 0x8d, 0x90, 0x07, 0xb5, 0x87, 0xc9, 0xc8, 0xb0,
  0x3e,
  // GetPRCmp
  0xa5, 0x09, 0x29, 0x03, 0xd0, 0x38, 0xb5, 0x87, 0xcd, 0x66, 0x03, 0xd0, 0x0c, 0xbd, 0xa7, 0x07,
  0x29, 0x03, 0xa8, 0xb9, 0x61, 0xd0, 0x8d, 0xdc, 0x06,
  // GetDToO
  0xb5, 0x87, 0x18, 0x6d, 0x65, 0x03, 0x95, 0x87, 0xb4, 0x46, 0xc0, 0x01, 0xf0, 0x17, 0xa0, 0xff,
  0x38, 0xed, 0x66, 0x03, 0x10, 0x07, 0x49, 0xff, 0x18, 0x69, 0x01, 0xa0, 0x01,
  // CompDToO
  0xcd, 0xdc, 0x06, 0x90, 0x03, 0x8c, 0x65, 0x03,
  // HammerChk
  0xbd, 0x8a, 0x07, 0xd0, 0x28, 0x20, 0x8c, 0xbf, 0xad, 0x5f, 0x07, 0xc9, 0x05, 0x90, 0x09, 0xa5,
  0x09, 0x29, 0x03, 0xd0, 0x03, 0x20, 0x94, 0xba,
  // SetHmrTmr
  0xb5, 0xcf, 0xc9, 0x80, 0x90, 0x1c, 0xbd, 0xa7, 0x07, 0x29, 0x03, 0xa8, 0xb9, 0x61, 0xd0, 0x9d,
  0x8a, 0x07,
  // SkipToFB
  0x4c, 0x49, 0xd1,
  // MakeBJump
  0xc9, 0x01, 0xd0, 0x09, 0xd6, 0xcf, 0x20, 0x63, 0xc3, 0xa9, 0xfe, 0x95, 0xa0,
  // ChkFireB
  0xad, 0x5f, 0x07, 0xc9, 0x07, 0xf0, 0x04, 0xc9, 0x05, 0xb0, 0x27,
  // SpawnFBr
  0xad, 0x90, 0x07, 0xd0, 0x22, 0xa9, 0x20, 0x8d, 0x90, 0x07, 0xad, 0x63, 0x03, 0x49, 0x80, 0x8d,
  0x63, 0x03, 0x30, 0xe1, 0x20, 0xd9, 0xd1, 0xac, 0xcc, 0x06, 0xf0, 0x03, 0x38, 0xe9, 0x10,
  // SetFBTmr
  0x8d, 0x90, 0x07, 0xa9, 0x15, 0x8d, 0xcb, 0x06,
  // BowserGfxHandler
  0x20, 0xbc, 0xd1, 0xa0, 0x10, 0xb5, 0x46, 0x4a, 0x90, 0x02, 0xa0, 0xf0,
  // CopyFToR
  0x98, 0x18, 0x75, 0x87, 0xac, 0xcf, 0x06, 0x99, 0x87, 0x00, 0xb5, 0xcf, 0x18, 0x69, 0x08, 0x99,
  0xcf, 0x00, 0xb5, 0x1e, 0x99, 0x1e, 0x00, 0xb5, 0x46, 0x99, 0x46, 0x00, 0xa5, 0x08, 0x48, 0xae,
  0xcf, 0x06, 0x86, 0x08, 0xa9, 0x2d, 0x95, 0x16, 0x20, 0xbc, 0xd1, 0x68, 0x85, 0x08, 0xaa, 0xa9,
  0x00, 0x8d, 0x6a, 0x03,
  // ExBGfxH
  0x60,
  // ProcessBowserHalf
  0xee, 0x6a, 0x03, 0x20, 0xd7, 0xc8, 0xb5, 0x1e, 0xd0, 0xf5, 0xa9, 0x0a, 0x9d, 0x9a, 0x04, 0x20,
  0x43, 0xe2, 0x4c, 0x53, 0xd8,
  // FlameTimerData
  // -------------------------------------------------------------------------------------
  // $00 - used to hold movement force and tile number
  // $01 - used to hold sprite attribute data
  0xbf, 0x40, 0xbf, 0xbf, 0xbf, 0x40, 0x40, 0xbf,
  // SetFlameTimer
  0xac, 0x67, 0x03, 0xee, 0x67, 0x03, 0xad, 0x67, 0x03, 0x29, 0x07, 0x8d, 0x67, 0x03, 0xb9, 0xd1,
  0xd1,
  // ExFl
  0x60,
  // ProcBowserFlame
  0xad, 0x47, 0x07, 0xd0, 0x30, 0xa9, 0x40, 0xac, 0xcc, 0x06, 0xf0, 0x02, 0xa9, 0x60,
  // SFlmX
  0x85, 0x00, 0xbd, 0x01, 0x04, 0x38, 0xe5, 0x00, 0x9d, 0x01, 0x04, 0xb5, 0x87, 0xe9, 0x01, 0x95,
  0x87, 0xb5, 0x6e, 0xe9, 0x00, 0x95, 0x6e, 0xbc, 0x17, 0x04, 0xb5, 0xcf, 0xd9, 0x9d, 0xc5, 0xf0,
  0x06, 0x18, 0x7d, 0x34, 0x04, 0x95, 0xcf,
  // SetGfxF
  0x20, 0x52, 0xf1, 0xb5, 0x1e, 0xd0, 0xc3, 0xa9, 0x51, 0x85, 0x00, 0xa0, 0x02, 0xa5, 0x09, 0x29,
  0x02, 0xf0, 0x02, 0xa0, 0x82,
  // FlmeAt
  0x84, 0x01, 0xbc, 0xe5, 0x06, 0xa2, 0x00,
  // DrawFlameLoop
  0xad, 0xb9, 0x03, 0x99, 0x00, 0x02, 0xa5, 0x00, 0x99, 0x01, 0x02, 0xe6, 0x00, 0xa5, 0x01, 0x99,
  0x02, 0x02, 0xad, 0xae, 0x03, 0x99, 0x03, 0x02, 0x18, 0x69, 0x08, 0x8d, 0xae, 0x03, 0xc8, 0xc8,
  0xc8, 0xc8, 0xe8, 0xe0, 0x03, 0x90, 0xd9, 0xa6, 0x08, 0x20, 0xaf, 0xf1, 0xbc, 0xe5, 0x06, 0xad,
  0xd1, 0x03, 0x4a, 0x48, 0x90, 0x05, 0xa9, 0xf8, 0x99, 0x0c, 0x02,
  // M3FOfs
  0x68, 0x4a, 0x48, 0x90, 0x05, 0xa9, 0xf8, 0x99, 0x08, 0x02,
  // M2FOfs
  0x68, 0x4a, 0x48, 0x90, 0x05, 0xa9, 0xf8, 0x99, 0x04, 0x02,
  // M1FOfs
  0x68, 0x4a, 0x90, 0x05, 0xa9, 0xf8, 0x99, 0x00, 0x02,
  // ExFlmeD
  0x60,
  // RunFireworks
  0xd6, 0xa0, 0xd0, 0x0c, 0xa9, 0x08, 0x95, 0xa0, 0xf6, 0x58, 0xb5, 0x58, 0xc9, 0x03, 0xb0, 0x18,
  // SetupExpl
  0x20, 0x52, 0xf1, 0xad, 0xb9, 0x03, 0x8d, 0xba, 0x03, 0xad, 0xae, 0x03, 0x8d, 0xaf, 0x03, 0xbc,
  0xe5, 0x06, 0xb5, 0x58, 0x20, 0x17, 0xed, 0x60,
  // FireworksSoundScore
  0xa9, 0x00, 0x95, 0x0f, 0xa9, 0x08, 0x85, 0xfe, 0xa9, 0x05, 0x8d, 0x38, 0x01, 0x4c, 0x36, 0xd3,
  // StarFlagYPosAdder
  // --------------------------------
  0x00, 0x00, 0x08, 0x08,
  // StarFlagXPosAdder
  0x00, 0x08, 0x00, 0x08,
  // StarFlagTileData
  0x54, 0x55, 0x56, 0x57,
  // RunStarFlagObj
  0xa9, 0x00, 0x8d, 0xcb, 0x06, 0xad, 0x46, 0x07, 0xc9, 0x05, 0xb0, 0x2c, 0x20, 0x04, 0x8e, 0x11,
  0xd3, 0xf2, 0xd2, 0x12, 0xd3, 0x4e, 0xd3, 0xa2, 0xd3,
  // GameTimerFireworks
  0xa0, 0x05, 0xad, 0xfa, 0x07, 0xc9, 0x01, 0xf0, 0x0e, 0xa0, 0x03, 0xc9, 0x03, 0xf0, 0x08, 0xa0,
  0x00, 0xc9, 0x06, 0xf0, 0x02, 0xa9, 0xff,
  // SetFWC
  0x8d, 0xd7, 0x06, 0x94, 0x1e,
  // IncrementSFTask1
  0xee, 0x46, 0x07,
  // StarFlagExit
  0x60,
  // AwardGameTimerPoints
  0xad, 0xf8, 0x07, 0x0d, 0xf9, 0x07, 0x0d, 0xfa, 0x07, 0xf0, 0xf1, 0xa5, 0x09, 0x29, 0x04, 0xf0,
  0x04, 0xa9, 0x10, 0x85, 0xfe,
  // NoTTick
  0xa0, 0x23, 0xa9, 0xff, 0x8d, 0x39, 0x01, 0x20, 0x5f, 0x8f, 0xa9, 0x05, 0x8d, 0x39, 0x01,
  // EndAreaPoints
  0xa0, 0x0b, 0xad, 0x53, 0x07, 0xf0, 0x02, 0xa0, 0x11,
  // ELPGive
  0x20, 0x5f, 0x8f, 0xad, 0x53, 0x07, 0x0a, 0x0a, 0x0a, 0x0a, 0x09, 0x04, 0x4c, 0x36, 0xbc,
  // RaiseFlagSetoffFWorks
  0xb5, 0xcf, 0xc9, 0x72, 0x90, 0x05, 0xd6, 0xcf, 0x4c, 0x65, 0xd3,
  // SetoffF
  0xad, 0xd7, 0x06, 0xf0, 0x38, 0x30, 0x36, 0xa9, 0x16, 0x8d, 0xcb, 0x06,
  // DrawStarFlag
  0x20, 0x52, 0xf1, 0xbc, 0xe5, 0x06, 0xa2, 0x03,
  // DSFLoop
  0xad, 0xb9, 0x03, 0x18, 0x7d, 0xcd, 0xd2, 0x99, 0x00, 0x02, 0xbd, 0xd5, 0xd2, 0x99, 0x01, 0x02,
  0xa9, 0x22, 0x99, 0x02, 0x02, 0xad, 0xae, 0x03, 0x18, 0x7d, 0xd1, 0xd2, 0x99, 0x03, 0x02, 0xc8,
  0xc8, 0xc8, 0xc8, 0xca, 0x10, 0xda, 0xa6, 0x08, 0x60,
  // DrawFlagSetTimer
  0x20, 0x65, 0xd3, 0xa9, 0x06, 0x9d, 0x96, 0x07,
  // IncrementSFTask2
  0xee, 0x46, 0x07, 0x60,
  // DelayToAreaEnd
  0x20, 0x65, 0xd3, 0xbd, 0x96, 0x07, 0xd0, 0x05, 0xad, 0xb1, 0x07, 0xf0, 0xef,
  // StarFlagExit2
  0x60,
  // MovePiranhaPlant
  0xb5, 0x1e, 0xd0, 0x56, 0xbd, 0x8a, 0x07, 0xd0, 0x51, 0xb5, 0xa0, 0xd0, 0x23, 0xb5, 0x58, 0x30,
  0x14, 0x20, 0x43, 0xe1, 0x10, 0x09, 0xa5, 0x00, 0x49, 0xff, 0x18, 0x69, 0x01, 0x85, 0x00,
  // ChkPlayerNearPipe
  0xa5, 0x00, 0xc9, 0x21, 0x90, 0x35,
  // ReversePlantSpeed
  0xb5, 0x58, 0x49, 0xff, 0x18, 0x69, 0x01, 0x95, 0x58, 0xf6, 0xa0,
  // SetupToMovePPlant
  0xbd, 0x34, 0x04, 0xb4, 0x58, 0x10, 0x03, 0xbd, 0x17, 0x04,
  // RiseFallPiranhaPlant
  0x85, 0x00, 0xa5, 0x09, 0x4a, 0x90, 0x19, 0xad, 0x47, 0x07, 0xd0, 0x14, 0xb5, 0xcf, 0x18, 0x75,
  0x58, 0x95, 0xcf, 0xc5, 0x00, 0xd0, 0x09, 0xa9, 0x00, 0x95, 0xa0, 0xa9, 0x40, 0x9d, 0x8a, 0x07,
  // PutinPipe
  0xa9, 0x20, 0x9d, 0xc5, 0x03, 0x60,
  // FirebarSpin
  0x85, 0x07, 0xb5, 0x34, 0xd0, 0x0e, 0xa0, 0x18, 0xb5, 0x58, 0x18, 0x65, 0x07, 0x95, 0x58, 0xb5,
  0xa0, 0x69, 0x00, 0x60,
  // SpinCounterClockwise
  0xa0, 0x08, 0xb5, 0x58, 0x38, 0xe5, 0x07, 0x95, 0x58, 0xb5, 0xa0, 0xe9, 0x00, 0x60,
  // BalancePlatform
  0xb5, 0xb6, 0xc9, 0x03, 0xd0, 0x03, 0x4c, 0x98, 0xc9,
  // DoBPl
  0xb5, 0x1e, 0x10, 0x01, 0x60,
  // CheckBalPlatform
  0xa8, 0xbd, 0xa2, 0x03, 0x85, 0x00, 0xb5, 0x46, 0xf0, 0x03, 0x4c, 0xbb, 0xd5,
  // ChkForFall
  0xa9, 0x2d, 0xd5, 0xcf, 0x90, 0x0f, 0xc4, 0x00, 0xf0, 0x08, 0x18, 0x69, 0x02, 0x95, 0xcf, 0x4c,
  0xb1, 0xd5,
  // MakePlatformFall
  0x4c, 0x98, 0xd5,
  // ChkOtherForFall
  0xd9, 0xcf, 0x00, 0x90, 0x0d, 0xe4, 0x00, 0xf0, 0xf4, 0x18, 0x69, 0x02, 0x99, 0xcf, 0x00, 0x4c,
  0xb1, 0xd5,
  // ChkToMoveBalPlat
  0xb5, 0xcf, 0x48, 0xbd, 0xa2, 0x03, 0x10, 0x18, 0xbd, 0x34, 0x04, 0x18, 0x69, 0x05, 0x85, 0x00,
  0xb5, 0xa0, 0x69, 0x00, 0x30, 0x1a, 0xd0, 0x0c, 0xa5, 0x00, 0xc9, 0x0b, 0x90, 0x0c, 0xb0, 0x04,
  // ColFlg
  0xc5, 0x08, 0xf0, 0x0c,
  // PlatUp
  0x20, 0xb7, 0xbf, 0x4c, 0xa7, 0xd4,
  // PlatSt
  0x20, 0xb1, 0xd5, 0x4c, 0xa7, 0xd4,
  // PlatDn
  0x20, 0xb4, 0xbf,
  // DoOtherPlatform
  0xb4, 0x1e, 0x68, 0x38, 0xf5, 0xcf, 0x18, 0x79, 0xcf, 0x00, 0x99, 0xcf, 0x00, 0xbd, 0xa2, 0x03,
  0x30, 0x04, 0xaa, 0x20, 0x21, 0xdc,
  // DrawEraseRope
  0xa4, 0x08, 0xb9, 0xa0, 0x00, 0x19, 0x34, 0x04, 0xf0, 0x77, 0xae, 0x00, 0x03, 0xe0, 0x20, 0xb0,
  0x70, 0xb9, 0xa0, 0x00, 0x48, 0x48, 0x20, 0x41, 0xd5, 0xa5, 0x01, 0x9d, 0x01, 0x03, 0xa5, 0x00,
  0x9d, 0x02, 0x03, 0xa9, 0x02, 0x9d, 0x03, 0x03, 0xb9, 0xa0, 0x00, 0x30, 0x0d, 0xa9, 0xa2, 0x9d,
  0x04, 0x03, 0xa9, 0xa3, 0x9d, 0x05, 0x03, 0x4c, 0xff, 0xd4,
  // EraseR1
  0xa9, 0x24, 0x9d, 0x04, 0x03, 0x9d, 0x05, 0x03,
  // OtherRope
  0xb9, 0x1e, 0x00, 0xa8, 0x68, 0x49, 0xff, 0x20, 0x41, 0xd5, 0xa5, 0x01, 0x9d, 0x06, 0x03, 0xa5,
  0x00, 0x9d, 0x07, 0x03, 0xa9, 0x02, 0x9d, 0x08, 0x03, 0x68, 0x10, 0x0d, 0xa9, 0xa2, 0x9d, 0x09,
  0x03, 0xa9, 0xa3, 0x9d, 0x0a, 0x03, 0x4c, 0x30, 0xd5,
  // EraseR2
  0xa9, 0x24, 0x9d, 0x09, 0x03, 0x9d, 0x0a, 0x03,
  // EndRp
  0xa9, 0x00, 0x9d, 0x0b, 0x03, 0xad, 0x00, 0x03, 0x18, 0x69, 0x0a, 0x8d, 0x00, 0x03,
  // ExitRp
  0xa6, 0x08, 0x60,
  // SetupPlatformRope
  0x48, 0xb9, 0x87, 0x00, 0x18, 0x69, 0x08, 0xae, 0xcc, 0x06, 0xd0, 0x03, 0x18, 0x69, 0x10,
  // GetLRp
  0x48, 0xb9, 0x6e, 0x00, 0x69, 0x00, 0x85, 0x02, 0x68, 0x29, 0xf0, 0x4a, 0x4a, 0x4a, 0x85, 0x00,
  0xb6, 0xcf, 0x68, 0x10, 0x05, 0x8a, 0x18, 0x69, 0x08, 0xaa,
  // GetHRp
  0x8a, 0xae, 0x00, 0x03, 0x0a, 0x2a, 0x48, 0x2a, 0x29, 0x03, 0x09, 0x20, 0x85, 0x01, 0xa5, 0x02,
  0x29, 0x01, 0x0a, 0x0a, 0x05, 0x01, 0x85, 0x01, 0x68, 0x29, 0xe0, 0x18, 0x65, 0x00, 0x85, 0x00,
  0xb9, 0xcf, 0x00, 0xc9, 0xe8, 0x90, 0x06, 0xa5, 0x00, 0x29, 0xbf, 0x85, 0x00,
  // ExPRp
  0x60,
  // InitPlatformFall
  0x98, 0xaa, 0x20, 0xaf, 0xf1, 0xa9, 0x06, 0x20, 0x11, 0xda, 0xad, 0xad, 0x03, 0x9d, 0x17, 0x01,
  0xa5, 0xce, 0x9d, 0x1e, 0x01, 0xa9, 0x01, 0x95, 0x46,
  // StopPlatforms
  0x20, 0x63, 0xc3, 0x99, 0xa0, 0x00, 0x99, 0x34, 0x04, 0x60,
  // PlatformFall
  0x98, 0x48, 0x20, 0x6b, 0xbf, 0x68, 0xaa, 0x20, 0x6b, 0xbf, 0xa6, 0x08, 0xbd, 0xa2, 0x03, 0x30,
  0x04, 0xaa, 0x20, 0x21, 0xdc,
  // ExPF
  0xa6, 0x08, 0x60,
  // YMovingPlatform
  0xb5, 0xa0, 0x1d, 0x34, 0x04, 0xd0, 0x15, 0x9d, 0x17, 0x04, 0xb5, 0xcf, 0xdd, 0x01, 0x04, 0xb0,
  0x0b, 0xa5, 0x09, 0x29, 0x07, 0xd0, 0x02, 0xf6, 0xcf,
  // SkipIY
  0x4c, 0xfe, 0xd5,
  // ChkYCenterPos
  0xb5, 0xcf, 0xd5, 0x58, 0x90, 0x06, 0x20, 0xb7, 0xbf, 0x4c, 0xfe, 0xd5,
  // YMDown
  0x20, 0xb4, 0xbf,
  // ChkYPCollision
  0xbd, 0xa2, 0x03, 0x30, 0x03, 0x20, 0x21, 0xdc,
  // ExYPl
  0x60,
  // XMovingPlatform
  0xa9, 0x0e, 0x20, 0x47, 0xcb, 0x20, 0x66, 0xcb, 0xbd, 0xa2, 0x03, 0x30, 0x1c,
  // PositionPlayerOnHPlat
  0xa5, 0x86, 0x18, 0x65, 0x00, 0x85, 0x86, 0xa5, 0x6d, 0xa4, 0x00, 0x30, 0x05, 0x69, 0x00, 0x4c,
  0x28, 0xd6,
  // PPHSubt
  0xe9, 0x00,
  // SetPVar
  0x85, 0x6d, 0x8c, 0xa1, 0x03, 0x20, 0x21, 0xdc,
  // ExXMP
  0x60,
  // DropPlatform
  0xbd, 0xa2, 0x03, 0x30, 0x06, 0x20, 0x88, 0xbf, 0x20, 0x21, 0xdc,
  // ExDPl
  0x60,
  // RightPlatform
  0x20, 0x02, 0xbf, 0x85, 0x00, 0xbd, 0xa2, 0x03, 0x30, 0x07, 0xa9, 0x10, 0x95, 0x58, 0x20, 0x14,
  0xd6,
  // ExRPl
  0x60,
  // MoveLargeLiftPlat
  0x20, 0x5b, 0xd6, 0x4c, 0xfe, 0xd5,
  // MoveSmallPlatform
  0x20, 0x5b, 0xd6, 0x4c, 0x71, 0xd6,
  // MoveLiftPlatforms
  0xad, 0x47, 0x07, 0xd0, 0x19, 0xbd, 0x17, 0x04, 0x18, 0x7d, 0x34, 0x04, 0x9d, 0x17, 0x04, 0xb5,
  0xcf, 0x75, 0xa0, 0x95, 0xcf, 0x60,
  // ChkSmallPlatCollision
  0xbd, 0xa2, 0x03, 0xf0, 0x03, 0x20, 0x19, 0xdc,
  // ExLiftP
  0x60,
  // OffscreenBoundsCheck
  0xb5, 0x16, 0xc9, 0x14, 0xf0, 0x55, 0xad, 0x1c, 0x07, 0xb4, 0x16, 0xc0, 0x05, 0xf0, 0x04, 0xc0,
  0x0d, 0xd0, 0x02,
  // LimitB
  0x69, 0x38,
  // ExtendLB
  0xe9, 0x48, 0x85, 0x01, 0xad, 0x1a, 0x07, 0xe9, 0x00, 0x85, 0x00, 0xad, 0x1d, 0x07, 0x69, 0x48,
  0x85, 0x03, 0xad, 0x1b, 0x07, 0x69, 0x00, 0x85, 0x02, 0xb5, 0x87, 0xc5, 0x01, 0xb5, 0x6e, 0xe5,
  0x00, 0x30, 0x20, 0xb5, 0x87, 0xc5, 0x03, 0xb5, 0x6e, 0xe5, 0x02, 0x30, 0x19, 0xb5, 0x1e, 0xc9,
  0x05, 0xf0, 0x13, 0xc0, 0x0d, 0xf0, 0x0f, 0xc0, 0x30, 0xf0, 0x0b, 0xc0, 0x31, 0xf0, 0x07, 0xc0,
  0x32, 0xf0, 0x03,
  // TooFar
  0x20, 0x98, 0xc9,
  // ExScrnBd
  0x60,
  // -------------------------------------------------------------------------------------
  // some unused space
  0xff, 0xff, 0xff,
  // FireballEnemyCollision
  0xb5, 0x24, 0xf0, 0x56, 0x0a, 0xb0, 0x53, 0xa5, 0x09, 0x4a, 0xb0, 0x4e, 0x8a, 0x0a, 0x0a, 0x18,
  0x69, 0x1c, 0xa8, 0xa2, 0x04,
  // FireballEnemyCDLoop
  0x86, 0x01, 0x98, 0x48, 0xb5, 0x1e, 0x29, 0x20, 0xd0, 0x34, 0xb5, 0x0f, 0xf0, 0x30, 0xb5, 0x16,
  0xc9, 0x24, 0x90, 0x04, 0xc9, 0x2b, 0x90, 0x26,
  // GoombaDie
  0xc9, 0x06, 0xd0, 0x06, 0xb5, 0x1e, 0xc9, 0x02, 0xb0, 0x1c,
  // NotGoomba
  0xbd, 0xd8, 0x03, 0xd0, 0x17, 0x8a, 0x0a, 0x0a, 0x18, 0x69, 0x04, 0xaa, 0x20, 0x27, 0xe3, 0xa6,
  0x08, 0x90, 0x09, 0xa9, 0x80, 0x95, 0x24, 0xa6, 0x01, 0x20, 0x3e, 0xd7,
  // NoFToECol
  0x68, 0xa8, 0xa6, 0x01, 0xca, 0x10, 0xbb,
  // ExitFBallEnemy
  0xa6, 0x08, 0x60,
  // BowserIdentities
  0x06, 0x00, 0x02, 0x12, 0x11, 0x07, 0x05, 0x2d,
  // HandleEnemyFBallCol
  0x20, 0x52, 0xf1, 0xa6, 0x01, 0xb5, 0x0f, 0x10, 0x0b, 0x29, 0x0f, 0xaa, 0xb5, 0x16, 0xc9, 0x2d,
  0xf0, 0x0c, 0xa6, 0x01,
  // ChkBuzzyBeetle
  0xb5, 0x16, 0xc9, 0x02, 0xf0, 0x6b, 0xc9, 0x2d, 0xd0, 0x2d,
  // HurtBowser
  0xce, 0x83, 0x04, 0xd0, 0x62, 0x20, 0x63, 0xc3, 0x95, 0x58, 0x8d, 0xcb, 0x06, 0xa9, 0xfe, 0x95,
  0xa0, 0xac, 0x5f, 0x07, 0xb9, 0x36, 0xd7, 0x95, 0x16, 0xa9, 0x20, 0xc0, 0x03, 0xb0, 0x02, 0x09,
  0x03,
  // SetDBSte
  0x95, 0x1e, 0xa9, 0x80, 0x85, 0xfe, 0xa6, 0x01, 0xa9, 0x09, 0xd0, 0x33,
  // ChkOtherEnemies
  0xc9, 0x08, 0xf0, 0x36, 0xc9, 0x0c, 0xf0, 0x32, 0xc9, 0x15, 0xb0, 0x2e,
  // ShellOrBlockDefeat
  0xb5, 0x16, 0xc9, 0x0d, 0xd0, 0x06, 0xb5, 0xcf, 0x69, 0x18, 0x95, 0xcf,
  // StnE
  0x20, 0x1b, 0xe0, 0xb5, 0x1e, 0x29, 0x1f, 0x09, 0x20, 0x95, 0x1e, 0xa9, 0x02, 0xb4, 0x16, 0xc0,
  0x05, 0xd0, 0x02, 0xa9, 0x06,
  // GoombaPoints
  0xc0, 0x06, 0xd0, 0x02, 0xa9, 0x01,
  // EnemySmackScore
  0x20, 0x11, 0xda, 0xa9, 0x08, 0x85, 0xff,
  // ExHCF
  0x60,
  // PlayerHammerCollision
  0xa5, 0x09, 0x4a, 0x90, 0x36, 0xad, 0x47, 0x07, 0x0d, 0xd6, 0x03, 0xd0, 0x2e, 0x8a, 0x0a, 0x0a,
  0x18, 0x69, 0x24, 0xa8, 0x20, 0x25, 0xe3, 0xa6, 0x08, 0x90, 0x1b, 0xbd, 0xbe, 0x06, 0xd0, 0x1b,
  0xa9, 0x01, 0x9d, 0xbe, 0x06, 0xb5, 0x64, 0x49, 0xff, 0x18, 0x69, 0x01, 0x95, 0x64, 0xad, 0x9f,
  0x07, 0xd0, 0x08, 0x4c, 0x2c, 0xd9,
  // ClHCol
  0xa9, 0x00, 0x9d, 0xbe, 0x06,
  // ExPHC
  0x60,
  // HandlePowerUpCollision
  0x20, 0x98, 0xc9, 0xa9, 0x06, 0x20, 0x11, 0xda, 0xa9, 0x20, 0x85, 0xfe, 0xa5, 0x39, 0xc9, 0x02,
  0x90, 0x0e, 0xc9, 0x03, 0xf0, 0x24, 0xa9, 0x23, 0x8d, 0x9f, 0x07, 0xa9, 0x40, 0x85, 0xfb, 0x60,
  // Shroom_Flower_PUp
  0xad, 0x56, 0x07, 0xf0, 0x1b, 0xc9, 0x01, 0xd0, 0x23, 0xa6, 0x08, 0xa9, 0x02, 0x8d, 0x56, 0x07,
  0x20, 0xf1, 0x85, 0xa6, 0x08, 0xa9, 0x0c, 0x4c, 0x47, 0xd8,
  // SetFor1Up
  0xa9, 0x0b, 0x9d, 0x10, 0x01, 0x60,
  // UpToSuper
  0xa9, 0x01, 0x8d, 0x56, 0x07, 0xa9, 0x09,
  // UpToFiery
  0xa0, 0x00, 0x20, 0x48, 0xd9,
  // NoPUp
  0x60,
  // ResidualXSpdData
  // --------------------------------
  0x18, 0xe8,
  // KickedShellXSpdData
  0x30, 0xd0,
  // DemotedKoopaXSpdData
  0x08, 0xf8,
  // PlayerEnemyCollision
  0xa5, 0x09, 0x4a, 0xb0, 0xf4, 0x20, 0x41, 0xdc, 0xb0, 0x23, 0xbd, 0xd8, 0x03, 0xd0, 0x1e, 0xa5,
  0x0e, 0xc9, 0x08, 0xd0, 0x18, 0xb5, 0x1e, 0x29, 0x20, 0xd0, 0x12, 0x20, 0x52, 0xdc, 0x20, 0x25,
  0xe3, 0xa6, 0x08, 0xb0, 0x09, 0xbd, 0x91, 0x04, 0x29, 0xfe, 0x9d, 0x91, 0x04,
  // NoPECol
  0x60,
  // CheckForPUpCollision
  0xb4, 0x16, 0xc0, 0x2e, 0xd0, 0x03, 0x4c, 0x00, 0xd8,
  // EColl
  0xad, 0x9f, 0x07, 0xf0, 0x06, 0x4c, 0x95, 0xd7,
  // KickedShellPtsData
  0x0a, 0x06, 0x04,
  // HandlePECollisions
  0xbd, 0x91, 0x04, 0x29, 0x01, 0x1d, 0xd8, 0x03, 0xd0, 0x59, 0xa9, 0x01, 0x1d, 0x91, 0x04, 0x9d,
  0x91, 0x04, 0xc0, 0x12, 0xf0, 0x4e, 0xc0, 0x0d, 0xf0, 0x7d, 0xc0, 0x0c, 0xf0, 0x79, 0xc0, 0x33,
  0xf0, 0x42, 0xc0, 0x15, 0xb0, 0x71, 0xad, 0x4e, 0x07, 0xf0, 0x6c, 0xb5, 0x1e, 0x0a, 0xb0, 0x34,
  0xb5, 0x1e, 0x29, 0x07, 0xc9, 0x02, 0x90, 0x2c, 0xb5, 0x16, 0xc9, 0x06, 0xf0, 0x25, 0xa9, 0x08,
  0x85, 0xff, 0xb5, 0x1e, 0x09, 0x80, 0x95, 0x1e, 0x20, 0x05, 0xda, 0xb9, 0x4f, 0xd8, 0x95, 0x58,
  0xa9, 0x03, 0x18, 0x6d, 0x84, 0x04, 0xbc, 0x96, 0x07, 0xc0, 0x03, 0xb0, 0x03, 0xb9, 0x92, 0xd8,
  // KSPts
  0x20, 0x11, 0xda,
  // ExPEC
  0x60,
  // ChkForPlayerInjury
  0xa5, 0x9f, 0x30, 0x02, 0xd0, 0x6a,
  // ChkInj
  0xb5, 0x16, 0xc9, 0x07, 0x90, 0x09, 0xa5, 0xce, 0x18, 0x69, 0x0c, 0xd5, 0xcf, 0x90, 0x5b,
  // ChkETmrs
  0xad, 0x91, 0x07, 0xd0, 0x56, 0xad, 0x9e, 0x07, 0xd0, 0x3d, 0xad, 0xad, 0x03, 0xcd, 0xae, 0x03,
  0x90, 0x03, 0x4c, 0xf6, 0xd9,
  // TInjE
  0xb5, 0x46, 0xc9, 0x01, 0xd0, 0x03, 0x4c, 0xff, 0xd9,
  // InjurePlayer
  0xad, 0x9e, 0x07, 0xd0, 0x24,
  // ForceInjury
  0xae, 0x56, 0x07, 0xf0, 0x22, 0x8d, 0x56, 0x07, 0xa9, 0x08, 0x8d, 0x9e, 0x07, 0x0a, 0x85, 0xff,
  0x20, 0xf1, 0x85, 0xa9, 0x0a,
  // SetKRout
  0xa0, 0x01,
  // SetPRout
  0x85, 0x0e, 0x84, 0x1d, 0xa0, 0xff, 0x8c, 0x47, 0x07, 0xc8, 0x8c, 0x75, 0x07,
  // ExInjColRoutines
  0xa6, 0x08, 0x60,
  // KillPlayer
  0x86, 0x57, 0xe8, 0x86, 0xfc, 0xa9, 0xfc, 0x85, 0x9f, 0xa9, 0x0b, 0xd0, 0xe1,
  // StompedEnemyPtsData
  0x02, 0x06, 0x05, 0x06,
  // EnemyStomped
  0xb5, 0x16, 0xc9, 0x12, 0xf0, 0xbd, 0xa9, 0x04, 0x85, 0xff, 0xb5, 0x16, 0xa0, 0x00, 0xc9, 0x14,
  0xf0, 0x1b, 0xc9, 0x08, 0xf0, 0x17, 0xc9, 0x33, 0xf0, 0x13, 0xc9, 0x0c, 0xf0, 0x0f, 0xc8, 0xc9,
  0x05, 0xf0, 0x0a, 0xc8, 0xc9, 0x11, 0xf0, 0x05, 0xc8, 0xc9, 0x07, 0xd0, 0x1d,
  // EnemyStompedPts
  0xb9, 0x65, 0xd9, 0x20, 0x11, 0xda, 0xb5, 0x46, 0x48, 0x20, 0x2f, 0xe0, 0x68, 0x95, 0x46, 0xa9,
  0x20, 0x95, 0x1e, 0x20, 0x63, 0xc3, 0x95, 0x58, 0xa9, 0xfd, 0x85, 0x9f, 0x60,
  // ChkForDemoteKoopa
  0xc9, 0x09, 0x90, 0x1d, 0x29, 0x01, 0x95, 0x16, 0xa0, 0x00, 0x94, 0x1e, 0xa9, 0x03, 0x20, 0x11,
  0xda, 0x20, 0x63, 0xc3, 0x20, 0x05, 0xda, 0xb9, 0x51, 0xd8, 0x95, 0x58, 0x4c, 0xf1, 0xd9,
  // RevivalRateData
  0x10, 0x0b,
  // HandleStompedShellE
  0xa9, 0x04, 0x95, 0x1e, 0xee, 0x84, 0x04, 0xad, 0x84, 0x04, 0x18, 0x6d, 0x91, 0x07, 0x20, 0x11,
  0xda, 0xee, 0x91, 0x07, 0xac, 0x6a, 0x07, 0xb9, 0xd2, 0xd9, 0x9d, 0x96, 0x07,
  // SBnce
  0xa9, 0xfc, 0x85, 0x9f, 0x60,
  // ChkEnemyFaceRight
  0xb5, 0x46, 0xc9, 0x01, 0xd0, 0x03, 0x4c, 0x2c, 0xd9,
  // LInj
  0x20, 0x1c, 0xdb, 0x4c, 0x2c, 0xd9,
  // EnemyFacePlayer
  0xa0, 0x01, 0x20, 0x43, 0xe1, 0x10, 0x01, 0xc8,
  // SFcRt
  0x94, 0x46, 0x88, 0x60,
  // SetupFloateyNumber
  0x9d, 0x10, 0x01, 0xa9, 0x30, 0x9d, 0x2c, 0x01, 0xb5, 0xcf, 0x9d, 0x1e, 0x01, 0xad, 0xae, 0x03,
  0x9d, 0x17, 0x01,
  // ExSFN
  0x60,
  // SetBitsMask
  // -------------------------------------------------------------------------------------
  // $01 - used to hold enemy offset for second enemy
  0x80, 0x40, 0x20, 0x10, 0x08, 0x04, 0x02,
  // ClearBitsMask
  0x7f, 0xbf, 0xdf, 0xef, 0xf7, 0xfb, 0xfd,
  // EnemiesCollision
  0xa5, 0x09, 0x4a, 0x90, 0xec, 0xad, 0x4e, 0x07, 0xf0, 0xe7, 0xb5, 0x16, 0xc9, 0x15, 0xb0, 0x6e,
  0xc9, 0x11, 0xf0, 0x6a, 0xc9, 0x0d, 0xf0, 0x66, 0xbd, 0xd8, 0x03, 0xd0, 0x61, 0x20, 0x52, 0xdc,
  0xca, 0x30, 0x5b,
  // ECLoop
  0x86, 0x01, 0x98, 0x48, 0xb5, 0x0f, 0xf0, 0x4c, 0xb5, 0x16, 0xc9, 0x15, 0xb0, 0x46, 0xc9, 0x11,
  0xf0, 0x42, 0xc9, 0x0d, 0xf0, 0x3e, 0xbd, 0xd8, 0x03, 0xd0, 0x39, 0x8a, 0x0a, 0x0a, 0x18, 0x69,
  0x04, 0xaa, 0x20, 0x27, 0xe3, 0xa6, 0x08, 0xa4, 0x01, 0x90, 0x20, 0xb5, 0x1e, 0x19, 0x1e, 0x00,
  0x29, 0x80, 0xd0, 0x11, 0xb9, 0x91, 0x04, 0x3d, 0x25, 0xda, 0xd0, 0x18, 0xb9, 0x91, 0x04, 0x1d,
  0x25, 0xda, 0x99, 0x91, 0x04,
  // YesEC
  0x20, 0xb4, 0xda, 0x4c, 0xaa, 0xda,
  // NoEnemyCollision
  0xb9, 0x91, 0x04, 0x3d, 0x2c, 0xda, 0x99, 0x91, 0x04,
  // ReadyNextEnemy
  0x68, 0xa8, 0xa6, 0x01, 0xca, 0x10, 0xa5,
  // ExitECRoutine
  0xa6, 0x08, 0x60,
  // ProcEnemyCollisions
  0xb9, 0x1e, 0x00, 0x15, 0x1e, 0x29, 0x20, 0xd0, 0x33, 0xb5, 0x1e, 0xc9, 0x06, 0x90, 0x2e, 0xb5,
  0x16, 0xc9, 0x05, 0xf0, 0x27, 0xb9, 0x1e, 0x00, 0x0a, 0x90, 0x0a, 0xa9, 0x06, 0x20, 0x11, 0xda,
  0x20, 0x95, 0xd7, 0xa4, 0x01,
  // ShellCollisions
  0x98, 0xaa, 0x20, 0x95, 0xd7, 0xa6, 0x08, 0xbd, 0x25, 0x01, 0x18, 0x69, 0x04, 0xa6, 0x01, 0x20,
  0x11, 0xda, 0xa6, 0x08, 0xfe, 0x25, 0x01,
  // ExitProcessEColl
  0x60,
  // ProcSecondEnemyColl
  0xb9, 0x1e, 0x00, 0xc9, 0x06, 0x90, 0x1d, 0xb9, 0x16, 0x00, 0xc9, 0x05, 0xf0, 0xf1, 0x20, 0x95,
  0xd7, 0xa4, 0x01, 0xb9, 0x25, 0x01, 0x18, 0x69, 0x04, 0xa6, 0x08, 0x20, 0x11, 0xda, 0xa6, 0x01,
  0xfe, 0x25, 0x01, 0x60,
  // MoveEOfs
  0x98, 0xaa, 0x20, 0x1c, 0xdb, 0xa6, 0x08,
  // EnemyTurnAround
  0xb5, 0x16, 0xc9, 0x0d, 0xf0, 0x22, 0xc9, 0x11, 0xf0, 0x1e, 0xc9, 0x05, 0xf0, 0x1a, 0xc9, 0x12,
  0xf0, 0x08, 0xc9, 0x0e, 0xf0, 0x04, 0xc9, 0x07, 0xb0, 0x0e,
  // RXSpd
  0xb5, 0x58, 0x49, 0xff, 0xa8, 0xc8, 0x94, 0x58, 0xb5, 0x46, 0x49, 0x03, 0x95, 0x46,
  // ExTA
  0x60,
  // LargePlatformCollision
  0xa9, 0xff, 0x9d, 0xa2, 0x03, 0xad, 0x47, 0x07, 0xd0, 0x29, 0xb5, 0x1e, 0x30, 0x25, 0xb5, 0x16,
  0xc9, 0x24, 0xd0, 0x06, 0xb5, 0x1e, 0xaa, 0x20, 0x5f, 0xdb,
  // ChkForPlayerC_LargeP
  0x20, 0x41, 0xdc, 0xb0, 0x14, 0x8a, 0x20, 0x54, 0xdc, 0xb5, 0xcf, 0x85, 0x00, 0x8a, 0x48, 0x20,
  0x25, 0xe3, 0x68, 0xaa, 0x90, 0x03, 0x20, 0xbc, 0xdb,
  // ExLPC
  0xa6, 0x08, 0x60,
  // SmallPlatformCollision
  0xad, 0x47, 0x07, 0xd0, 0x37, 0x9d, 0xa2, 0x03, 0x20, 0x41, 0xdc, 0xb0, 0x2f, 0xa9, 0x02, 0x85,
  0x00,
  // ChkSmallPlatLoop
  0xa6, 0x08, 0x20, 0x52, 0xdc, 0x29, 0x02, 0xd0, 0x22, 0xb9, 0xad, 0x04, 0xc9, 0x20, 0x90, 0x05,
  0x20, 0x25, 0xe3, 0xb0, 0x19,
  // MoveBoundBox
  0xb9, 0xad, 0x04, 0x18, 0x69, 0x80, 0x99, 0xad, 0x04, 0xb9, 0xaf, 0x04, 0x18, 0x69, 0x80, 0x99,
  0xaf, 0x04, 0xc6, 0x00, 0xd0, 0xd5,
  // ExSPC
  0xa6, 0x08, 0x60,
  // ProcSPlatCollisions
  0xa6, 0x08,
  // ProcLPlatCollisions
  0xb9, 0xaf, 0x04, 0x38, 0xed, 0xad, 0x04, 0xc9, 0x04, 0xb0, 0x08, 0xa5, 0x9f, 0x10, 0x04, 0xa9,
  0x01, 0x85, 0x9f,
  // ChkForTopCollision
  0xad, 0xaf, 0x04, 0x38, 0xf9, 0xad, 0x04, 0xc9, 0x06, 0xb0, 0x1b, 0xa5, 0x9f, 0x30, 0x17, 0xa5,
  0x00, 0xb4, 0x16, 0xc0, 0x2b, 0xf0, 0x05, 0xc0, 0x2c, 0xf0, 0x01, 0x8a,
  // SetCollisionFlag
  0xa6, 0x08, 0x9d, 0xa2, 0x03, 0xa9, 0x00, 0x85, 0x1d, 0x60,
  // PlatformSideCollisions
  0xa9, 0x01, 0x85, 0x00, 0xad, 0xae, 0x04, 0x38, 0xf9, 0xac, 0x04, 0xc9, 0x08, 0x90, 0x0d, 0xe6,
  0x00, 0xb9, 0xae, 0x04, 0x18, 0xed, 0xac, 0x04, 0xc9, 0x09, 0xb0, 0x03,
  // SideC
  0x20, 0x4b, 0xdf,
  // NoSideC
  0xa6, 0x08, 0x60,
  // PlayerPosSPlatData
  // -------------------------------------------------------------------------------------
  0x80, 0x00,
  // PositionPlayerOnS_Plat
  0xa8, 0xb5, 0xcf, 0x18, 0x79, 0x16, 0xdc,
  // BIT instruction opcode
  0x2c,
  // PositionPlayerOnVPlat
  0xb5, 0xcf, 0xa4, 0x0e, 0xc0, 0x0b, 0xf0, 0x17, 0xb4, 0xb6, 0xc0, 0x01, 0xd0, 0x11, 0x38, 0xe9,
  0x20, 0x85, 0xce, 0x98, 0xe9, 0x00, 0x85, 0xb5, 0xa9, 0x00, 0x85, 0x9f, 0x8d, 0x33, 0x04,
  // ExPlPos
  0x60,
  // CheckPlayerVertical
  0xad, 0xd0, 0x03, 0xc9, 0xf0, 0xb0, 0x09, 0xa4, 0xb5, 0x88, 0xd0, 0x04, 0xa5, 0xce, 0xc9, 0xd0,
  // ExCPV
  0x60,
  // GetEnemyBoundBoxOfs
  0xa5, 0x08,
  // GetEnemyBoundBoxOfsArg
  0x0a, 0x0a, 0x18, 0x69, 0x04, 0xa8, 0xad, 0xd1, 0x03, 0x29, 0x0f, 0xc9, 0x0f, 0x60,
  // PlayerBGUpperExtent
  // -------------------------------------------------------------------------------------
  // $00-$01 - used to hold many values, essentially temp variables
  // $04 - holds lower nybble of vertical coordinate from block buffer routine
  // $eb - used to hold block buffer adder
  0x20, 0x10,
  // PlayerBGCollision
  0xad, 0x16, 0x07, 0xd0, 0x2e, 0xa5, 0x0e, 0xc9, 0x0b, 0xf0, 0x28, 0xc9, 0x04, 0x90, 0x24, 0xa9,
  0x01, 0xac, 0x04, 0x07, 0xd0, 0x0a, 0xa5, 0x1d, 0xf0, 0x04, 0xc9, 0x03, 0xd0, 0x04,
  // SetFallS
  0xa9, 0x02,
  // SetPSte
  0x85, 0x1d,
  // ChkOnScr
  0xa5, 0xb5, 0xc9, 0x01, 0xd0, 0x0b, 0xa9, 0xff, 0x8d, 0x90, 0x04, 0xa5, 0xce, 0xc9, 0xcf, 0x90,
  0x01,
  // ExPBGCol
  0x60,
  // ChkCollSize
  0xa0, 0x02, 0xad, 0x14, 0x07, 0xd0, 0x0c, 0xad, 0x54, 0x07, 0xd0, 0x07, 0x88, 0xad, 0x04, 0x07,
  0xd0, 0x01, 0x88,
  // GBBAdr
  0xb9, 0xad, 0xe3, 0x85, 0xeb, 0xa8, 0xae, 0x54, 0x07, 0xad, 0x14, 0x07, 0xf0, 0x01, 0xe8,
  // HeadChk
  0xa5, 0xce, 0xdd, 0x62, 0xdc, 0x90, 0x35, 0x20, 0xe9, 0xe3, 0xf0, 0x30, 0x20, 0xa1, 0xdf, 0xb0,
  0x4f, 0xa4, 0x9f, 0x10, 0x27, 0xa4, 0x04, 0xc0, 0x04, 0x90, 0x21, 0x20, 0x8f, 0xdf, 0xb0, 0x10,
  0xac, 0x4e, 0x07, 0xf0, 0x13, 0xac, 0x84, 0x07, 0xd0, 0x0e, 0x20, 0xed, 0xbc, 0x4c, 0xf6, 0xdc,
  // SolidOrClimb
  0xc9, 0x26, 0xf0, 0x04, 0xa9, 0x02, 0x85, 0xff,
  // NYSpd
  0xa9, 0x01, 0x85, 0x9f,
  // DoFootCheck
  0xa4, 0xeb, 0xa5, 0xce, 0xc9, 0xcf, 0xb0, 0x60, 0x20, 0xe8, 0xe3, 0x20, 0xa1, 0xdf, 0xb0, 0x14,
  0x48, 0x20, 0xe8, 0xe3, 0x85, 0x00, 0x68, 0x85, 0x01, 0xd0, 0x0c, 0xa5, 0x00, 0xf0, 0x49, 0x20,
  0xa1, 0xdf, 0x90, 0x03,
  // AwardTouchedCoin
  0x4c, 0x05, 0xde,
  // ChkFootMTile
  0x20, 0x9a, 0xdf, 0xb0, 0x3c, 0xa4, 0x9f, 0x30, 0x38, 0xc9, 0xc5, 0xd0, 0x03, 0x4c, 0x0e, 0xde,
  // ContChk
  0x20, 0xbd, 0xde, 0xf0, 0x2c, 0xac, 0x0e, 0x07, 0xd0, 0x23, 0xa4, 0x04, 0xc0, 0x05, 0x90, 0x07,
  0xa5, 0x45, 0x85, 0x00, 0x4c, 0x4b, 0xdf,
  // LandPlyr
  0x20, 0xc4, 0xde, 0xa9, 0xf0, 0x25, 0xce, 0x85, 0xce, 0x20, 0xe8, 0xde, 0xa9, 0x00, 0x85, 0x9f,
  0x8d, 0x33, 0x04, 0x8d, 0x84, 0x04,
  // InitSteP
  0xa9, 0x00, 0x85, 0x1d,
  // DoPlayerSideCheck
  0xa4, 0xeb, 0xc8, 0xc8, 0xa9, 0x02, 0x85, 0x00,
  // SideCheckLoop
  0xc8, 0x84, 0xeb, 0xa5, 0xce, 0xc9, 0x20, 0x90, 0x16, 0xc9, 0xe4, 0xb0, 0x28, 0x20, 0xec, 0xe3,
  0xf0, 0x0d, 0xc9, 0x1c, 0xf0, 0x09, 0xc9, 0x6b, 0xf0, 0x05, 0x20, 0x9a, 0xdf, 0x90, 0x17,
  // BHalf
  0xa4, 0xeb, 0xc8, 0xa5, 0xce, 0xc9, 0x08, 0x90, 0x0d, 0xc9, 0xd0, 0xb0, 0x09, 0x20, 0xec, 0xe3,
  0xd0, 0x05, 0xc6, 0x00, 0xd0, 0xcb,
  // ExSCH
  0x60,
  // CheckSideMTiles
  0x20, 0xbd, 0xde, 0xf0, 0x61, 0x20, 0x9a, 0xdf, 0x90, 0x03, 0x4c, 0x2e, 0xde,
  // ContSChk
  0x20, 0xa1, 0xdf, 0xb0, 0x57, 0x20, 0xdd, 0xde, 0x90, 0x08, 0xad, 0x0e, 0x07, 0xd0, 0x4a, 0x4c,
  0xff, 0xdd,
  // ChkPBtm
  0xa4, 0x1d, 0xc0, 0x00, 0xd0, 0x3e, 0xa4, 0x33, 0x88, 0xd0, 0x39, 0xc9, 0x6c, 0xf0, 0x04, 0xc9,
  0x1f, 0xd0, 0x31,
  // PipeDwnS
  0xad, 0xc4, 0x03, 0xd0, 0x04, 0xa0, 0x10, 0x84, 0xff,
  // PlyrPipe
  0x09, 0x20, 0x8d, 0xc4, 0x03, 0xa5, 0x86, 0x29, 0x0f, 0xf0, 0x0e, 0xa0, 0x00, 0xad, 0x1a, 0x07,
  0xf0, 0x01, 0xc8,
  // SetCATmr
  0xb9, 0x03, 0xde, 0x8d, 0xde, 0x06,
  // ChkGERtn
  0xa5, 0x0e, 0xc9, 0x07, 0xf0, 0x0c, 0xc9, 0x08, 0xd0, 0x08, 0xa9, 0x02, 0x85, 0x0e, 0x60,
  // StopPlayerMove
  0x20, 0x4b, 0xdf,
  // ExCSM
  0x60,
  // AreaChangeTimerData
  0xa0, 0x34,
  // HandleCoinMetatile
  0x20, 0x1c, 0xde, 0xee, 0x48, 0x07, 0x4c, 0xfe, 0xbb,
  // HandleAxeMetatile
  0xa9, 0x00, 0x8d, 0x72, 0x07, 0xa9, 0x02, 0x8d, 0x70, 0x07, 0xa9, 0x18, 0x85, 0x57,
  // ErACM
  0xa4, 0x02, 0xa9, 0x00, 0x91, 0x06, 0x4c, 0x4d, 0x8a,
  // ClimbXPosAdder
  // --------------------------------
  // $02 - high nybble of vertical coordinate from block buffer
  // $04 - low nybble of horizontal coordinate from block buffer
  // $06-$07 - block buffer address
  0xf9, 0x07,
  // ClimbPLocAdder
  0xff, 0x00,
  // FlagpoleYPosData
  0x18, 0x22, 0x50, 0x68, 0x90,
  // HandleClimbing
  0xa4, 0x04, 0xc0, 0x06, 0x90, 0x04, 0xc0, 0x0a, 0x90, 0x01,
  // ExHC
  0x60,
  // ChkForFlagpole
  0xc9, 0x24, 0xf0, 0x04, 0xc9, 0x25, 0xd0, 0x39,
  // FlagpoleCollision
  0xa5, 0x0e, 0xc9, 0x05, 0xf0, 0x41, 0xa9, 0x01, 0x85, 0x33, 0xee, 0x23, 0x07, 0xa5, 0x0e, 0xc9,
  0x04, 0xf0, 0x1f, 0xa9, 0x33, 0x20, 0x16, 0x97, 0xa9, 0x80, 0x85, 0xfc, 0x4a, 0x8d, 0x13, 0x07,
  0xa2, 0x04, 0xa5, 0xce, 0x8d, 0x0f, 0x07,
  // ChkFlagpoleYPosLoop
  0xdd, 0x29, 0xde, 0xb0, 0x03, 0xca, 0xd0, 0xf8,
  // MtchF
  0x8e, 0x0f, 0x01,
  // RunFR
  0xa9, 0x04, 0x85, 0x0e, 0x4c, 0x88, 0xde,
  // VineCollision
  0xc9, 0x26, 0xd0, 0x0a, 0xa5, 0xce, 0xc9, 0x20, 0xb0, 0x04, 0xa9, 0x01, 0x85, 0x0e,
  // PutPlayerOnVine
  0xa9, 0x03, 0x85, 0x1d, 0xa9, 0x00, 0x85, 0x57, 0x8d, 0x05, 0x07, 0xa5, 0x86, 0x38, 0xed, 0x1c,
  0x07, 0xc9, 0x10, 0xb0, 0x04, 0xa9, 0x02, 0x85, 0x33,
  // SetVXPl
  0xa4, 0x33, 0xa5, 0x06, 0x0a, 0x0a, 0x0a, 0x0a, 0x18, 0x79, 0x24, 0xde, 0x85, 0x86, 0xa5, 0x06,
  0xd0, 0x09, 0xad, 0x1b, 0x07, 0x18, 0x79, 0x26, 0xde, 0x85, 0x6d,
  // ExPVne
  0x60,
  // ChkInvisibleMTiles
  0xc9, 0x5f, 0xf0, 0x02, 0xc9, 0x60,
  // ExCInvT
  0x60,
  // ChkForLandJumpSpring
  0x20, 0xdd, 0xde, 0x90, 0x13, 0xa9, 0x70, 0x8d, 0x09, 0x07, 0xa9, 0xf9, 0x8d, 0xdb, 0x06, 0xa9,
  0x03, 0x8d, 0x86, 0x07, 0x4a, 0x8d, 0x0e, 0x07,
  // ExCJSp
  0x60,
  // ChkJumpspringMetatiles
  0xc9, 0x67, 0xf0, 0x05, 0xc9, 0x68, 0x18, 0xd0, 0x01,
  // JSFnd
  0x38,
  // NoJSFnd
  0x60,
  // HandlePipeEntry
  0xa5, 0x0b, 0x29, 0x04, 0xf0, 0x5c, 0xa5, 0x00, 0xc9, 0x11, 0xd0, 0x56, 0xa5, 0x01, 0xc9, 0x10,
  0xd0, 0x50, 0xa9, 0x30, 0x8d, 0xde, 0x06, 0xa9, 0x03, 0x85, 0x0e, 0xa9, 0x10, 0x85, 0xff, 0xa9,
  0x20, 0x8d, 0xc4, 0x03, 0xad, 0xd6, 0x06, 0xf0, 0x39, 0x29, 0x03, 0x0a, 0x0a, 0xaa, 0xa5, 0x86,
  0xc9, 0x60, 0x90, 0x06, 0xe8, 0xc9, 0xa0, 0x90, 0x01, 0xe8,
  // GetWNum
  0xbc, 0xf2, 0x87, 0x88, 0x8c, 0x5f, 0x07, 0xbe, 0xb4, 0x9c, 0xbd, 0xbc, 0x9c, 0x8d, 0x50, 0x07,
  0xa9, 0x80, 0x85, 0xfc, 0xa9, 0x00, 0x8d, 0x51, 0x07, 0x8d, 0x60, 0x07, 0x8d, 0x5c, 0x07, 0x8d,
  0x52, 0x07, 0xee, 0x5d, 0x07, 0xee, 0x57, 0x07,
  // ExPipeE
  0x60,
  // ImpedePlayerMove
  0xa9, 0x00, 0xa4, 0x57, 0xa6, 0x00, 0xca, 0xd0, 0x0a, 0xe8, 0xc0, 0x00, 0x30, 0x28, 0xa9, 0xff,
  0x4c, 0x66, 0xdf,
  // RImpd
  0xa2, 0x02, 0xc0, 0x01, 0x10, 0x1d, 0xa9, 0x01,
  // NXSpd
  0xa0, 0x10, 0x8c, 0x85, 0x07, 0xa0, 0x00, 0x84, 0x57, 0xc9, 0x00, 0x10, 0x01, 0x88,
  // PlatF
  0x84, 0x00, 0x18, 0x65, 0x86, 0x85, 0x86, 0xa5, 0x6d, 0x65, 0x00, 0x85, 0x6d,
  // ExIPM
  0x8a, 0x49, 0xff, 0x2d, 0x90, 0x04, 0x8d, 0x90, 0x04, 0x60,
  // SolidMTileUpperExt
  // --------------------------------
  0x10, 0x61, 0x88, 0xc4,
  // CheckForSolidMTiles
  0x20, 0xb0, 0xdf, 0xdd, 0x8b, 0xdf, 0x60,
  // ClimbMTileUpperExt
  0x24, 0x6d, 0x8a, 0xc6,
  // CheckForClimbMTiles
  0x20, 0xb0, 0xdf, 0xdd, 0x96, 0xdf, 0x60,
  // CheckForCoinMTiles
  0xc9, 0xc2, 0xf0, 0x06, 0xc9, 0xc3, 0xf0, 0x02, 0x18, 0x60,
  // CoinSd
  0xa9, 0x01, 0x85, 0xfe, 0x60,
  // GetMTileAttrib
  0xa8, 0x29, 0xc0, 0x0a, 0x2a, 0x2a, 0xaa, 0x98,
  // ExEBG
  0x60,
  // EnemyBGCStateData
  // -------------------------------------------------------------------------------------
  // $06-$07 - address from block buffer routine
  0x01, 0x01, 0x02, 0x02, 0x02, 0x05,
  // EnemyBGCXSpdData
  0x10, 0xf0,
  // EnemyToBGCollisionDet
  0xb5, 0x1e, 0x29, 0x20, 0xd0, 0xf1, 0x20, 0x5b, 0xe1, 0x90, 0xec, 0xb4, 0x16, 0xc0, 0x12, 0xd0,
  0x06, 0xb5, 0xcf, 0xc9, 0x25, 0x90, 0xe0,
  // DoIDCheckBGColl
  0xc0, 0x0e, 0xd0, 0x03, 0x4c, 0x63, 0xe1,
  // HBChk
  0xc0, 0x05, 0xd0, 0x03, 0x4c, 0x85, 0xe1,
  // CInvu
  0xc0, 0x12, 0xf0, 0x08, 0xc0, 0x2e, 0xf0, 0x04, 0xc0, 0x07, 0xb0, 0x74,
  // YesIn
  0x20, 0xae, 0xe1, 0xd0, 0x03,
  // NoEToBGCollision
  0x4c, 0xe2, 0xe0,
  // HandleEToBGCollision
  0x20, 0xb5, 0xe1, 0xf0, 0xf8, 0xc9, 0x23, 0xd0, 0x64, 0xa4, 0x02, 0xa9, 0x00, 0x91, 0x06, 0xb5,
  0x16, 0xc9, 0x15, 0xb0, 0x0c, 0xc9, 0x06, 0xd0, 0x03, 0x20, 0x8e, 0xe1,
  // GiveOEPoints
  0xa9, 0x01, 0x20, 0x11, 0xda,
  // ChkToStunEnemies
  0xc9, 0x09, 0x90, 0x10, 0xc9, 0x11, 0xb0, 0x0c, 0xc9, 0x0a, 0x90, 0x04, 0xc9, 0x0d, 0x90, 0x04,
  // Demote
  0x29, 0x01, 0x95, 0x16,
  // SetStun
  0xb5, 0x1e, 0x29, 0xf0, 0x09, 0x02, 0x95, 0x1e, 0xd6, 0xcf, 0xd6, 0xcf, 0xb5, 0x16, 0xc9, 0x07,
  0xf0, 0x07, 0xa9, 0xfd, 0xac, 0x4e, 0x07, 0xd0, 0x02,
  // SetWYSpd
  0xa9, 0xff,
  // SetNotW
  0x95, 0xa0, 0xa0, 0x01, 0x20, 0x43, 0xe1, 0x10, 0x01, 0xc8,
  // ChkBBill
  0xb5, 0x16, 0xc9, 0x33, 0xf0, 0x06, 0xc9, 0x08, 0xf0, 0x02, 0x94, 0x46,
  // NoCDirF
  0x88, 0xb9, 0xbf, 0xdf, 0x95, 0x58,
  // ExEBGChk
  0x60,
  // LandEnemyProperly
  0xa5, 0x04, 0x38, 0xe9, 0x08, 0xc9, 0x05, 0xb0, 0x72, 0xb5, 0x1e, 0x29, 0x40, 0xd0, 0x57, 0xb5,
  0x1e, 0x0a, 0x90, 0x03,
  // SChkA
  0x4c, 0xfe, 0xe0,
  // ChkLandedEnemyState
  0xb5, 0x1e, 0xf0, 0xf9, 0xc9, 0x05, 0xf0, 0x1f, 0xc9, 0x03, 0xb0, 0x1a, 0xb5, 0x1e, 0xc9, 0x02,
  0xd0, 0x15, 0xa9, 0x10, 0xb4, 0x16, 0xc0, 0x12, 0xd0, 0x02, 0xa9, 0x00,
  // SetForStn
  0x9d, 0x96, 0x07, 0xa9, 0x03, 0x95, 0x1e, 0x20, 0x4f, 0xe1,
  // ExSteChk
  0x60,
  // ProcEnemyDirection
  0xb5, 0x16, 0xc9, 0x06, 0xf0, 0x22, 0xc9, 0x12, 0xd0, 0x0e, 0xa9, 0x01, 0x95, 0x46, 0xa9, 0x08,
  0x95, 0x58, 0xa5, 0x09, 0x29, 0x07, 0xf0, 0x10,
  // InvtD
  0xa0, 0x01, 0x20, 0x43, 0xe1, 0x10, 0x01, 0xc8,
  // CNwCDir
  0x98, 0xd5, 0x46, 0xd0, 0x03, 0x20, 0x24, 0xe1,
  // LandEnemyInitState
  0x20, 0x4f, 0xe1, 0xb5, 0x1e, 0x29, 0x80, 0xd0, 0x05, 0xa9, 0x00, 0x95, 0x1e, 0x60,
  // NMovShellFallBit
  0xb5, 0x1e, 0x29, 0xbf, 0x95, 0x1e, 0x60,
  // ChkForRedKoopa
  0xb5, 0x16, 0xc9, 0x03, 0xd0, 0x04, 0xb5, 0x1e, 0xf0, 0x38,
  // Chk2MSBSt
  0xb5, 0x1e, 0xa8, 0x0a, 0x90, 0x07, 0xb5, 0x1e, 0x09, 0x40, 0x4c, 0xfc, 0xe0,
  // GetSteFromD
  0xb9, 0xb9, 0xdf,
  // SetD6Ste
  0x95, 0x1e,
  // DoEnemySideCheck
  0xb5, 0xcf, 0xc9, 0x20, 0x90, 0x1f, 0xa0, 0x16, 0xa9, 0x02, 0x85, 0xeb,
  // SdeCLoop
  0xa5, 0xeb, 0xd5, 0x46, 0xd0, 0x0c, 0xa9, 0x01, 0x20, 0x88, 0xe3, 0xf0, 0x05, 0x20, 0xb5, 0xe1,
  0xd0, 0x08,
  // NextSdeC
  0xc6, 0xeb, 0xc8, 0xc0, 0x18, 0x90, 0xe7,
  // ExESdeC
  0x60,
  // ChkForBump_HammerBroJ
  0xe0, 0x05, 0xf0, 0x09, 0xb5, 0x1e, 0x0a, 0x90, 0x04, 0xa9, 0x02, 0x85, 0xff,
  // NoBump
  0xb5, 0x16, 0xc9, 0x05, 0xd0, 0x09, 0xa9, 0x00, 0x85, 0x00, 0xa0, 0xfa, 0x4c, 0x37, 0xca,
  // InvEnemyDir
  0x4c, 0x36, 0xdb,
  // PlayerEnemyDiff
  0xb5, 0x87, 0x38, 0xe5, 0x86, 0x85, 0x00, 0xb5, 0x6e, 0xe5, 0x6d, 0x60,
  // EnemyLanding
  0x20, 0x63, 0xc3, 0xb5, 0xcf, 0x29, 0xf0, 0x09, 0x08, 0x95, 0xcf, 0x60,
  // SubtEnemyYPos
  0xb5, 0xcf, 0x18, 0x69, 0x3e, 0xc9, 0x44, 0x60,
  // EnemyJump
  0x20, 0x5b, 0xe1, 0x90, 0x1a, 0xb5, 0xa0, 0x18, 0x69, 0x02, 0xc9, 0x03, 0x90, 0x11, 0x20, 0xae,
  0xe1, 0xf0, 0x0c, 0x20, 0xb5, 0xe1, 0xf0, 0x07, 0x20, 0x4f, 0xe1, 0xa9, 0xfd, 0x95, 0xa0,
  // DoSide
  0x4c, 0xfe, 0xe0,
  // HammerBroBGColl
  0x20, 0xae, 0xe1, 0xf0, 0x1d, 0xc9, 0x23, 0xd0, 0x08,
  // KillEnemyAboveBlock
  0x20, 0x95, 0xd7, 0xa9, 0xfc, 0x95, 0xa0, 0x60,
  // UnderHammerBro
  0xbd, 0x8a, 0x07, 0xd0, 0x0c, 0xb5, 0x1e, 0x29, 0x88, 0x95, 0x1e, 0x20, 0x4f, 0xe1, 0x4c, 0xfe,
  0xe0,
  // NoUnderHammerBro
  0xb5, 0x1e, 0x09, 0x01, 0x95, 0x1e, 0x60,
  // ChkUnderEnemy
  0xa9, 0x00, 0xa0, 0x15, 0x4c, 0x88, 0xe3,
  // ChkForNonSolids
  0xc9, 0x26, 0xf0, 0x0e, 0xc9, 0xc2, 0xf0, 0x0a, 0xc9, 0xc3, 0xf0, 0x06, 0xc9, 0x5f, 0xf0, 0x02,
  0xc9, 0x60,
  // NSFnd
  0x60,
  // FireballBGCollision
  0xb5, 0xd5, 0xc9, 0x18, 0x90, 0x21, 0x20, 0x9c, 0xe3, 0xf0, 0x1c, 0x20, 0xb5, 0xe1, 0xf0, 0x17,
  0xb5, 0xa6, 0x30, 0x18, 0xb5, 0x3a, 0xd0, 0x14, 0xa9, 0xfd, 0x95, 0xa6, 0xa9, 0x01, 0x95, 0x3a,
  0xb5, 0xd5, 0x29, 0xf8, 0x95, 0xd5, 0x60,
  // ClearBounceFlag
  0xa9, 0x00, 0x95, 0x3a, 0x60,
  // InitFireballExplode
  0xa9, 0x80, 0x95, 0x24, 0xa9, 0x02, 0x85, 0xff, 0x60,
  // BoundBoxCtrlData
  // -------------------------------------------------------------------------------------
  // $00 - used to hold one of bitmasks, or offset
  // $01 - used for relative X coordinate, also used to store middle screen page location
  // $02 - used for relative Y coordinate, also used to store middle screen coordinate
  // this data added to relative coordinates of sprite objects
  // stored in order: left edge, top edge, right edge, bottom edge
  0x02, 0x08, 0x0e, 0x20, 0x03, 0x14, 0x0d, 0x20, 0x02, 0x14, 0x0e, 0x20, 0x02, 0x09, 0x0e, 0x15,
  0x00, 0x00, 0x18, 0x06, 0x00, 0x00, 0x20, 0x0d, 0x00, 0x00, 0x30, 0x0d, 0x00, 0x00, 0x08, 0x08,
  0x06, 0x04, 0x0a, 0x08, 0x03, 0x0e, 0x0d, 0x14, 0x00, 0x02, 0x10, 0x15, 0x04, 0x04, 0x0c, 0x1c,
  // GetFireballBoundBox
  0x8a, 0x18, 0x69, 0x07, 0xaa, 0xa0, 0x02, 0xd0, 0x07,
  // GetMiscBoundBox
  0x8a, 0x18, 0x69, 0x09, 0xaa, 0xa0, 0x06,
  // FBallB
  0x20, 0x9c, 0xe2, 0x4c, 0xde, 0xe2,
  // GetEnemyBoundBox
  0xa0, 0x48, 0x84, 0x00, 0xa0, 0x44, 0x4c, 0x52, 0xe2,
  // SmallPlatformBoundBox
  0xa0, 0x08, 0x84, 0x00, 0xa0, 0x04,
  // GetMaskedOffScrBits
  0xb5, 0x87, 0x38, 0xed, 0x1c, 0x07, 0x85, 0x01, 0xb5, 0x6e, 0xed, 0x1a, 0x07, 0x30, 0x06, 0x05,
  0x01, 0xf0, 0x02, 0xa4, 0x00,
  // CMBits
  0x98, 0x2d, 0xd1, 0x03, 0x9d, 0xd8, 0x03, 0xd0, 0x19, 0x4c, 0x7c, 0xe2,
  // LargePlatformBoundBox
  0xe8, 0x20, 0xf6, 0xf1, 0xca, 0xc9, 0xfe, 0xb0, 0x0d,
  // SetupEOffsetFBBox
  0x8a, 0x18, 0x69, 0x01, 0xaa, 0xa0, 0x01, 0x20, 0x9c, 0xe2, 0x4c, 0xde, 0xe2,
  // MoveBoundBoxOffscreen
  0x8a, 0x0a, 0x0a, 0xa8, 0xa9, 0xff, 0x99, 0xb0, 0x04, 0x99, 0xb1, 0x04, 0x99, 0xb2, 0x04, 0x99,
  0xb3, 0x04, 0x60,
  // BoundingBoxCore
  0x86, 0x00, 0xb9, 0xb8, 0x03, 0x85, 0x02, 0xb9, 0xad, 0x03, 0x85, 0x01, 0x8a, 0x0a, 0x0a, 0x48,
  0xa8, 0xbd, 0x99, 0x04, 0x0a, 0x0a, 0xaa, 0xa5, 0x01, 0x18, 0x7d, 0xfd, 0xe1, 0x99, 0xac, 0x04,
  0xa5, 0x01, 0x18, 0x7d, 0xff, 0xe1, 0x99, 0xae, 0x04, 0xe8, 0xc8, 0xa5, 0x02, 0x18, 0x7d, 0xfd,
  0xe1, 0x99, 0xac, 0x04, 0xa5, 0x02, 0x18, 0x7d, 0xff, 0xe1, 0x99, 0xae, 0x04, 0x68, 0xa8, 0xa6,
  0x00, 0x60,
  // CheckRightScreenBBox
  0xad, 0x1c, 0x07, 0x18, 0x69, 0x80, 0x85, 0x02, 0xad, 0x1a, 0x07, 0x69, 0x00, 0x85, 0x01, 0xb5,
  0x86, 0xc5, 0x02, 0xb5, 0x6d, 0xe5, 0x01, 0x90, 0x15, 0xb9, 0xae, 0x04, 0x30, 0x0d, 0xa9, 0xff,
  0xbe, 0xac, 0x04, 0x30, 0x03, 0x99, 0xac, 0x04,
  // SORte
  0x99, 0xae, 0x04,
  // NoOfs
  0xa6, 0x08, 0x60,
  // CheckLeftScreenBBox
  0xb9, 0xac, 0x04, 0x10, 0x11, 0xc9, 0xa0, 0x90, 0x0d, 0xa9, 0x00, 0xbe, 0xae, 0x04, 0x10, 0x03,
  0x99, 0xae, 0x04,
  // SOLft
  0x99, 0xac, 0x04,
  // NoOfs2
  0xa6, 0x08, 0x60,
  // PlayerCollisionCore
  0xa2, 0x00,
  // SprObjectCollisionCore
  0x84, 0x06, 0xa9, 0x01, 0x85, 0x07,
  // CollisionCoreLoop
  0xb9, 0xac, 0x04, 0xdd, 0xac, 0x04, 0xb0, 0x2a, 0xdd, 0xae, 0x04, 0x90, 0x12, 0xf0, 0x42, 0xb9,
  0xae, 0x04, 0xd9, 0xac, 0x04, 0x90, 0x3a, 0xdd, 0xac, 0x04, 0xb0, 0x35, 0xa4, 0x06, 0x60,
  // SecondBoxVerticalChk
  0xbd, 0xae, 0x04, 0xdd, 0xac, 0x04, 0x90, 0x2a, 0xb9, 0xae, 0x04, 0xdd, 0xac, 0x04, 0xb0, 0x22,
  0xa4, 0x06, 0x60,
  // FirstBoxGreater
  0xdd, 0xac, 0x04, 0xf0, 0x1a, 0xdd, 0xae, 0x04, 0x90, 0x15, 0xf0, 0x13, 0xd9, 0xae, 0x04, 0x90,
  0x0a, 0xf0, 0x08, 0xb9, 0xae, 0x04, 0xdd, 0xac, 0x04, 0xb0, 0x04,
  // NoCollisionFound
  0x18, 0xa4, 0x06, 0x60,
  // CollisionFound
  0xe8, 0xc8, 0xc6, 0x07, 0x10, 0xa9, 0x38, 0xa4, 0x06, 0x60,
  // BlockBufferChk_Enemy
  0x48, 0x8a, 0x18, 0x69, 0x01, 0xaa, 0x68, 0x4c, 0xa5, 0xe3,
  // ResidualMiscObjectCode
  0x8a, 0x18, 0x69, 0x0d, 0xaa, 0xa0, 0x1b, 0x4c, 0xa3, 0xe3,
  // BlockBufferChk_FBall
  0xa0, 0x1a, 0x8a, 0x18, 0x69, 0x07, 0xaa,
  // ResJmpM
  0xa9, 0x00,
  // BBChk_E
  0x20, 0xf0, 0xe3, 0xa6, 0x08, 0xc9, 0x00, 0x60,
  // BlockBufferAdderData
  0x00, 0x07, 0x0e,
  // BlockBuffer_X_Adder
  0x08, 0x03, 0x0c, 0x02, 0x02, 0x0d, 0x0d, 0x08, 0x03, 0x0c, 0x02, 0x02, 0x0d, 0x0d, 0x08, 0x03,
  0x0c, 0x02, 0x02, 0x0d, 0x0d, 0x08, 0x00, 0x10, 0x04, 0x14, 0x04, 0x04,
  // BlockBuffer_Y_Adder
  0x04, 0x20, 0x20, 0x08, 0x18, 0x08, 0x18, 0x02, 0x20, 0x20, 0x08, 0x18, 0x08, 0x18, 0x12, 0x20,
  0x20, 0x18, 0x18, 0x18, 0x18, 0x18, 0x14, 0x14, 0x06, 0x06, 0x08, 0x10,
  // BlockBufferColli_Feet
  0xc8,
  // BlockBufferColli_Head
  0xa9, 0x00,
  // BIT instruction opcode
  0x2c,
  // BlockBufferColli_Side
  0xa9, 0x01, 0xa2, 0x00,
  // BlockBufferCollision
  0x48, 0x84, 0x04, 0xb9, 0xb0, 0xe3, 0x18, 0x75, 0x86, 0x85, 0x05, 0xb5, 0x6d, 0x69, 0x00, 0x29,
  0x01, 0x4a, 0x05, 0x05, 0x6a, 0x4a, 0x4a, 0x4a, 0x20, 0xe1, 0x9b, 0xa4, 0x04, 0xb5, 0xce, 0x18,
  0x79, 0xcc, 0xe3, 0x29, 0xf0, 0x38, 0xe9, 0x20, 0x85, 0x02, 0xa8, 0xb1, 0x06, 0x85, 0x03, 0xa4,
  0x04, 0x68, 0xd0, 0x05, 0xb5, 0xce, 0x4c, 0x2b, 0xe4,
  // RetXC
  0xb5, 0x86,
  // RetYC
  0x29, 0x0f, 0x85, 0x04, 0xa5, 0x03, 0x60,
  // -------------------------------------------------------------------------------------
  // unused byte
  0xff,
  // VineYPosAdder
  // -------------------------------------------------------------------------------------
  // $00 - offset to vine Y coordinate adder
  // $02 - offset to sprite data
  0x00, 0x30,
  // DrawVine
  0x84, 0x00, 0xad, 0xb9, 0x03, 0x18, 0x79, 0x33, 0xe4, 0xbe, 0x9a, 0x03, 0xbc, 0xe5, 0x06, 0x84,
  0x02, 0x20, 0xae, 0xe4, 0xad, 0xae, 0x03, 0x99, 0x03, 0x02, 0x99, 0x0b, 0x02, 0x99, 0x13, 0x02,
  0x18, 0x69, 0x06, 0x99, 0x07, 0x02, 0x99, 0x0f, 0x02, 0x99, 0x17, 0x02, 0xa9, 0x21, 0x99, 0x02,
  0x02, 0x99, 0x0a, 0x02, 0x99, 0x12, 0x02, 0x09, 0x40, 0x99, 0x06, 0x02, 0x99, 0x0e, 0x02, 0x99,
  0x16, 0x02, 0xa2, 0x05,
  // VineTL
  0xa9, 0xe1, 0x99, 0x01, 0x02, 0xc8, 0xc8, 0xc8, 0xc8, 0xca, 0x10, 0xf4, 0xa4, 0x02, 0xa5, 0x00,
  0xd0, 0x05, 0xa9, 0xe0, 0x99, 0x01, 0x02,
  // SkpVTop
  0xa2, 0x00,
  // ChkFTop
  0xad, 0x9d, 0x03, 0x38, 0xf9, 0x00, 0x02, 0xc9, 0x64, 0x90, 0x05, 0xa9, 0xf8, 0x99, 0x00, 0x02,
  // NextVSp
  0xc8, 0xc8, 0xc8, 0xc8, 0xe8, 0xe0, 0x06, 0xd0, 0xe7, 0xa4, 0x00, 0x60,
  // SixSpriteStacker
  0xa2, 0x06,
  // StkLp
  0x99, 0x00, 0x02, 0x18, 0x69, 0x08, 0xc8, 0xc8, 0xc8, 0xc8, 0xca, 0xd0, 0xf3, 0xa4, 0x02, 0x60,
  // FirstSprXPos
  // -------------------------------------------------------------------------------------
  0x04, 0x00, 0x04, 0x00,
  // FirstSprYPos
  0x00, 0x04, 0x00, 0x04,
  // SecondSprXPos
  0x00, 0x08, 0x00, 0x08,
  // SecondSprYPos
  0x08, 0x00, 0x08, 0x00,
  // FirstSprTilenum
  0x80, 0x82, 0x81, 0x83,
  // SecondSprTilenum
  0x81, 0x83, 0x80, 0x82,
  // HammerSprAttrib
  0x03, 0x03, 0xc3, 0xc3,
  // DrawHammer
  0xbc, 0xf3, 0x06, 0xad, 0x47, 0x07, 0xd0, 0x08, 0xb5, 0x2a, 0x29, 0x7f, 0xc9, 0x01, 0xf0, 0x04,
  // ForceHPose
  0xa2, 0x00, 0xf0, 0x07,
  // GetHPose
  0xa5, 0x09, 0x4a, 0x4a, 0x29, 0x03, 0xaa,
  // RenderH
  0xad, 0xbe, 0x03, 0x18, 0x7d, 0xc4, 0xe4, 0x99, 0x00, 0x02, 0x18, 0x7d, 0xcc, 0xe4, 0x99, 0x04,
  0x02, 0xad, 0xb3, 0x03, 0x18, 0x7d, 0xc0, 0xe4, 0x99, 0x03, 0x02, 0x18, 0x7d, 0xc8, 0xe4, 0x99,
  0x07, 0x02, 0xbd, 0xd0, 0xe4, 0x99, 0x01, 0x02, 0xbd, 0xd4, 0xe4, 0x99, 0x05, 0x02, 0xbd, 0xd8,
  0xe4, 0x99, 0x02, 0x02, 0x99, 0x06, 0x02, 0xa6, 0x08, 0xad, 0xd6, 0x03, 0x29, 0xfc, 0xf0, 0x09,
  0xa9, 0x00, 0x95, 0x2a, 0xa9, 0xf8, 0x20, 0xc1, 0xe5,
  // NoHOffscr
  0x60,
  // FlagpoleScoreNumTiles
  // -------------------------------------------------------------------------------------
  // $00-$01 - used to hold tile numbers ($01 addressed in draw floatey number part)
  // $02 - used to hold Y coordinate for floatey number
  // $03 - residual byte used for flip (but value set here affects nothing)
  // $04 - attribute byte for floatey number
  // $05 - used as X coordinate for floatey number
  0xf9, 0x50, 0xf7, 0x50, 0xfa, 0xfb, 0xf8, 0xfb, 0xf6, 0xfb,
  // FlagpoleGfxHandler
  0xbc, 0xe5, 0x06, 0xad, 0xae, 0x03, 0x99, 0x03, 0x02, 0x18, 0x69, 0x08, 0x99, 0x07, 0x02, 0x99,
  0x0b, 0x02, 0x18, 0x69, 0x0c, 0x85, 0x05, 0xb5, 0xcf, 0x20, 0xc1, 0xe5, 0x69, 0x08, 0x99, 0x08,
  0x02, 0xad, 0x0d, 0x01, 0x85, 0x02, 0xa9, 0x01, 0x85, 0x03, 0x85, 0x04, 0x99, 0x02, 0x02, 0x99,
  0x06, 0x02, 0x99, 0x0a, 0x02, 0xa9, 0x7e, 0x99, 0x01, 0x02, 0x99, 0x09, 0x02, 0xa9, 0x7f, 0x99,
  0x05, 0x02, 0xad, 0x0f, 0x07, 0xf0, 0x15, 0x98, 0x18, 0x69, 0x0c, 0xa8, 0xad, 0x0f, 0x01, 0x0a,
  0xaa, 0xbd, 0x41, 0xe5, 0x85, 0x00, 0xbd, 0x42, 0xe5, 0x20, 0xb2, 0xeb,
  // ChkFlagOffscreen
  0xa6, 0x08, 0xbc, 0xe5, 0x06, 0xad, 0xd1, 0x03, 0x29, 0x0e, 0xf0, 0x14,
  // MoveSixSpritesOffscreen
  0xa9, 0xf8,
  // DumpSixSpr
  0x99, 0x14, 0x02, 0x99, 0x10, 0x02,
  // DumpFourSpr
  0x99, 0x0c, 0x02,
  // DumpThreeSpr
  0x99, 0x08, 0x02,
  // DumpTwoSpr
  0x99, 0x04, 0x02, 0x99, 0x00, 0x02,
  // ExitDumpSpr
  0x60,
  // DrawLargePlatform
  0xbc, 0xe5, 0x06, 0x84, 0x02, 0xc8, 0xc8, 0xc8, 0xad, 0xae, 0x03, 0x20, 0xae, 0xe4, 0xa6, 0x08,
  0xb5, 0xcf, 0x20, 0xbb, 0xe5, 0xac, 0x4e, 0x07, 0xc0, 0x03, 0xf0, 0x05, 0xac, 0xcc, 0x06, 0xf0,
  0x02,
  // ShrinkPlatform
  0xa9, 0xf8,
  // SetLast2Platform
  0xbc, 0xe5, 0x06, 0x99, 0x10, 0x02, 0x99, 0x14, 0x02, 0xa9, 0x5b, 0xae, 0x43, 0x07, 0xf0, 0x02,
  0xa9, 0x75,
  // SetPlatformTilenum
  0xa6, 0x08, 0xc8, 0x20, 0xb5, 0xe5, 0xa9, 0x02, 0xc8, 0x20, 0xb5, 0xe5, 0xe8, 0x20, 0xf6, 0xf1,
  0xca, 0xbc, 0xe5, 0x06, 0x0a, 0x48, 0x90, 0x05, 0xa9, 0xf8, 0x99, 0x00, 0x02,
  // SChk2
  0x68, 0x0a, 0x48, 0x90, 0x05, 0xa9, 0xf8, 0x99, 0x04, 0x02,
  // SChk3
  0x68, 0x0a, 0x48, 0x90, 0x05, 0xa9, 0xf8, 0x99, 0x08, 0x02,
  // SChk4
  0x68, 0x0a, 0x48, 0x90, 0x05, 0xa9, 0xf8, 0x99, 0x0c, 0x02,
  // SChk5
  0x68, 0x0a, 0x48, 0x90, 0x05, 0xa9, 0xf8, 0x99, 0x10, 0x02,
  // SChk6
  0x68, 0x0a, 0x90, 0x05, 0xa9, 0xf8, 0x99, 0x14, 0x02,
  // SLChk
  0xad, 0xd1, 0x03, 0x0a, 0x90, 0x03, 0x20, 0xb3, 0xe5,
  // ExDLPl
  0x60,
  // DrawFloateyNumber_Coin
  0xa5, 0x09, 0x4a, 0xb0, 0x02, 0xd6, 0xdb,
  // NotRsNum
  0xb5, 0xdb, 0x20, 0xc1, 0xe5, 0xad, 0xb3, 0x03, 0x99, 0x03, 0x02, 0x18, 0x69, 0x08, 0x99, 0x07,
  0x02, 0xa9, 0x02, 0x99, 0x02, 0x02, 0x99, 0x06, 0x02, 0xa9, 0xf7, 0x99, 0x01, 0x02, 0xa9, 0xfb,
  0x99, 0x05, 0x02, 0x4c, 0xbd, 0xe6,
  // JumpingCoinTiles
  0x60, 0x61, 0x62, 0x63,
  // JCoinGfxHandler
  0xbc, 0xf3, 0x06, 0xb5, 0x2a, 0xc9, 0x02, 0xb0, 0xc6, 0xb5, 0xdb, 0x99, 0x00, 0x02, 0x18, 0x69,
  0x08, 0x99, 0x04, 0x02, 0xad, 0xb3, 0x03, 0x99, 0x03, 0x02, 0x99, 0x07, 0x02, 0xa5, 0x09, 0x4a,
  0x29, 0x03, 0xaa, 0xbd, 0x82, 0xe6, 0xc8, 0x20, 0xc1, 0xe5, 0x88, 0xa9, 0x02, 0x99, 0x02, 0x02,
  0xa9, 0x82, 0x99, 0x06, 0x02, 0xa6, 0x08,
  // ExJCGfx
  0x60,
  // PowerUpGfxTable
  // -------------------------------------------------------------------------------------
  // $00-$01 - used to hold tiles for drawing the power-up, $00 also used to hold power-up type
  // $02 - used to hold bottom row Y position
  // $03 - used to hold flip control (not used here)
  // $04 - used to hold sprite attributes
  // $05 - used to hold X position
  // $07 - counter
  // tiles arranged in top left, right, bottom left, right order
  // regular mushroom
  0x76, 0x77, 0x78, 0x79,
  // fire flower
  0xd6, 0xd6, 0xd9, 0xd9,
  // star
  0x8d, 0x8d, 0xe4, 0xe4,
  // 1-up mushroom
  0x76, 0x77, 0x78, 0x79,
  // PowerUpAttributes
  0x02, 0x01, 0x02, 0x01,
  // DrawPowerUp
  0xac, 0xea, 0x06, 0xad, 0xb9, 0x03, 0x18, 0x69, 0x08, 0x85, 0x02, 0xad, 0xae, 0x03, 0x85, 0x05,
  0xa6, 0x39, 0xbd, 0xce, 0xe6, 0x0d, 0xca, 0x03, 0x85, 0x04, 0x8a, 0x48, 0x0a, 0x0a, 0xaa, 0xa9,
  0x01, 0x85, 0x07, 0x85, 0x03,
  // PUpDrawLoop
  0xbd, 0xbe, 0xe6, 0x85, 0x00, 0xbd, 0xbf, 0xe6, 0x20, 0xb2, 0xeb, 0xc6, 0x07, 0x10, 0xf1, 0xac,
  0xea, 0x06, 0x68, 0xf0, 0x2f, 0xc9, 0x03, 0xf0, 0x2b, 0x85, 0x00, 0xa5, 0x09, 0x4a, 0x29, 0x03,
  0x0d, 0xca, 0x03, 0x99, 0x02, 0x02, 0x99, 0x06, 0x02, 0xa6, 0x00, 0xca, 0xf0, 0x06, 0x99, 0x0a,
  0x02, 0x99, 0x0e, 0x02,
  // FlipPUpRightSide
  0xb9, 0x06, 0x02, 0x09, 0x40, 0x99, 0x06, 0x02, 0xb9, 0x0e, 0x02, 0x09, 0x40, 0x99, 0x0e, 0x02,
  // PUpOfs
  0x4c, 0x64, 0xeb,
  // EnemyGraphicsTable
  // -------------------------------------------------------------------------------------
  // $00-$01 - used in DrawEnemyObjRow to hold sprite tile numbers
  // $02 - used to store Y position
  // $03 - used to store moving direction, used to flip enemies horizontally
  // $04 - used to store enemy's sprite attributes
  // $05 - used to store X position
  // $eb - used to hold sprite data offset
  // $ec - used to hold either altered enemy state or special value used in gfx handler as condition
  // $ed - used to hold enemy state from buffer 
  // $ef - used to hold enemy code used in gfx handler (may or may not resemble Enemy_ID values)
  // tiles arranged in top left, right, middle left, right, bottom left, right order
  // buzzy beetle frame 1
  0xfc, 0xfc, 0xaa, 0xab, 0xac, 0xad,
  //              frame 2
  0xfc, 0xfc, 0xae, 0xaf, 0xb0, 0xb1,
  // koopa troopa frame 1
  0xfc, 0xa5, 0xa6, 0xa7, 0xa8, 0xa9,
  //              frame 2
  0xfc, 0xa0, 0xa1, 0xa2, 0xa3, 0xa4,
  // koopa paratroopa frame 1
  0x69, 0xa5, 0x6a, 0xa7, 0xa8, 0xa9,
  //                  frame 2
  0x6b, 0xa0, 0x6c, 0xa2, 0xa3, 0xa4,
  // spiny frame 1
  0xfc, 0xfc, 0x96, 0x97, 0x98, 0x99,
  //       frame 2
  0xfc, 0xfc, 0x9a, 0x9b, 0x9c, 0x9d,
  // spiny's egg frame 1
  0xfc, 0xfc, 0x8f, 0x8e, 0x8e, 0x8f,
  //             frame 2
  0xfc, 0xfc, 0x95, 0x94, 0x94, 0x95,
  // bloober frame 1
  0xfc, 0xfc, 0xdc, 0xdc, 0xdf, 0xdf,
  //         frame 2
  0xdc, 0xdc, 0xdd, 0xdd, 0xde, 0xde,
  // cheep-cheep frame 1
  0xfc, 0xfc, 0xb2, 0xb3, 0xb4, 0xb5,
  //             frame 2
  0xfc, 0xfc, 0xb6, 0xb3, 0xb7, 0xb5,
  // goomba
  0xfc, 0xfc, 0x70, 0x71, 0x72, 0x73,
  // koopa shell frame 1 (upside-down)
  0xfc, 0xfc, 0x6e, 0x6e, 0x6f, 0x6f,
  //             frame 2
  0xfc, 0xfc, 0x6d, 0x6d, 0x6f, 0x6f,
  // koopa shell frame 1 (rightsideup)
  0xfc, 0xfc, 0x6f, 0x6f, 0x6e, 0x6e,
  //             frame 2
  0xfc, 0xfc, 0x6f, 0x6f, 0x6d, 0x6d,
  // buzzy beetle shell frame 1 (rightsideup)
  0xfc, 0xfc, 0xf4, 0xf4, 0xf5, 0xf5,
  //                    frame 2
  0xfc, 0xfc, 0xf4, 0xf4, 0xf5, 0xf5,
  // buzzy beetle shell frame 1 (upside-down)
  0xfc, 0xfc, 0xf5, 0xf5, 0xf4, 0xf4,
  //                    frame 2
  0xfc, 0xfc, 0xf5, 0xf5, 0xf4, 0xf4,
  // defeated goomba
  0xfc, 0xfc, 0xfc, 0xfc, 0xef, 0xef,
  // lakitu frame 1
  0xb9, 0xb8, 0xbb, 0xba, 0xbc, 0xbc,
  //        frame 2
  0xfc, 0xfc, 0xbd, 0xbd, 0xbc, 0xbc,
  // princess
  0x7a, 0x7b, 0xda, 0xdb, 0xd8, 0xd8,
  // mushroom retainer
  0xcd, 0xcd, 0xce, 0xce, 0xcf, 0xcf,
  // hammer bro frame 1
  0x7d, 0x7c, 0xd1, 0x8c, 0xd3, 0xd2,
  //            frame 2
  0x7d, 0x7c, 0x89, 0x88, 0x8b, 0x8a,
  //            frame 3
  0xd5, 0xd4, 0xe3, 0xe2, 0xd3, 0xd2,
  //            frame 4
  0xd5, 0xd4, 0xe3, 0xe2, 0x8b, 0x8a,
  // piranha plant frame 1
  0xe5, 0xe5, 0xe6, 0xe6, 0xeb, 0xeb,
  //               frame 2
  0xec, 0xec, 0xed, 0xed, 0xee, 0xee,
  // podoboo
  0xfc, 0xfc, 0xd0, 0xd0, 0xd7, 0xd7,
  // bowser front frame 1
  0xbf, 0xbe, 0xc1, 0xc0, 0xc2, 0xfc,
  // bowser rear frame 1
  0xc4, 0xc3, 0xc6, 0xc5, 0xc8, 0xc7,
  //        front frame 2
  0xbf, 0xbe, 0xca, 0xc9, 0xc2, 0xfc,
  //        rear frame 2
  0xc4, 0xc3, 0xc6, 0xc5, 0xcc, 0xcb,
  // bullet bill
  0xfc, 0xfc, 0xe8, 0xe7, 0xea, 0xe9,
  // jumpspring frame 1
  0xf2, 0xf2, 0xf3, 0xf3, 0xf2, 0xf2,
  //            frame 2
  0xf1, 0xf1, 0xf1, 0xf1, 0xfc, 0xfc,
  //            frame 3
  0xf0, 0xf0, 0xfc, 0xfc, 0xfc, 0xfc,
  // EnemyGfxTableOffsets
  0x0c, 0x0c, 0x00, 0x0c, 0x0c, 0xa8, 0x54, 0x3c, 0xea, 0x18, 0x48, 0x48, 0xcc, 0xc0, 0x18, 0x18,
  0x18, 0x90, 0x24, 0xff, 0x48, 0x9c, 0xd2, 0xd8, 0xf0, 0xf6, 0xfc,
  // EnemyAttributeData
  0x01, 0x02, 0x03, 0x02, 0x01, 0x01, 0x03, 0x03, 0x03, 0x01, 0x01, 0x02, 0x02, 0x21, 0x01, 0x02,
  0x01, 0x01, 0x02, 0xff, 0x02, 0x02, 0x01, 0x01, 0x02, 0x02, 0x02,
  // EnemyAnimTimingBMask
  0x08, 0x18,
  // JumpspringFrameOffsets
  0x18, 0x19, 0x1a, 0x19, 0x18,
  // EnemyGfxHandler
  0xb5, 0xcf, 0x85, 0x02, 0xad, 0xae, 0x03, 0x85, 0x05, 0xbc, 0xe5, 0x06, 0x84, 0xeb, 0xa9, 0x00,
  0x8d, 0x09, 0x01, 0xb5, 0x46, 0x85, 0x03, 0xbd, 0xc5, 0x03, 0x85, 0x04, 0xb5, 0x16, 0xc9, 0x0d,
  0xd0, 0x0a, 0xb4, 0x58, 0x30, 0x06, 0xbc, 0x8a, 0x07, 0xf0, 0x01, 0x60,
  // CheckForRetainerObj
  0xb5, 0x1e, 0x85, 0xed, 0x29, 0x1f, 0xa8, 0xb5, 0x16, 0xc9, 0x35, 0xd0, 0x08, 0xa0, 0x00, 0xa9,
  0x01, 0x85, 0x03, 0xa9, 0x15,
  // CheckForBulletBillCV
  0xc9, 0x33, 0xd0, 0x13, 0xc6, 0x02, 0xa9, 0x03, 0xbc, 0x8a, 0x07, 0xf0, 0x02, 0x09, 0x20,
  // SBBAt
  0x85, 0x04, 0xa0, 0x00, 0x84, 0xed, 0xa9, 0x08,
  // CheckForJumpspring
  0xc9, 0x32, 0xd0, 0x08, 0xa0, 0x03, 0xae, 0x0e, 0x07, 0xbd, 0x78, 0xe8,
  // CheckForPodoboo
  0x85, 0xef, 0x84, 0xec, 0xa6, 0x08, 0xc9, 0x0c, 0xd0, 0x07, 0xb5, 0xa0, 0x30, 0x03, 0xee, 0x09,
  0x01,
  // CheckBowserGfxFlag
  0xad, 0x6a, 0x03, 0xf0, 0x09, 0xa0, 0x16, 0xc9, 0x01, 0xf0, 0x01, 0xc8,
  // SBwsrGfxOfs
  0x84, 0xef,
  // CheckForGoomba
  0xa4, 0xef, 0xc0, 0x06, 0xd0, 0x1d, 0xb5, 0x1e, 0xc9, 0x02, 0x90, 0x04, 0xa2, 0x04, 0x86, 0xec,
  // GmbaAnim
  0x29, 0x20, 0x0d, 0x47, 0x07, 0xd0, 0x0c, 0xa5, 0x09, 0x29, 0x08, 0xd0, 0x06, 0xa5, 0x03, 0x49,
  0x03, 0x85, 0x03,
  // CheckBowserFront
  0xb9, 0x5b, 0xe8, 0x05, 0x04, 0x85, 0x04, 0xb9, 0x40, 0xe8, 0xaa, 0xa4, 0xec, 0xad, 0x6a, 0x03,
  0xf0, 0x30, 0xc9, 0x01, 0xd0, 0x13, 0xad, 0x63, 0x03, 0x10, 0x02, 0xa2, 0xde,
  // ChkFrontSte
  0xa5, 0xed, 0x29, 0x20, 0xf0, 0x03,
  // FlipBowserOver
  0x8e, 0x09, 0x01,
  // DrawBowser
  0x4c, 0x4b, 0xea,
  // CheckBowserRear
  0xad, 0x63, 0x03, 0x29, 0x01, 0xf0, 0x02, 0xa2, 0xe4,
  // ChkRearSte
  0xa5, 0xed, 0x29, 0x20, 0xf0, 0xee, 0xa5, 0x02, 0x38, 0xe9, 0x10, 0x85, 0x02, 0x4c, 0x46, 0xe9,
  // CheckForSpiny
  0xe0, 0x24, 0xd0, 0x11, 0xc0, 0x05, 0xd0, 0x0a, 0xa2, 0x30, 0xa9, 0x02, 0x85, 0x03, 0xa9, 0x05,
  0x85, 0xec,
  // NotEgg
  0x4c, 0xca, 0xe9,
  // CheckForLakitu
  0xe0, 0x90, 0xd0, 0x12, 0xa5, 0xed, 0x29, 0x20, 0xd0, 0x09, 0xad, 0x8f, 0x07, 0xc9, 0x10, 0xb0,
  0x02, 0xa2, 0x96,
  // NoLAFr
  0x4c, 0x37, 0xea,
  // CheckUpsideDownShell
  0xa5, 0xef, 0xc9, 0x04, 0xb0, 0x10, 0xc0, 0x02, 0x90, 0x0c, 0xa2, 0x5a, 0xa4, 0xef, 0xc0, 0x02,
  0xd0, 0x04, 0xa2, 0x7e, 0xe6, 0x02,
  // CheckRightSideUpShell
  0xa5, 0xec, 0xc9, 0x04, 0xd0, 0x1e, 0xa2, 0x72, 0xe6, 0x02, 0xa4, 0xef, 0xc0, 0x02, 0xf0, 0x04,
  0xa2, 0x66, 0xe6, 0x02,
  // CheckForDefdGoomba
  0xc0, 0x06, 0xd0, 0x0c, 0xa2, 0x54, 0xa5, 0xed, 0x29, 0x20, 0xd0, 0x04, 0xa2, 0x8a, 0xc6, 0x02,
  // CheckForHammerBro
  0xa4, 0x08, 0xa5, 0xef, 0xc9, 0x05, 0xd0, 0x0c, 0xa5, 0xed, 0xf0, 0x24, 0x29, 0x08, 0xf0, 0x5d,
  0xa2, 0xb4, 0xd0, 0x1c,
  // CheckForBloober
  0xe0, 0x48, 0xf0, 0x18, 0xb9, 0x96, 0x07, 0xc9, 0x05, 0xb0, 0x4e, 0xe0, 0x3c, 0xd0, 0x0d, 0xc9,
  0x01, 0xf0, 0x46, 0xe6, 0x02, 0xe6, 0x02, 0xe6, 0x02, 0x4c, 0x29, 0xea,
  // CheckToAnimateEnemy
  0xa5, 0xef, 0xc9, 0x06, 0xf0, 0x37, 0xc9, 0x08, 0xf0, 0x33, 0xc9, 0x0c, 0xf0, 0x2f, 0xc9, 0x18,
  0xb0, 0x2b, 0xa0, 0x00, 0xc9, 0x15, 0xd0, 0x10, 0xc8, 0xad, 0x5f, 0x07, 0xc9, 0x07, 0xb0, 0x1d,
  0xa2, 0xa2, 0xa9, 0x03, 0x85, 0xec, 0xd0, 0x15,
  // CheckForSecondFrame
  0xa5, 0x09, 0x39, 0x76, 0xe8, 0xd0, 0x0e,
  // CheckAnimationStop
  0xa5, 0xed, 0x29, 0xa0, 0x0d, 0x47, 0x07, 0xd0, 0x05, 0x8a, 0x18, 0x69, 0x06, 0xaa,
  // CheckDefeatedState
  0xa5, 0xed, 0x29, 0x20, 0xf0, 0x0e, 0xa5, 0xef, 0xc9, 0x04, 0x90, 0x08, 0xa0, 0x01, 0x8c, 0x09,
  0x01, 0x88, 0x84, 0xec,
  // DrawEnemyObject
  0xa4, 0xeb, 0x20, 0xaa, 0xeb, 0x20, 0xaa, 0xeb, 0x20, 0xaa, 0xeb, 0xa6, 0x08, 0xbc, 0xe5, 0x06,
  0xa5, 0xef, 0xc9, 0x08, 0xd0, 0x03,
  // SkipToOffScrChk
  0x4c, 0x64, 0xeb,
  // CheckForVerticalFlip
  0xad, 0x09, 0x01, 0xf0, 0x3d, 0xb9, 0x02, 0x02, 0x09, 0x80, 0xc8, 0xc8, 0x20, 0xb5, 0xe5, 0x88,
  0x88, 0x98, 0xaa, 0xa5, 0xef, 0xc9, 0x05, 0xf0, 0x0d, 0xc9, 0x11, 0xf0, 0x09, 0xc9, 0x15, 0xb0,
  0x05, 0x8a, 0x18, 0x69, 0x08, 0xaa,
  // FlipEnemyVertically
  0xbd, 0x01, 0x02, 0x48, 0xbd, 0x05, 0x02, 0x48, 0xb9, 0x11, 0x02, 0x9d, 0x01, 0x02, 0xb9, 0x15,
  0x02, 0x9d, 0x05, 0x02, 0x68, 0x99, 0x15, 0x02, 0x68, 0x99, 0x11, 0x02,
  // CheckForESymmetry
  0xad, 0x6a, 0x03, 0xd0, 0xb6, 0xa5, 0xef, 0xa6, 0xec, 0xc9, 0x05, 0xd0, 0x03, 0x4c, 0x64, 0xeb,
  // ContES
  0xc9, 0x07, 0xf0, 0x1d, 0xc9, 0x0d, 0xf0, 0x19, 0xc9, 0x0c, 0xf0, 0x15, 0xc9, 0x12, 0xd0, 0x04,
  0xe0, 0x05, 0xd0, 0x48,
  // ESRtnr
  0xc9, 0x15, 0xd0, 0x05, 0xa9, 0x42, 0x99, 0x16, 0x02,
  // SpnySC
  0xe0, 0x02, 0x90, 0x3b,
  // MirrorEnemyGfx
  0xad, 0x6a, 0x03, 0xd0, 0x36, 0xb9, 0x02, 0x02, 0x29, 0xa3, 0x99, 0x02, 0x02, 0x99, 0x0a, 0x02,
  0x99, 0x12, 0x02, 0x09, 0x40, 0xe0, 0x05, 0xd0, 0x02, 0x09, 0x80,
  // EggExc
  0x99, 0x06, 0x02, 0x99, 0x0e, 0x02, 0x99, 0x16, 0x02, 0xe0, 0x04, 0xd0, 0x13, 0xb9, 0x0a, 0x02,
  0x09, 0x80, 0x99, 0x0a, 0x02, 0x99, 0x12, 0x02, 0x09, 0x40, 0x99, 0x0e, 0x02, 0x99, 0x16, 0x02,
  // CheckToMirrorLakitu
  0xa5, 0xef, 0xc9, 0x11, 0xd0, 0x36, 0xad, 0x09, 0x01, 0xd0, 0x21, 0xb9, 0x12, 0x02, 0x29, 0x81,
  0x99, 0x12, 0x02, 0xb9, 0x16, 0x02, 0x09, 0x41, 0x99, 0x16, 0x02, 0xae, 0x8f, 0x07, 0xe0, 0x10,
  0xb0, 0x30, 0x99, 0x0e, 0x02, 0x29, 0x81, 0x99, 0x0a, 0x02, 0x90, 0x26,
  // NVFLak
  0xb9, 0x02, 0x02, 0x29, 0x81, 0x99, 0x02, 0x02, 0xb9, 0x06, 0x02, 0x09, 0x41, 0x99, 0x06, 0x02,
  // CheckToMirrorJSpring
  0xa5, 0xef, 0xc9, 0x18, 0x90, 0x10, 0xa9, 0x82, 0x99, 0x0a, 0x02, 0x99, 0x12, 0x02, 0x09, 0x40,
  0x99, 0x0e, 0x02, 0x99, 0x16, 0x02,
  // SprObjectOffscrChk
  0xa6, 0x08, 0xad, 0xd1, 0x03, 0x4a, 0x4a, 0x4a, 0x48, 0x90, 0x05, 0xa9, 0x04, 0x20, 0xc1, 0xeb,
  // LcChk
  0x68, 0x4a, 0x48, 0x90, 0x05, 0xa9, 0x00, 0x20, 0xc1, 0xeb,
  // Row3C
  0x68, 0x4a, 0x4a, 0x48, 0x90, 0x05, 0xa9, 0x10, 0x20, 0xb7, 0xeb,
  // Row23C
  0x68, 0x4a, 0x48, 0x90, 0x05, 0xa9, 0x08, 0x20, 0xb7, 0xeb,
  // AllRowC
  0x68, 0x4a, 0x90, 0x12, 0x20, 0xb7, 0xeb, 0xb5, 0x16, 0xc9, 0x0c, 0xf0, 0x09, 0xb5, 0xb6, 0xc9,
  0x02, 0xd0, 0x03, 0x20, 0x98, 0xc9,
  // ExEGHandler
  0x60,
  // DrawEnemyObjRow
  0xbd, 0x3e, 0xe7, 0x85, 0x00, 0xbd, 0x3f, 0xe7,
  // DrawOneSpriteRow
  0x85, 0x01, 0x4c, 0x82, 0xf2,
  // MoveESprRowOffscreen
  0x18, 0x7d, 0xe5, 0x06, 0xa8, 0xa9, 0xf8, 0x4c, 0xc1, 0xe5,
  // MoveESprColOffscreen
  0x18, 0x7d, 0xe5, 0x06, 0xa8, 0x20, 0x4a, 0xec, 0x99, 0x10, 0x02, 0x60,
  // DefaultBlockObjTiles
  // -------------------------------------------------------------------------------------
  // $00-$01 - tile numbers
  // $02 - relative Y position
  // $03 - horizontal flip flag (not used here)
  // $04 - attributes
  // $05 - relative X position
  // brick w/ line (these are sprite tiles, not BG!)
  0x85, 0x85, 0x86, 0x86,
  // DrawBlock
  0xad, 0xbc, 0x03, 0x85, 0x02, 0xad, 0xb1, 0x03, 0x85, 0x05, 0xa9, 0x03, 0x85, 0x04, 0x4a, 0x85,
  0x03, 0xbc, 0xec, 0x06, 0xa2, 0x00,
  // DBlkLoop
  0xbd, 0xcd, 0xeb, 0x85, 0x00, 0xbd, 0xce, 0xeb, 0x20, 0xb2, 0xeb, 0xe0, 0x04, 0xd0, 0xf1, 0xa6,
  0x08, 0xbc, 0xec, 0x06, 0xad, 0x4e, 0x07, 0xc9, 0x01, 0xf0, 0x08, 0xa9, 0x86, 0x99, 0x01, 0x02,
  0x99, 0x05, 0x02,
  // ChkRep
  0xbd, 0xe8, 0x03, 0xc9, 0xc4, 0xd0, 0x24, 0xa9, 0x87, 0xc8, 0x20, 0xbb, 0xe5, 0x88, 0xa9, 0x03,
  0xae, 0x4e, 0x07, 0xca, 0xf0, 0x01, 0x4a,
  // SetBFlip
  0xa6, 0x08, 0x99, 0x02, 0x02, 0x09, 0x40, 0x99, 0x06, 0x02, 0x09, 0x80, 0x99, 0x0e, 0x02, 0x29,
  0x83, 0x99, 0x0a, 0x02,
  // BlkOffscr
  0xad, 0xd4, 0x03, 0x48, 0x29, 0x04, 0xf0, 0x08, 0xa9, 0xf8, 0x99, 0x04, 0x02, 0x99, 0x0c, 0x02,
  // PullOfsB
  0x68,
  // ChkLeftCo
  0x29, 0x08, 0xf0, 0x08,
  // MoveColOffscreen
  0xa9, 0xf8, 0x99, 0x00, 0x02, 0x99, 0x08, 0x02,
  // ExDBlk
  0x60,
  // DrawBrickChunks
  0xa9, 0x02, 0x85, 0x00, 0xa9, 0x75, 0xa4, 0x0e, 0xc0, 0x05, 0xf0, 0x06, 0xa9, 0x03, 0x85, 0x00,
  0xa9, 0x84,
  // DChunks
  0xbc, 0xec, 0x06, 0xc8, 0x20, 0xbb, 0xe5, 0xa5, 0x09, 0x0a, 0x0a, 0x0a, 0x0a, 0x29, 0xc0, 0x05,
  0x00, 0xc8, 0x20, 0xbb, 0xe5, 0x88, 0x88, 0xad, 0xbc, 0x03, 0x20, 0xc1, 0xe5, 0xad, 0xb1, 0x03,
  0x99, 0x03, 0x02, 0xbd, 0xf1, 0x03, 0x38, 0xed, 0x1c, 0x07, 0x85, 0x00, 0x38, 0xed, 0xb1, 0x03,
  0x65, 0x00, 0x69, 0x06, 0x99, 0x07, 0x02, 0xad, 0xbd, 0x03, 0x99, 0x08, 0x02, 0x99, 0x0c, 0x02,
  0xad, 0xb2, 0x03, 0x99, 0x0b, 0x02, 0xa5, 0x00, 0x38, 0xed, 0xb2, 0x03, 0x65, 0x00, 0x69, 0x06,
  0x99, 0x0f, 0x02, 0xad, 0xd4, 0x03, 0x20, 0x46, 0xec, 0xad, 0xd4, 0x03, 0x0a, 0x90, 0x05, 0xa9,
  0xf8, 0x20, 0xc1, 0xe5,
  // ChnkOfs
  0xa5, 0x00, 0x10, 0x10, 0xb9, 0x03, 0x02, 0xd9, 0x07, 0x02, 0x90, 0x08, 0xa9, 0xf8, 0x99, 0x04,
  0x02, 0x99, 0x0c, 0x02,
  // ExBCDr
  0x60,
  // DrawFireball
  0xbc, 0xf1, 0x06, 0xad, 0xba, 0x03, 0x99, 0x00, 0x02, 0xad, 0xaf, 0x03, 0x99, 0x03, 0x02,
  // DrawFirebar
  0xa5, 0x09, 0x4a, 0x4a, 0x48, 0x29, 0x01, 0x49, 0x64, 0x99, 0x01, 0x02, 0x68, 0x4a, 0x4a, 0xa9,
  0x02, 0x90, 0x02, 0x09, 0xc0,
  // FireA
  0x99, 0x02, 0x02, 0x60,
  // ExplosionTiles
  // -------------------------------------------------------------------------------------
  0x68, 0x67, 0x66,
  // DrawExplosion_Fireball
  0xbc, 0xec, 0x06, 0xb5, 0x24, 0xf6, 0x24, 0x4a, 0x29, 0x07, 0xc9, 0x03, 0xb0, 0x4a,
  // DrawExplosion_Fireworks
  0xaa, 0xbd, 0x06, 0xed, 0xc8, 0x20, 0xbb, 0xe5, 0x88, 0xa6, 0x08, 0xad, 0xba, 0x03, 0x38, 0xe9,
  0x04, 0x99, 0x00, 0x02, 0x99, 0x08, 0x02, 0x18, 0x69, 0x08, 0x99, 0x04, 0x02, 0x99, 0x0c, 0x02,
  0xad, 0xaf, 0x03, 0x38, 0xe9, 0x04, 0x99, 0x03, 0x02, 0x99, 0x07, 0x02, 0x18, 0x69, 0x08, 0x99,
  0x0b, 0x02, 0x99, 0x0f, 0x02, 0xa9, 0x02, 0x99, 0x02, 0x02, 0xa9, 0x82, 0x99, 0x06, 0x02, 0xa9,
  0x42, 0x99, 0x0a, 0x02, 0xa9, 0xc2, 0x99, 0x0e, 0x02, 0x60,
  // KillFireBall
  0xa9, 0x00, 0x95, 0x24, 0x60,
  // DrawSmallPlatform
  0xbc, 0xe5, 0x06, 0xa9, 0x5b, 0xc8, 0x20, 0xb5, 0xe5, 0xc8, 0xa9, 0x02, 0x20, 0xb5, 0xe5, 0x88,
  0x88, 0xad, 0xae, 0x03, 0x99, 0x03, 0x02, 0x99, 0x0f, 0x02, 0x18, 0x69, 0x08, 0x99, 0x07, 0x02,
  0x99, 0x13, 0x02, 0x18, 0x69, 0x08, 0x99, 0x0b, 0x02, 0x99, 0x17, 0x02, 0xb5, 0xcf, 0xaa, 0x48,
  0xe0, 0x20, 0xb0, 0x02, 0xa9, 0xf8,
  // TopSP
  0x20, 0xbe, 0xe5, 0x68, 0x18, 0x69, 0x80, 0xaa, 0xe0, 0x20, 0xb0, 0x02, 0xa9, 0xf8,
  // BotSP
  0x99, 0x0c, 0x02, 0x99, 0x10, 0x02, 0x99, 0x14, 0x02, 0xad, 0xd1, 0x03, 0x48, 0x29, 0x08, 0xf0,
  0x08, 0xa9, 0xf8, 0x99, 0x00, 0x02, 0x99, 0x0c, 0x02,
  // SOfs
  0x68, 0x48, 0x29, 0x04, 0xf0, 0x08, 0xa9, 0xf8, 0x99, 0x04, 0x02, 0x99, 0x10, 0x02,
  // SOfs2
  0x68, 0x29, 0x02, 0xf0, 0x08, 0xa9, 0xf8, 0x99, 0x08, 0x02, 0x99, 0x14, 0x02,
  // ExSPl
  0xa6, 0x08, 0x60,
  // DrawBubble
  0xa4, 0xb5, 0x88, 0xd0, 0x20, 0xad, 0xd3, 0x03, 0x29, 0x08, 0xd0, 0x19, 0xbc, 0xee, 0x06, 0xad,
  0xb0, 0x03, 0x99, 0x03, 0x02, 0xad, 0xbb, 0x03, 0x99, 0x00, 0x02, 0xa9, 0x74, 0x99, 0x01, 0x02,
  0xa9, 0x02, 0x99, 0x02, 0x02,
  // ExDBub
  0x60,
  // PlayerGfxTblOffsets
  // -------------------------------------------------------------------------------------
  // $00 - used to store player's vertical offscreen bits
  0x20, 0x28, 0xc8, 0x18, 0x00, 0x40, 0x50, 0x58, 0x80, 0x88, 0xb8, 0x78, 0x60, 0xa0, 0xb0, 0xb8,
  // PlayerGraphicsTable
  // tiles arranged in order, 2 tiles per row, top to bottom
  // big player table
  // walking frame 1
  0x00, 0x01, 0x02, 0x03, 0x04, 0x05, 0x06, 0x07,
  //         frame 2
  0x08, 0x09, 0x0a, 0x0b, 0x0c, 0x0d, 0x0e, 0x0f,
  //         frame 3
  0x10, 0x11, 0x12, 0x13, 0x14, 0x15, 0x16, 0x17,
  // skidding
  0x18, 0x19, 0x1a, 0x1b, 0x1c, 0x1d, 0x1e, 0x1f,
  // jumping
  0x20, 0x21, 0x22, 0x23, 0x24, 0x25, 0x26, 0x27,
  // swimming frame 1
  0x08, 0x09, 0x28, 0x29, 0x2a, 0x2b, 0x2c, 0x2d,
  //          frame 2
  0x08, 0x09, 0x0a, 0x0b, 0x0c, 0x30, 0x2c, 0x2d,
  //          frame 3
  0x08, 0x09, 0x0a, 0x0b, 0x2e, 0x2f, 0x2c, 0x2d,
  // climbing frame 1
  0x08, 0x09, 0x28, 0x29, 0x2a, 0x2b, 0x5c, 0x5d,
  //          frame 2
  0x08, 0x09, 0x0a, 0x0b, 0x0c, 0x0d, 0x5e, 0x5f,
  // crouching
  0xfc, 0xfc, 0x08, 0x09, 0x58, 0x59, 0x5a, 0x5a,
  // fireball throwing
  0x08, 0x09, 0x28, 0x29, 0x2a, 0x2b, 0x0e, 0x0f,
  // small player table
  // walking frame 1
  0xfc, 0xfc, 0xfc, 0xfc, 0x32, 0x33, 0x34, 0x35,
  //         frame 2
  0xfc, 0xfc, 0xfc, 0xfc, 0x36, 0x37, 0x38, 0x39,
  //         frame 3
  0xfc, 0xfc, 0xfc, 0xfc, 0x3a, 0x37, 0x3b, 0x3c,
  // skidding
  0xfc, 0xfc, 0xfc, 0xfc, 0x3d, 0x3e, 0x3f, 0x40,
  // jumping
  0xfc, 0xfc, 0xfc, 0xfc, 0x32, 0x41, 0x42, 0x43,
  // swimming frame 1
  0xfc, 0xfc, 0xfc, 0xfc, 0x32, 0x33, 0x44, 0x45,
  //          frame 2
  0xfc, 0xfc, 0xfc, 0xfc, 0x32, 0x33, 0x44, 0x47,
  //          frame 3
  0xfc, 0xfc, 0xfc, 0xfc, 0x32, 0x33, 0x48, 0x49,
  // climbing frame 1
  0xfc, 0xfc, 0xfc, 0xfc, 0x32, 0x33, 0x90, 0x91,
  //          frame 2
  0xfc, 0xfc, 0xfc, 0xfc, 0x3a, 0x37, 0x92, 0x93,
  // killed
  0xfc, 0xfc, 0xfc, 0xfc, 0x9e, 0x9e, 0x9f, 0x9f,
  // used by both player sizes
  // small player standing
  0xfc, 0xfc, 0xfc, 0xfc, 0x3a, 0x37, 0x4f, 0x4f,
  // intermediate grow frame
  0xfc, 0xfc, 0x00, 0x01, 0x4c, 0x4d, 0x4e, 0x4e,
  // big player standing
  0x00, 0x01, 0x4c, 0x4d, 0x4a, 0x4a, 0x4b, 0x4b,
  // SwimKickTileNum
  0x31, 0x46,
  // PlayerGfxHandler
  0xad, 0x9e, 0x07, 0xf0, 0x05, 0xa5, 0x09, 0x4a, 0xb0, 0x40,
  // CntPl
  0xa5, 0x0e, 0xc9, 0x0b, 0xf0, 0x47, 0xad, 0x0b, 0x07, 0xd0, 0x3c, 0xac, 0x04, 0x07, 0xf0, 0x31,
  0xa5, 0x1d, 0xc9, 0x00, 0xf0, 0x2b, 0x20, 0x34, 0xef, 0xa5, 0x09, 0x29, 0x04, 0xd0, 0x21, 0xaa,
  0xac, 0xe4, 0x06, 0xa5, 0x33, 0x4a, 0xb0, 0x04, 0xc8, 0xc8, 0xc8, 0xc8,
  // SwimKT
  0xad, 0x54, 0x07, 0xf0, 0x09, 0xb9, 0x19, 0x02, 0xcd, 0xb5, 0xee, 0xf0, 0x07, 0xe8,
  // BigKTS
  0xbd, 0xe7, 0xee, 0x99, 0x19, 0x02,
  // ExPGH
  0x60,
  // FindPlayerAction
  0x20, 0xec, 0xef, 0x4c, 0x45, 0xef,
  // DoChangeSize
  0x20, 0xb0, 0xf0, 0x4c, 0x45, 0xef,
  // PlayerKilled
  0xa0, 0x0e, 0xb9, 0x07, 0xee,
  // PlayerGfxProcessing
  0x8d, 0xd5, 0x06, 0xa9, 0x04, 0x20, 0xbe, 0xef, 0x20, 0xe9, 0xf0, 0xad, 0x11, 0x07, 0xf0, 0x25,
  0xa0, 0x00, 0xad, 0x81, 0x07, 0xcd, 0x11, 0x07, 0x8c, 0x11, 0x07, 0xb0, 0x18, 0x8d, 0x11, 0x07,
  0xa0, 0x07, 0xb9, 0x07, 0xee, 0x8d, 0xd5, 0x06, 0xa0, 0x04, 0xa5, 0x57, 0x05, 0x0c, 0xf0, 0x01,
  0x88,
  // SUpdR
  0x98, 0x20, 0xbe, 0xef,
  // PlayerOffscreenChk
  0xad, 0xd0, 0x03, 0x4a, 0x4a, 0x4a, 0x4a, 0x85, 0x00, 0xa2, 0x03, 0xad, 0xe4, 0x06, 0x18, 0x69,
  0x18, 0xa8,
  // PROfsLoop
  0xa9, 0xf8, 0x46, 0x00, 0x90, 0x03, 0x20, 0xc1, 0xe5,
  // NPROffscr
  0x98, 0x38, 0xe9, 0x08, 0xa8, 0xca, 0x10, 0xef, 0x60,
  // IntermediatePlayerData
  // -------------------------------------------------------------------------------------
  0x58, 0x01, 0x00, 0x60, 0xff, 0x04,
  // DrawPlayer_Intermediate
  0xa2, 0x05,
  // PIntLoop
  0xbd, 0x9e, 0xef, 0x95, 0x02, 0xca, 0x10, 0xf8, 0xa2, 0xb8, 0xa0, 0x04, 0x20, 0xdc, 0xef, 0xad,
  0x26, 0x02, 0x09, 0x40, 0x8d, 0x22, 0x02, 0x60,
  // RenderPlayerSub
  0x85, 0x07, 0xad, 0xad, 0x03, 0x8d, 0x55, 0x07, 0x85, 0x05, 0xad, 0xb8, 0x03, 0x85, 0x02, 0xa5,
  0x33, 0x85, 0x03, 0xad, 0xc4, 0x03, 0x85, 0x04, 0xae, 0xd5, 0x06, 0xac, 0xe4, 0x06,
  // DrawPlayerLoop
  0xbd, 0x17, 0xee, 0x85, 0x00, 0xbd, 0x18, 0xee, 0x20, 0xb2, 0xeb, 0xc6, 0x07, 0xd0, 0xf1, 0x60,
  // ProcessPlayerAction
  0xa5, 0x1d, 0xc9, 0x03, 0xf0, 0x52, 0xc9, 0x02, 0xf0, 0x3e, 0xc9, 0x01, 0xd0, 0x11, 0xad, 0x04,
  0x07, 0xd0, 0x51, 0xa0, 0x06, 0xad, 0x14, 0x07, 0xd0, 0x22, 0xa0, 0x00, 0x4c, 0x28, 0xf0,
  // ProcOnGroundActs
  0xa0, 0x06, 0xad, 0x14, 0x07, 0xd0, 0x16, 0xa0, 0x02, 0xa5, 0x57, 0x05, 0x0c, 0xf0, 0x0e, 0xad,
  0x00, 0x07, 0xc9, 0x09, 0x90, 0x1b, 0xa5, 0x45, 0x25, 0x33, 0xd0, 0x15, 0xc8,
  // NonAnimatedActs
  0x20, 0x91, 0xf0, 0xa9, 0x00, 0x8d, 0x0d, 0x07, 0xb9, 0x07, 0xee, 0x60,
  // ActionFalling
  0xa0, 0x04, 0x20, 0x91, 0xf0, 0x4c, 0x62, 0xf0,
  // ActionWalkRun
  0xa0, 0x04, 0x20, 0x91, 0xf0, 0x4c, 0x68, 0xf0,
  // ActionClimbing
  0xa0, 0x05, 0xa5, 0x9f, 0xf0, 0xde, 0x20, 0x91, 0xf0, 0x4c, 0x6d, 0xf0,
  // ActionSwimming
  0xa0, 0x01, 0x20, 0x91, 0xf0, 0xad, 0x82, 0x07, 0x0d, 0x0d, 0x07, 0xd0, 0x0b, 0xa5, 0x0a, 0x0a,
  0xb0, 0x06,
  // GetCurrentAnimOffset
  0xad, 0x0d, 0x07, 0x4c, 0xd0, 0xf0,
  // FourFrameExtent
  0xa9, 0x03, 0x4c, 0x6f, 0xf0,
  // ThreeFrameExtent
  0xa9, 0x02,
  // AnimationControl
  0x85, 0x00, 0x20, 0x62, 0xf0, 0x48, 0xad, 0x81, 0x07, 0xd0, 0x15, 0xad, 0x0c, 0x07, 0x8d, 0x81,
  0x07, 0xad, 0x0d, 0x07, 0x18, 0x69, 0x01, 0xc5, 0x00, 0x90, 0x02, 0xa9, 0x00,
  // SetAnimC
  0x8d, 0x0d, 0x07,
  // ExAnimC
  0x68, 0x60,
  // GetGfxOffsetAdder
  0xad, 0x54, 0x07, 0xf0, 0x05, 0x98, 0x18, 0x69, 0x08, 0xa8,
  // SzOfs
  0x60,
  // ChangeSizeOffsetAdder
  0x00, 0x01, 0x00, 0x01, 0x00, 0x01, 0x02, 0x00, 0x01, 0x02, 0x02, 0x00, 0x02, 0x00, 0x02, 0x00,
  0x02, 0x00, 0x02, 0x00,
  // HandleChangeSize
  0xac, 0x0d, 0x07, 0xa5, 0x09, 0x29, 0x03, 0xd0, 0x0d, 0xc8, 0xc0, 0x0a, 0x90, 0x05, 0xa0, 0x00,
  0x8c, 0x0b, 0x07,
  // CSzNext
  0x8c, 0x0d, 0x07,
  // GorSLog
  0xad, 0x54, 0x07, 0xd0, 0x0c, 0xb9, 0x9c, 0xf0, 0xa0, 0x0f,
  // GetOffsetFromAnimCtrl
  0x0a, 0x0a, 0x0a, 0x79, 0x07, 0xee, 0x60,
  // ShrinkPlayer
  0x98, 0x18, 0x69, 0x0a, 0xaa, 0xa0, 0x09, 0xbd, 0x9c, 0xf0, 0xd0, 0x02, 0xa0, 0x01,
  // ShrPlF
  0xb9, 0x07, 0xee, 0x60,
  // ChkForPlayerAttrib
  0xac, 0xe4, 0x06, 0xa5, 0x0e, 0xc9, 0x0b, 0xf0, 0x13, 0xad, 0xd5, 0x06, 0xc9, 0x50, 0xf0, 0x1e,
  0xc9, 0xb8, 0xf0, 0x1a, 0xc9, 0xc0, 0xf0, 0x16, 0xc9, 0xc8, 0xd0, 0x24,
  // KilledAtt
  0xb9, 0x12, 0x02, 0x29, 0x3f, 0x99, 0x12, 0x02, 0xb9, 0x16, 0x02, 0x29, 0x3f, 0x09, 0x40, 0x99,
  0x16, 0x02,
  // C_S_IGAtt
  0xb9, 0x1a, 0x02, 0x29, 0x3f, 0x99, 0x1a, 0x02, 0xb9, 0x1e, 0x02, 0x29, 0x3f, 0x09, 0x40, 0x99,
  0x1e, 0x02,
  // ExPlyrAt
  0x60,
  // RelativePlayerPosition
  0xa2, 0x00, 0xa0, 0x00, 0x4c, 0x42, 0xf1,
  // RelativeBubblePosition
  0xa0, 0x01, 0x20, 0xa8, 0xf1, 0xa0, 0x03, 0x4c, 0x42, 0xf1,
  // RelativeFireballPosition
  0xa0, 0x00, 0x20, 0xa8, 0xf1, 0xa0, 0x02,
  // RelWOfs
  0x20, 0x71, 0xf1, 0xa6, 0x08, 0x60,
  // RelativeMiscPosition
  0xa0, 0x02, 0x20, 0xa8, 0xf1, 0xa0, 0x06, 0x4c, 0x42, 0xf1,
  // RelativeEnemyPosition
  0xa9, 0x01, 0xa0, 0x01, 0x4c, 0x65, 0xf1,
  // RelativeBlockPosition
  0xa9, 0x09, 0xa0, 0x04, 0x20, 0x65, 0xf1, 0xe8, 0xe8, 0xa9, 0x09, 0xc8,
  // VariableObjOfsRelPos
  0x86, 0x00, 0x18, 0x65, 0x00, 0xaa, 0x20, 0x71, 0xf1, 0xa6, 0x08, 0x60,
  // GetObjRelativePosition
  0xb5, 0xce, 0x99, 0xb8, 0x03, 0xb5, 0x86, 0x38, 0xed, 0x1c, 0x07, 0x99, 0xad, 0x03, 0x60,
  // GetPlayerOffscreenBits
  0xa2, 0x00, 0xa0, 0x00, 0x4c, 0xc0, 0xf1,
  // GetFireballOffscreenBits
  0xa0, 0x00, 0x20, 0xa8, 0xf1, 0xa0, 0x02, 0x4c, 0xc0, 0xf1,
  // GetBubbleOffscreenBits
  0xa0, 0x01, 0x20, 0xa8, 0xf1, 0xa0, 0x03, 0x4c, 0xc0, 0xf1,
  // GetMiscOffscreenBits
  0xa0, 0x02, 0x20, 0xa8, 0xf1, 0xa0, 0x06, 0x4c, 0xc0, 0xf1,
  // ObjOffsetData
  0x07, 0x16, 0x0d,
  // GetProperObjOffset
  0x8a, 0x18, 0x79, 0xa5, 0xf1, 0xaa, 0x60,
  // GetEnemyOffscreenBits
  0xa9, 0x01, 0xa0, 0x01, 0x4c, 0xba, 0xf1,
  // GetBlockOffscreenBits
  0xa9, 0x09, 0xa0, 0x04,
  // SetOffscrBitsOffset
  0x86, 0x00, 0x18, 0x65, 0x00, 0xaa,
  // GetOffScreenBitsSet
  0x98, 0x48, 0x20, 0xd7, 0xf1, 0x0a, 0x0a, 0x0a, 0x0a, 0x05, 0x00, 0x85, 0x00, 0x68, 0xa8, 0xa5,
  0x00, 0x99, 0xd0, 0x03, 0xa6, 0x08, 0x60,
  // RunOffscrBitsSubs
  0x20, 0xf6, 0xf1, 0x4a, 0x4a, 0x4a, 0x4a, 0x85, 0x00, 0x4c, 0x39, 0xf2,
  // XOffscreenBitsData
  // --------------------------------
  // (these apply to these three subsections)
  // $04 - used to store proper offset
  // $05 - used as adder in DividePDiff
  // $06 - used to store preset value used to compare to pixel difference in $07
  // $07 - used to store difference between coordinates of object and screen edges
  0x7f, 0x3f, 0x1f, 0x0f, 0x07, 0x03, 0x01, 0x00, 0x80, 0xc0, 0xe0, 0xf0, 0xf8, 0xfc, 0xfe, 0xff,
  // DefaultXOnscreenOfs
  0x07, 0x0f, 0x07,
  // GetXOffscreenBits
  0x86, 0x04, 0xa0, 0x01,
  // XOfsLoop
  0xb9, 0x1c, 0x07, 0x38, 0xf5, 0x86, 0x85, 0x07, 0xb9, 0x1a, 0x07, 0xf5, 0x6d, 0xbe, 0xf3, 0xf1,
  0xc9, 0x00, 0x30, 0x10, 0xbe, 0xf4, 0xf1, 0xc9, 0x01, 0x10, 0x09, 0xa9, 0x38, 0x85, 0x06, 0xa9,
  0x08, 0x20, 0x6d, 0xf2,
  // XLdBData
  0xbd, 0xe3, 0xf1, 0xa6, 0x04, 0xc9, 0x00, 0xd0, 0x03, 0x88, 0x10, 0xd0,
  // ExXOfsBS
  0x60,
  // YOffscreenBitsData
  // --------------------------------
  0x00, 0x08, 0x0c, 0x0e, 0x0f, 0x07, 0x03, 0x01, 0x00,
  // DefaultYOnscreenOfs
  0x04, 0x00, 0x04,
  // HighPosUnitData
  0xff, 0x00,
  // GetYOffscreenBits
  0x86, 0x04, 0xa0, 0x01,
  // YOfsLoop
  0xb9, 0x37, 0xf2, 0x38, 0xf5, 0xce, 0x85, 0x07, 0xa9, 0x01, 0xf5, 0xb5, 0xbe, 0x34, 0xf2, 0xc9,
  0x00, 0x30, 0x10, 0xbe, 0x35, 0xf2, 0xc9, 0x01, 0x10, 0x09, 0xa9, 0x20, 0x85, 0x06, 0xa9, 0x04,
  0x20, 0x6d, 0xf2,
  // YLdBData
  0xbd, 0x2b, 0xf2, 0xa6, 0x04, 0xc9, 0x00, 0xd0, 0x03, 0x88, 0x10, 0xd1,
  // ExYOfsBS
  0x60,
  // DividePDiff
  0x85, 0x05, 0xa5, 0x07, 0xc5, 0x06, 0xb0, 0x0c, 0x4a, 0x4a, 0x4a, 0x29, 0x07, 0xc0, 0x01, 0xb0,
  0x02, 0x65, 0x05,
  // SetOscrO
  0xaa,
  // ExDivPD
  0x60,
  // DrawSpriteObject
  0xa5, 0x03, 0x4a, 0x4a, 0xa5, 0x00, 0x90, 0x0c, 0x99, 0x05, 0x02, 0xa5, 0x01, 0x99, 0x01, 0x02,
  0xa9, 0x40, 0xd0, 0x0a,
  // NoHFlip
  0x99, 0x01, 0x02, 0xa5, 0x01, 0x99, 0x05, 0x02, 0xa9, 0x00,
  // SetHFAt
  0x05, 0x04, 0x99, 0x02, 0x02, 0x99, 0x06, 0x02, 0xa5, 0x02, 0x99, 0x00, 0x02, 0x99, 0x04, 0x02,
  0xa5, 0x05, 0x99, 0x03, 0x02, 0x18, 0x69, 0x08, 0x99, 0x07, 0x02, 0xa5, 0x02, 0x18, 0x69, 0x08,
  0x85, 0x02, 0x98, 0x18, 0x69, 0x08, 0xa8, 0xe8, 0xe8, 0x60,
  // -------------------------------------------------------------------------------------
  // unused space
  0xff, 0xff, 0xff, 0xff, 0xff, 0xff,
  // SoundEngine
  0xad, 0x70, 0x07, 0xd0, 0x04, 0x8d, 0x15, 0x40, 0x60,
  // SndOn
  0xa9, 0xff, 0x8d, 0x17, 0x40, 0xa9, 0x0f, 0x8d, 0x15, 0x40, 0xad, 0xc6, 0x07, 0xd0, 0x06, 0xa5,
  0xfa, 0xc9, 0x01, 0xd0, 0x5d,
  // InPause
  0xad, 0xb2, 0x07, 0xd0, 0x23, 0xa5, 0xfa, 0xf0, 0x66, 0x8d, 0xb2, 0x07, 0x8d, 0xc6, 0x07, 0xa9,
  0x00, 0x8d, 0x15, 0x40, 0x85, 0xf1, 0x85, 0xf2, 0x85, 0xf3, 0xa9, 0x0f, 0x8d, 0x15, 0x40, 0xa9,
  0x2a, 0x8d, 0xbb, 0x07,
  // PTone1F
  0xa9, 0x44, 0xd0, 0x11,
  // ContPau
  0xad, 0xbb, 0x07, 0xc9, 0x24, 0xf0, 0x08, 0xc9, 0x1e, 0xf0, 0xf1, 0xc9, 0x18, 0xd0, 0x09,
  // PTone2F
  0xa9, 0x64,
  // PTRegC
  0xa2, 0x84, 0xa0, 0x7f, 0x20, 0x88, 0xf3,
  // DecPauC
  0xce, 0xbb, 0x07, 0xd0, 0x2a, 0xa9, 0x00, 0x8d, 0x15, 0x40, 0xad, 0xb2, 0x07, 0xc9, 0x02, 0xd0,
  0x05, 0xa9, 0x00, 0x8d, 0xc6, 0x07,
  // SkipPIn
  0xa9, 0x00, 0x8d, 0xb2, 0x07, 0xf0, 0x12,
  // RunSoundSubroutines
  0x20, 0x1b, 0xf4, 0x20, 0x7c, 0xf5, 0x20, 0x67, 0xf6, 0x20, 0x94, 0xf6, 0xa9, 0x00, 0x85, 0xfb,
  0x85, 0xfc,
  // SkipSoundSubroutines
  0xa9, 0x00, 0x85, 0xff, 0x85, 0xfe, 0x85, 0xfd, 0x85, 0xfa, 0xac, 0xc0, 0x07, 0xa5, 0xf4, 0x29,
  0x03, 0xf0, 0x07, 0xee, 0xc0, 0x07, 0xc0, 0x30, 0x90, 0x06,
  // NoIncDAC
  0x98, 0xf0, 0x03, 0xce, 0xc0, 0x07,
  // StrWave
  0x8c, 0x11, 0x40, 0x60,
  // Dump_Squ1_Regs
  0x8c, 0x01, 0x40, 0x8e, 0x00, 0x40, 0x60,
  // PlaySqu1Sfx
  0x20, 0x81, 0xf3,
  // SetFreq_Squ1
  0xa2, 0x00,
  // Dump_Freq_Regs
  0xa8, 0xb9, 0x01, 0xff, 0xf0, 0x0b, 0x9d, 0x02, 0x40, 0xb9, 0x00, 0xff, 0x09, 0x08, 0x9d, 0x03,
  0x40,
  // NoTone
  0x60,
  // Dump_Sq2_Regs
  0x8e, 0x04, 0x40, 0x8c, 0x05, 0x40, 0x60,
  // PlaySqu2Sfx
  0x20, 0x9f, 0xf3,
  // SetFreq_Squ2
  0xa2, 0x04, 0xd0, 0xe0,
  // SetFreq_Tri
  0xa2, 0x08, 0xd0, 0xdc,
  // SwimStompEnvelopeData
  // --------------------------------
  0x9f, 0x9b, 0x98, 0x96, 0x95, 0x94, 0x92, 0x90, 0x90, 0x9a, 0x97, 0x95, 0x93, 0x92,
  // PlayFlagpoleSlide
  0xa9, 0x40, 0x8d, 0xbb, 0x07, 0xa9, 0x62, 0x20, 0x8b, 0xf3, 0xa2, 0x99, 0xd0, 0x25,
  // PlaySmallJump
  0xa9, 0x26, 0xd0, 0x02,
  // PlayBigJump
  0xa9, 0x18,
  // JumpRegContents
  0xa2, 0x82, 0xa0, 0xa7, 0x20, 0x88, 0xf3, 0xa9, 0x28, 0x8d, 0xbb, 0x07,
  // ContinueSndJump
  0xad, 0xbb, 0x07, 0xc9, 0x25, 0xd0, 0x06, 0xa2, 0x5f, 0xa0, 0xf6, 0xd0, 0x08,
  // N2Prt
  0xc9, 0x20, 0xd0, 0x29, 0xa2, 0x48,
  // FPS2nd
  0xa0, 0xbc,
  // DmpJpFPS
  0x20, 0x81, 0xf3, 0xd0, 0x20,
  // PlayFireballThrow
  0xa9, 0x05, 0xa0, 0x99, 0xd0, 0x04,
  // PlayBump
  0xa9, 0x0a, 0xa0, 0x93,
  // Fthrow
  0xa2, 0x9e, 0x8d, 0xbb, 0x07, 0xa9, 0x0c, 0x20, 0x88, 0xf3,
  // ContinueBumpThrow
  0xad, 0xbb, 0x07, 0xc9, 0x06, 0xd0, 0x05, 0xa9, 0xbb, 0x8d, 0x01, 0x40,
  // DecJpFPS
  0xd0, 0x60,
  // Square1SfxHandler
  0xa4, 0xff, 0xf0, 0x20, 0x84, 0xf1, 0x30, 0xaa, 0x46, 0xff, 0xb0, 0xaa, 0x46, 0xff, 0xb0, 0xd4,
  0x46, 0xff, 0xb0, 0x2c, 0x46, 0xff, 0xb0, 0x4a, 0x46, 0xff, 0xb0, 0x7f, 0x46, 0xff, 0xb0, 0xbe,
  0x46, 0xff, 0xb0, 0x80,
  // CheckSfx1Buffer
  0xa5, 0xf1, 0xf0, 0x17, 0x30, 0x9a, 0x4a, 0xb0, 0x97, 0x4a, 0xb0, 0xc2, 0x4a, 0xb0, 0x1b, 0x4a,
  0xb0, 0x3c, 0x4a, 0xb0, 0x67, 0x4a, 0xb0, 0xb6, 0x4a, 0xb0, 0x48,
  // ExS1H
  0x60,
  // PlaySwimStomp
  0xa9, 0x0e, 0x8d, 0xbb, 0x07, 0xa0, 0x9c, 0xa2, 0x9e, 0xa9, 0x26, 0x20, 0x88, 0xf3,
  // ContinueSwimStomp
  0xac, 0xbb, 0x07, 0xb9, 0xb0, 0xf3, 0x8d, 0x00, 0x40, 0xc0, 0x06, 0xd0, 0x05, 0xa9, 0x9e, 0x8d,
  0x02, 0x40,
  // BranchToDecLength1
  0xd0, 0x25,
  // PlaySmackEnemy
  0xa9, 0x0e, 0xa0, 0xcb, 0xa2, 0x9f, 0x8d, 0xbb, 0x07, 0xa9, 0x28, 0x20, 0x88, 0xf3, 0xd0, 0x15,
  // ContinueSmackEnemy
  0xac, 0xbb, 0x07, 0xc0, 0x08, 0xd0, 0x09, 0xa9, 0xa0, 0x8d, 0x02, 0x40, 0xa9, 0x9f, 0xd0, 0x02,
  // SmSpc
  0xa9, 0x90,
  // SmTick
  0x8d, 0x00, 0x40,
  // DecrementSfx1Length
  0xce, 0xbb, 0x07, 0xd0, 0x0e,
  // StopSquare1Sfx
  0xa2, 0x00, 0x86, 0xf1, 0xa2, 0x0e, 0x8e, 0x15, 0x40, 0xa2, 0x0f, 0x8e, 0x15, 0x40,
  // ExSfx1
  0x60,
  // PlayPipeDownInj
  0xa9, 0x2f, 0x8d, 0xbb, 0x07,
  // ContinuePipeDownInj
  0xad, 0xbb, 0x07, 0x4a, 0xb0, 0x10, 0x4a, 0xb0, 0x0d, 0x29, 0x02, 0xf0, 0x09, 0xa0, 0x91, 0xa2,
  0x9a, 0xa9, 0x44, 0x20, 0x88, 0xf3,
  // NoPDwnL
  0x4c, 0xa2, 0xf4,
  // ExtraLifeFreqData
  // --------------------------------
  0x58, 0x02, 0x54, 0x56, 0x4e, 0x44,
  // PowerUpGrabFreqData
  0x4c, 0x52, 0x4c, 0x48, 0x3e, 0x36, 0x3e, 0x36, 0x30, 0x28, 0x4a, 0x50, 0x4a, 0x64, 0x3c, 0x32,
  0x3c, 0x32, 0x2c, 0x24, 0x3a, 0x64, 0x3a, 0x34, 0x2c, 0x22, 0x2c,
  // residual frequency data
  0x22, 0x1c, 0x14,
  // PUp_VGrow_FreqData
  // used by both
  0x14, 0x04, 0x22, 0x24, 0x16, 0x04, 0x24, 0x26, 0x18, 0x04, 0x26, 0x28, 0x1a, 0x04, 0x28, 0x2a,
  // used by vinegrow
  0x1c, 0x04, 0x2a, 0x2c, 0x1e, 0x04, 0x2c, 0x2e, 0x20, 0x04, 0x2e, 0x30, 0x22, 0x04, 0x30, 0x32,
  // PlayCoinGrab
  0xa9, 0x35, 0xa2, 0x8d, 0xd0, 0x04,
  // PlayTimerTick
  0xa9, 0x06, 0xa2, 0x98,
  // CGrab_TTickRegL
  0x8d, 0xbd, 0x07, 0xa0, 0x7f, 0xa9, 0x42, 0x20, 0xa6, 0xf3,
  // ContinueCGrabTTick
  0xad, 0xbd, 0x07, 0xc9, 0x30, 0xd0, 0x05, 0xa9, 0x54, 0x8d, 0x06, 0x40,
  // N2Tone
  0xd0, 0x2e,
  // PlayBlast
  0xa9, 0x20, 0x8d, 0xbd, 0x07, 0xa0, 0x94, 0xa9, 0x5e, 0xd0, 0x0b,
  // ContinueBlast
  0xad, 0xbd, 0x07, 0xc9, 0x18, 0xd0, 0x1c, 0xa0, 0x93, 0xa9, 0x18,
  // SBlasJ
  0xd0, 0x7f,
  // PlayPowerUpGrab
  0xa9, 0x36, 0x8d, 0xbd, 0x07,
  // ContinuePowerUpGrab
  0xad, 0xbd, 0x07, 0x4a, 0xb0, 0x0b, 0xa8, 0xb9, 0xd9, 0xf4, 0xa2, 0x5d, 0xa0, 0x7f,
  // LoadSqu2Regs
  0x20, 0xa6, 0xf3,
  // DecrementSfx2Length
  0xce, 0xbd, 0x07, 0xd0, 0x0e,
  // EmptySfx2Buffer
  0xa2, 0x00, 0x86, 0xf2,
  // StopSquare2Sfx
  0xa2, 0x0d, 0x8e, 0x15, 0x40, 0xa2, 0x0f, 0x8e, 0x15, 0x40,
  // ExSfx2
  0x60,
  // Square2SfxHandler
  0xa5, 0xf2, 0x29, 0x40, 0xd0, 0x65, 0xa4, 0xfe, 0xf0, 0x20, 0x84, 0xf2, 0x30, 0x3e, 0x46, 0xfe,
  0xb0, 0x8a, 0x46, 0xfe, 0xb0, 0x6a, 0x46, 0xfe, 0xb0, 0x6a, 0x46, 0xfe, 0xb0, 0xa0, 0x46, 0xfe,
  0xb0, 0x80, 0x46, 0xfe, 0xb0, 0xb0, 0x46, 0xfe, 0xb0, 0x3c,
  // CheckSfx2Buffer
  0xa5, 0xf2, 0xf0, 0x17, 0x30, 0x27, 0x4a, 0xb0, 0x13, 0x4a, 0xb0, 0x5d, 0x4a, 0xb0, 0x5a, 0x4a,
  0xb0, 0x8d, 0x4a, 0xb0, 0x07, 0x4a, 0xb0, 0x99, 0x4a, 0xb0, 0x26,
  // ExS2H
  0x60,
  // Cont_CGrab_TTick
  0x4c, 0x2c, 0xf5,
  // JumpToDecLength2
  0x4c, 0x68, 0xf5,
  // PlayBowserFall
  0xa9, 0x38, 0x8d, 0xbd, 0x07, 0xa0, 0xc4, 0xa9, 0x18,
  // BlstSJp
  0xd0, 0x0b,
  // ContinueBowserFall
  0xad, 0xbd, 0x07, 0xc9, 0x08, 0xd0, 0x8e, 0xa0, 0xa4, 0xa9, 0x5a,
  // PBFRegs
  0xa2, 0x9f,
  // EL_LRegs
  0xd0, 0x83,
  // PlayExtraLife
  0xa9, 0x30, 0x8d, 0xbd, 0x07,
  // ContinueExtraLife
  0xad, 0xbd, 0x07, 0xa2, 0x03,
  // DivLLoop
  0x4a, 0xb0, 0xd6, 0xca, 0xd0, 0xfa, 0xa8, 0xb9, 0xd3, 0xf4, 0xa2, 0x82, 0xa0, 0x7f, 0xd0, 0xe4,
  // PlayGrowPowerUp
  0xa9, 0x10, 0xd0, 0x02,
  // PlayGrowVine
  0xa9, 0x20,
  // GrowItemRegs
  0x8d, 0xbd, 0x07, 0xa9, 0x7f, 0x8d, 0x05, 0x40, 0xa9, 0x00, 0x8d, 0xbe, 0x07,
  // ContinueGrowItems
  0xee, 0xbe, 0x07, 0xad, 0xbe, 0x07, 0x4a, 0xa8, 0xcc, 0xbd, 0x07, 0xf0, 0x0c, 0xa9, 0x9d, 0x8d,
  0x04, 0x40, 0xb9, 0xf8, 0xf4, 0x20, 0xa9, 0xf3, 0x60,
  // StopGrowItems
  0x4c, 0x6d, 0xf5,
  // BrickShatterFreqData
  // --------------------------------
  0x01, 0x0e, 0x0e, 0x0d, 0x0b, 0x06, 0x0c, 0x0f, 0x0a, 0x09, 0x03, 0x0d, 0x08, 0x0d, 0x06, 0x0c,
  // PlayBrickShatter
  0xa9, 0x20, 0x8d, 0xbf, 0x07,
  // ContinueBrickShatter
  0xad, 0xbf, 0x07, 0x4a, 0x90, 0x12, 0xa8, 0xbe, 0x2b, 0xf6, 0xb9, 0xea, 0xff,
  // PlayNoiseSfx
  0x8d, 0x0c, 0x40, 0x8e, 0x0e, 0x40, 0xa9, 0x18, 0x8d, 0x0f, 0x40,
  // DecrementSfx3Length
  0xce, 0xbf, 0x07, 0xd0, 0x09, 0xa9, 0xf0, 0x8d, 0x0c, 0x40, 0xa9, 0x00, 0x85, 0xf3,
  // ExSfx3
  0x60,
  // NoiseSfxHandler
  0xa4, 0xfd, 0xf0, 0x0a, 0x84, 0xf3, 0x46, 0xfd, 0xb0, 0xca, 0x46, 0xfd, 0xb0, 0x0b,
  // CheckNoiseBuffer
  0xa5, 0xf3, 0xf0, 0x06, 0x4a, 0xb0, 0xc4, 0x4a, 0xb0, 0x06,
  // ExNH
  0x60,
  // PlayBowserFlame
  0xa9, 0x40, 0x8d, 0xbf, 0x07,
  // ContinueBowserFlame
  0xad, 0xbf, 0x07, 0x4a, 0xa8, 0xa2, 0x0f, 0xb9, 0xc9, 0xff, 0xd0, 0xbc,
  // ContinueMusic
  0x4c, 0x3a, 0xf7,
  // MusicHandler
  0xa5, 0xfc, 0xd0, 0x0c, 0xa5, 0xfb, 0xd0, 0x2c, 0xad, 0xb1, 0x07, 0x05, 0xf4, 0xd0, 0xee, 0x60,
  // LoadEventMusic
  0x8d, 0xb1, 0x07, 0xc9, 0x01, 0xd0, 0x06, 0x20, 0xa7, 0xf4, 0x20, 0x71, 0xf5,
  // NoStopSfx
  0xa6, 0xf4, 0x8e, 0xc5, 0x07, 0xa0, 0x00, 0x8c, 0xc4, 0x07, 0x84, 0xf4, 0xc9, 0x40, 0xd0, 0x30,
  0xa2, 0x08, 0x8e, 0xc4, 0x07, 0xd0, 0x29,
  // LoadAreaMusic
  0xc9, 0x04, 0xd0, 0x03, 0x20, 0xa7, 0xf4,
  // NoStop1
  0xa0, 0x10,
  // GMLoopB
  0x8c, 0xc7, 0x07,
  // HandleAreaMusicLoopB
  0xa0, 0x00, 0x8c, 0xb1, 0x07, 0x85, 0xf4, 0xc9, 0x01, 0xd0, 0x0e, 0xee, 0xc7, 0x07, 0xac, 0xc7,
  0x07, 0xc0, 0x32, 0xd0, 0x0c, 0xa0, 0x11, 0xd0, 0xe4,
  // FindAreaMusicHeader
  0xa0, 0x08, 0x84, 0xf7,
  // FindEventMusicHeader
  0xc8, 0x4a, 0x90, 0xfc,
  // LoadHeader
  0xb9, 0x0c, 0xf9, 0xa8, 0xb9, 0x0d, 0xf9, 0x85, 0xf0, 0xb9, 0x0e, 0xf9, 0x85, 0xf5, 0xb9, 0x0f,
  0xf9, 0x85, 0xf6, 0xb9, 0x10, 0xf9, 0x85, 0xf9, 0xb9, 0x11, 0xf9, 0x85, 0xf8, 0xb9, 0x12, 0xf9,
  0x8d, 0xb0, 0x07, 0x8d, 0xc1, 0x07, 0xa9, 0x01, 0x8d, 0xb4, 0x07, 0x8d, 0xb6, 0x07, 0x8d, 0xb9,
  0x07, 0x8d, 0xba, 0x07, 0xa9, 0x00, 0x85, 0xf7, 0x8d, 0xca, 0x07, 0xa9, 0x0b, 0x8d, 0x15, 0x40,
  0xa9, 0x0f, 0x8d, 0x15, 0x40,
  // HandleSquare2Music
  0xce, 0xb4, 0x07, 0xd0, 0x5f, 0xa4, 0xf7, 0xe6, 0xf7, 0xb1, 0xf5, 0xf0, 0x04, 0x10, 0x3d, 0xd0,
  0x2f,
  // EndOfMusicData
  0xad, 0xb1, 0x07, 0xc9, 0x40, 0xd0, 0x05, 0xad, 0xc5, 0x07, 0xd0, 0x1d,
  // NotTRO
  0x29, 0x04, 0xd0, 0x1c, 0xa5, 0xf4, 0x29, 0x5f, 0xd0, 0x13, 0xa9, 0x00, 0x85, 0xf4, 0x8d, 0xb1,
  0x07, 0x8d, 0x08, 0x40, 0xa9, 0x90, 0x8d, 0x00, 0x40, 0x8d, 0x04, 0x40, 0x60,
  // MusicLoopBack
  0x4c, 0xd4, 0xf6,
  // VictoryMLoopBack
  0x4c, 0xa4, 0xf6,
  // Squ2LengthHandler
  0x20, 0xcb, 0xf8, 0x8d, 0xb3, 0x07, 0xa4, 0xf7, 0xe6, 0xf7, 0xb1, 0xf5,
  // Squ2NoteHandler
  0xa6, 0xf2, 0xd0, 0x0e, 0x20, 0xa9, 0xf3, 0xf0, 0x03, 0x20, 0xd8, 0xf8,
  // Rest
  0x8d, 0xb5, 0x07, 0x20, 0x9f, 0xf3,
  // SkipFqL1
  0xad, 0xb3, 0x07, 0x8d, 0xb4, 0x07,
  // MiscSqu2MusicTasks
  0xa5, 0xf2, 0xd0, 0x1a, 0xad, 0xb1, 0x07, 0x29, 0x91, 0xd0, 0x13, 0xac, 0xb5, 0x07, 0xf0, 0x03,
  0xce, 0xb5, 0x07,
  // NoDecEnv1
  0x20, 0xf4, 0xf8, 0x8d, 0x04, 0x40, 0xa2, 0x7f, 0x8e, 0x05, 0x40,
  // HandleSquare1Music
  0xa4, 0xf8, 0xf0, 0x5a, 0xce, 0xb6, 0x07, 0xd0, 0x32,
  // FetchSqu1MusicData
  0xa4, 0xf8, 0xe6, 0xf8, 0xb1, 0xf5, 0xd0, 0x0f, 0xa9, 0x83, 0x8d, 0x00, 0x40, 0xa9, 0x94, 0x8d,
  0x01, 0x40, 0x8d, 0xca, 0x07, 0xd0, 0xe9,
  // Squ1NoteHandler
  0x20, 0xc5, 0xf8, 0x8d, 0xb6, 0x07, 0xa4, 0xf1, 0xd0, 0x34, 0x8a, 0x29, 0x3e, 0x20, 0x8b, 0xf3,
  0xf0, 0x03, 0x20, 0xd8, 0xf8,
  // SkipCtrlL
  0x8d, 0xb7, 0x07, 0x20, 0x81, 0xf3,
  // MiscSqu1MusicTasks
  0xa5, 0xf1, 0xd0, 0x1f, 0xad, 0xb1, 0x07, 0x29, 0x91, 0xd0, 0x0e, 0xac, 0xb7, 0x07, 0xf0, 0x03,
  0xce, 0xb7, 0x07,
  // NoDecEnv2
  0x20, 0xf4, 0xf8, 0x8d, 0x00, 0x40,
  // DeathMAltReg
  0xad, 0xca, 0x07, 0xd0, 0x02, 0xa9, 0x7f,
  // DoAltLoad
  0x8d, 0x01, 0x40,
  // HandleTriangleMusic
  0xa5, 0xf9, 0xce, 0xb9, 0x07, 0xd0, 0x4c, 0xa4, 0xf9, 0xe6, 0xf9, 0xb1, 0xf5, 0xf0, 0x41, 0x10,
  0x13, 0x20, 0xcb, 0xf8, 0x8d, 0xb8, 0x07, 0xa9, 0x1f, 0x8d, 0x08, 0x40, 0xa4, 0xf9, 0xe6, 0xf9,
  0xb1, 0xf5, 0xf0, 0x2c,
  // TriNoteHandler
  0x20, 0xad, 0xf3, 0xae, 0xb8, 0x07, 0x8e, 0xb9, 0x07, 0xad, 0xb1, 0x07, 0x29, 0x6e, 0xd0, 0x06,
  0xa5, 0xf4, 0x29, 0x0a, 0xf0, 0x19,
  // NotDOrD4
  0x8a, 0xc9, 0x12, 0xb0, 0x0f, 0xad, 0xb1, 0x07, 0x29, 0x08, 0xf0, 0x04, 0xa9, 0x0f, 0xd0, 0x06,
  // MediN
  0xa9, 0x1f, 0xd0, 0x02,
  // LongN
  0xa9, 0xff,
  // LoadTriCtrlReg
  0x8d, 0x08, 0x40,
  // HandleNoiseMusic
  0xa5, 0xf4, 0x29, 0xf3, 0xf0, 0x51, 0xce, 0xba, 0x07, 0xd0, 0x4c,
  // FetchNoiseBeatData
  0xac, 0xb0, 0x07, 0xee, 0xb0, 0x07, 0xb1, 0xf5, 0xd0, 0x08, 0xad, 0xc1, 0x07, 0x8d, 0xb0, 0x07,
  0xd0, 0xee,
  // NoiseBeatHandler
  0x20, 0xc5, 0xf8, 0x8d, 0xba, 0x07, 0x8a, 0x29, 0x3e, 0xf0, 0x24, 0xc9, 0x30, 0xf0, 0x18, 0xc9,
  0x20, 0xf0, 0x0c, 0x29, 0x10, 0xf0, 0x18, 0xa9, 0x1c, 0xa2, 0x03, 0xa0, 0x18, 0xd0, 0x12,
  // StrongBeat
  0xa9, 0x1c, 0xa2, 0x0c, 0xa0, 0x18, 0xd0, 0x0a,
  // LongBeat
  0xa9, 0x1c, 0xa2, 0x03, 0xa0, 0x58, 0xd0, 0x02,
  // SilentBeat
  0xa9, 0x10,
  // PlayBeat
  0x8d, 0x0c, 0x40, 0x8e, 0x0e, 0x40, 0x8c, 0x0f, 0x40,
  // ExitMusicHandler
  0x60,
  // AlternateLengthHandler
  0xaa, 0x6a, 0x8a, 0x2a, 0x2a, 0x2a,
  // ProcessLengthData
  0x29, 0x07, 0x18, 0x65, 0xf0, 0x6d, 0xc4, 0x07, 0xa8, 0xb9, 0x66, 0xff, 0x60,
  // LoadControlRegs
  0xad, 0xb1, 0x07, 0x29, 0x08, 0xf0, 0x04, 0xa9, 0x04, 0xd0, 0x0c,
  // NotECstlM
  0xa5, 0xf4, 0x29, 0x7d, 0xf0, 0x04, 0xa9, 0x08, 0xd0, 0x02,
  // WaterMus
  0xa9, 0x28,
  // AllMus
  0xa2, 0x82, 0xa0, 0x7f, 0x60,
  // LoadEnvelopeData
  0xad, 0xb1, 0x07, 0x29, 0x08, 0xf0, 0x04, 0xb9, 0x96, 0xff, 0x60,
  // LoadUsualEnvData
  0xa5, 0xf4, 0x29, 0x7d, 0xf0, 0x04, 0xb9, 0x9a, 0xff, 0x60,
  // LoadWaterEventMusEnvData
  0xb9, 0xa2, 0xff, 0x60,
  // MusicHeaderData
  // --------------------------------
  // music header offsets
  // event music
  0xa5, 0x59, 0x54, 0x64, 0x59, 0x3c, 0x31, 0x4b,
  // area music
  0x69, 0x5e, 0x46, 0x4f, 0x36, 0x8d, 0x36, 0x4b,
  // ground level music layout
  0x8d, 0x69, 0x69, 0x6f, 0x75, 0x6f, 0x7b, 0x6f, 0x75, 0x6f, 0x7b, 0x81, 0x87, 0x81, 0x8d, 0x69,
  0x69, 0x93, 0x99, 0x93, 0x9f, 0x93, 0x99, 0x93, 0x9f, 0x81, 0x87, 0x81, 0x8d, 0x93, 0x99, 0x93,
  0x9f,
  // TimeRunningOutHdr
  // music headers
  // header format is as follows: 
  // 1 byte - length byte offset
  // 2 bytes -  music data address
  // 1 byte - triangle data offset
  // 1 byte - square 1 data offset
  // 1 byte - noise data offset (not used by secondary music)
  0x08, 0x72, 0xfc, 0x27, 0x18,
  // Star_CloudHdr
  0x20, 0xb8, 0xf9, 0x2e, 0x1a, 0x40,
  // EndOfLevelMusHdr
  0x20, 0xb0, 0xfc, 0x3d, 0x21,
  // ResidualHeaderData
  0x20, 0xc4, 0xfc, 0x3f, 0x1d,
  // UndergroundMusHdr
  0x18, 0x11, 0xfd, 0x00, 0x00,
  // SilenceHdr
  0x08, 0x1c, 0xfa, 0x00,
  // CastleMusHdr
  0x00, 0xa4, 0xfb, 0x93, 0x62,
  // VictoryMusHdr
  0x10, 0xc8, 0xfe, 0x24, 0x14,
  // GameOverMusHdr
  0x18, 0x45, 0xfc, 0x1e, 0x14,
  // WaterMusHdr
  0x08, 0x52, 0xfd, 0xa0, 0x70, 0x68,
  // WinCastleMusHdr
  0x08, 0x51, 0xfe, 0x4c, 0x24,
  // GroundLevelPart1Hdr
  0x18, 0x01, 0xfa, 0x2d, 0x1c, 0xb8,
  // GroundLevelPart2AHdr
  0x18, 0x49, 0xfa, 0x20, 0x12, 0x70,
  // GroundLevelPart2BHdr
  0x18, 0x75, 0xfa, 0x1b, 0x10, 0x44,
  // GroundLevelPart2CHdr
  0x18, 0x9d, 0xfa, 0x11, 0x0a, 0x1c,
  // GroundLevelPart3AHdr
  0x18, 0xc2, 0xfa, 0x2d, 0x10, 0x58,
  // GroundLevelPart3BHdr
  0x18, 0xdb, 0xfa, 0x14, 0x0d, 0x3f,
  // GroundLevelLeadInHdr
  0x18, 0xf9, 0xfa, 0x15, 0x0d, 0x21,
  // GroundLevelPart4AHdr
  0x18, 0x25, 0xfb, 0x18, 0x10, 0x7a,
  // GroundLevelPart4BHdr
  0x18, 0x4b, 0xfb, 0x19, 0x0f, 0x54,
  // GroundLevelPart4CHdr
  0x18, 0x74, 0xfb, 0x1e, 0x12, 0x2b,
  // DeathMusHdr
  0x18, 0x72, 0xfb, 0x1e, 0x0f, 0x2d,
  // Star_CloudMData
  // --------------------------------
  // MUSIC DATA
  // square 2/triangle format
  // d7 - length byte flag (0-note, 1-length)
  // if d7 is set to 0 and d6-d0 is nonzero:
  // d6-d0 - note offset in frequency look-up table (must be even)
  // if d7 is set to 1:
  // d6-d3 - unused
  // d2-d0 - length offset in length look-up table
  // value of $00 in square 2 data is used as null terminator, affects all sound channels
  // value of $00 in triangle data causes routine to skip note
  // square 1 format
  // d7-d6, d0 - length offset in length look-up table (bit order is d0,d7,d6)
  // d5-d1 - note offset in frequency look-up table
  // value of $00 in square 1 data is flag alternate control reg data to be loaded
  // noise format
  // d7-d6, d0 - length offset in length look-up table (bit order is d0,d7,d6)
  // d5-d4 - beat type (0 - rest, 1 - short, 2 - strong, 3 - long)
  // d3-d1 - unused
  // value of $00 in noise data is used as null terminator, affects only noise
  // all music data is organized into sections (unless otherwise stated):
  // square 2, square 1, triangle, noise
  0x84, 0x2c, 0x2c, 0x2c, 0x82, 0x04, 0x2c, 0x04, 0x85, 0x2c, 0x84, 0x2c, 0x2c, 0x2a, 0x2a, 0x2a,
  0x82, 0x04, 0x2a, 0x04, 0x85, 0x2a, 0x84, 0x2a, 0x2a, 0x00, 0x1f, 0x1f, 0x1f, 0x98, 0x1f, 0x1f,
  0x98, 0x9e, 0x98, 0x1f, 0x1d, 0x1d, 0x1d, 0x94, 0x1d, 0x1d, 0x94, 0x9c, 0x94, 0x1d, 0x86, 0x18,
  0x85, 0x26, 0x30, 0x84, 0x04, 0x26, 0x30, 0x86, 0x14, 0x85, 0x22, 0x2c, 0x84, 0x04, 0x22, 0x2c,
  0x21, 0xd0, 0xc4, 0xd0, 0x31, 0xd0, 0xc4, 0xd0, 0x00,
  // GroundM_P1Data
  0x85, 0x2c, 0x22, 0x1c, 0x84, 0x26, 0x2a, 0x82, 0x28, 0x26, 0x04, 0x87, 0x22, 0x34, 0x3a, 0x82,
  0x40, 0x04, 0x36, 0x84, 0x3a, 0x34, 0x82, 0x2c, 0x30, 0x85, 0x2a,
  // SilenceData
  0x00, 0x5d, 0x55, 0x4d, 0x15, 0x19, 0x96, 0x15, 0xd5, 0xe3, 0xeb, 0x2d, 0xa6, 0x2b, 0x27, 0x9c,
  0x9e, 0x59, 0x85, 0x22, 0x1c, 0x14, 0x84, 0x1e, 0x22, 0x82, 0x20, 0x1e, 0x04, 0x87, 0x1c, 0x2c,
  0x34, 0x82, 0x36, 0x04, 0x30, 0x34, 0x04, 0x2c, 0x04, 0x26, 0x2a, 0x85, 0x22,
  // GroundM_P2AData
  0x84, 0x04, 0x82, 0x3a, 0x38, 0x36, 0x32, 0x04, 0x34, 0x04, 0x24, 0x26, 0x2c, 0x04, 0x26, 0x2c,
  0x30, 0x00, 0x05, 0xb4, 0xb2, 0xb0, 0x2b, 0xac, 0x84, 0x9c, 0x9e, 0xa2, 0x84, 0x94, 0x9c, 0x9e,
  0x85, 0x14, 0x22, 0x84, 0x2c, 0x85, 0x1e, 0x82, 0x2c, 0x84, 0x2c, 0x1e,
  // GroundM_P2BData
  0x84, 0x04, 0x82, 0x3a, 0x38, 0x36, 0x32, 0x04, 0x34, 0x04, 0x64, 0x04, 0x64, 0x86, 0x64, 0x00,
  0x05, 0xb4, 0xb2, 0xb0, 0x2b, 0xac, 0x84, 0x37, 0xb6, 0xb6, 0x45, 0x85, 0x14, 0x1c, 0x82, 0x22,
  0x84, 0x2c, 0x4e, 0x82, 0x4e, 0x84, 0x4e, 0x22,
  // GroundM_P2CData
  0x84, 0x04, 0x85, 0x32, 0x85, 0x30, 0x86, 0x2c, 0x04, 0x00, 0x05, 0xa4, 0x05, 0x9e, 0x05, 0x9d,
  0x85, 0x84, 0x14, 0x85, 0x24, 0x28, 0x2c, 0x82, 0x22, 0x84, 0x22, 0x14, 0x21, 0xd0, 0xc4, 0xd0,
  0x31, 0xd0, 0xc4, 0xd0, 0x00,
  // GroundM_P3AData
  0x82, 0x2c, 0x84, 0x2c, 0x2c, 0x82, 0x2c, 0x30, 0x04, 0x34, 0x2c, 0x04, 0x26, 0x86, 0x22, 0x00,
  0xa4, 0x25, 0x25, 0xa4, 0x29, 0xa2, 0x1d, 0x9c, 0x95,
  // GroundM_P3BData
  0x82, 0x2c, 0x2c, 0x04, 0x2c, 0x04, 0x2c, 0x30, 0x85, 0x34, 0x04, 0x04, 0x00, 0xa4, 0x25, 0x25,
  0xa4, 0xa8, 0x63, 0x04,
  // triangle data used by both sections of third part
  0x85, 0x0e, 0x1a, 0x84, 0x24, 0x85, 0x22, 0x14, 0x84, 0x0c,
  // GroundMLdInData
  0x82, 0x34, 0x84, 0x34, 0x34, 0x82, 0x2c, 0x84, 0x34, 0x86, 0x3a, 0x04, 0x00, 0xa0, 0x21, 0x21,
  0xa0, 0x21, 0x2b, 0x05, 0xa3, 0x82, 0x18, 0x84, 0x18, 0x18, 0x82, 0x18, 0x18, 0x04, 0x86, 0x3a,
  0x22,
  // noise data used by lead-in and third part sections
  0x31, 0x90, 0x31, 0x90, 0x31, 0x71, 0x31, 0x90, 0x90, 0x90, 0x00,
  // GroundM_P4AData
  0x82, 0x34, 0x84, 0x2c, 0x85, 0x22, 0x84, 0x24, 0x82, 0x26, 0x36, 0x04, 0x36, 0x86, 0x26, 0x00,
  0xac, 0x27, 0x5d, 0x1d, 0x9e, 0x2d, 0xac, 0x9f, 0x85, 0x14, 0x82, 0x20, 0x84, 0x22, 0x2c, 0x1e,
  0x1e, 0x82, 0x2c, 0x2c, 0x1e, 0x04,
  // GroundM_P4BData
  0x87, 0x2a, 0x40, 0x40, 0x40, 0x3a, 0x36, 0x82, 0x34, 0x2c, 0x04, 0x26, 0x86, 0x22, 0x00, 0xe3,
  0xf7, 0xf7, 0xf7, 0xf5, 0xf1, 0xac, 0x27, 0x9e, 0x9d, 0x85, 0x18, 0x82, 0x1e, 0x84, 0x22, 0x2a,
  0x22, 0x22, 0x82, 0x2c, 0x2c, 0x22, 0x04,
  // DeathMusData
  // death music share data with fourth part c of ground level music 
  0x86, 0x04,
  // GroundM_P4CData
  0x82, 0x2a, 0x36, 0x04, 0x36, 0x87, 0x36, 0x34, 0x30, 0x86, 0x2c, 0x04, 0x00,
  // death music only
  0x00, 0x68, 0x6a, 0x6c, 0x45, 0xa2, 0x31, 0xb0, 0xf1, 0xed, 0xeb, 0xa2, 0x1d, 0x9c, 0x95,
  // death music only
  0x86, 0x04, 0x85, 0x22, 0x82, 0x22, 0x87, 0x22, 0x26, 0x2a, 0x84, 0x2c, 0x22, 0x86, 0x14,
  // noise data used by fourth part sections
  0x51, 0x90, 0x31, 0x11, 0x00,
  // CastleMusData
  0x80, 0x22, 0x28, 0x22, 0x26, 0x22, 0x24, 0x22, 0x26, 0x22, 0x28, 0x22, 0x2a, 0x22, 0x28, 0x22,
  0x26, 0x22, 0x28, 0x22, 0x26, 0x22, 0x24, 0x22, 0x26, 0x22, 0x28, 0x22, 0x2a, 0x22, 0x28, 0x22,
  0x26, 0x20, 0x26, 0x20, 0x24, 0x20, 0x26, 0x20, 0x28, 0x20, 0x26, 0x20, 0x28, 0x20, 0x26, 0x20,
  0x24, 0x20, 0x26, 0x20, 0x24, 0x20, 0x26, 0x20, 0x28, 0x20, 0x26, 0x20, 0x28, 0x20, 0x26, 0x20,
  0x24, 0x28, 0x30, 0x28, 0x32, 0x28, 0x30, 0x28, 0x2e, 0x28, 0x30, 0x28, 0x2e, 0x28, 0x2c, 0x28,
  0x2e, 0x28, 0x30, 0x28, 0x32, 0x28, 0x30, 0x28, 0x2e, 0x28, 0x30, 0x28, 0x2e, 0x28, 0x2c, 0x28,
  0x2e, 0x00, 0x04, 0x70, 0x6e, 0x6c, 0x6e, 0x70, 0x72, 0x70, 0x6e, 0x70, 0x6e, 0x6c, 0x6e, 0x70,
  0x72, 0x70, 0x6e, 0x6e, 0x6c, 0x6e, 0x70, 0x6e, 0x70, 0x6e, 0x6c, 0x6e, 0x6c, 0x6e, 0x70, 0x6e,
  0x70, 0x6e, 0x6c, 0x76, 0x78, 0x76, 0x74, 0x76, 0x74, 0x72, 0x74, 0x76, 0x78, 0x76, 0x74, 0x76,
  0x74, 0x72, 0x74, 0x84, 0x1a, 0x83, 0x18, 0x20, 0x84, 0x1e, 0x83, 0x1c, 0x28, 0x26, 0x1c, 0x1a,
  0x1c,
  // GameOverMusData
  0x82, 0x2c, 0x04, 0x04, 0x22, 0x04, 0x04, 0x84, 0x1c, 0x87, 0x26, 0x2a, 0x26, 0x84, 0x24, 0x28,
  0x24, 0x80, 0x22, 0x00, 0x9c, 0x05, 0x94, 0x05, 0x0d, 0x9f, 0x1e, 0x9c, 0x98, 0x9d, 0x82, 0x22,
  0x04, 0x04, 0x1c, 0x04, 0x04, 0x84, 0x14, 0x86, 0x1e, 0x80, 0x16, 0x80, 0x14,
  // TimeRunOutMusData
  0x81, 0x1c, 0x30, 0x04, 0x30, 0x30, 0x04, 0x1e, 0x32, 0x04, 0x32, 0x32, 0x04, 0x20, 0x34, 0x04,
  0x34, 0x34, 0x04, 0x36, 0x04, 0x84, 0x36, 0x00, 0x46, 0xa4, 0x64, 0xa4, 0x48, 0xa6, 0x66, 0xa6,
  0x4a, 0xa8, 0x68, 0xa8, 0x6a, 0x44, 0x2b, 0x81, 0x2a, 0x42, 0x04, 0x42, 0x42, 0x04, 0x2c, 0x64,
  0x04, 0x64, 0x64, 0x04, 0x2e, 0x46, 0x04, 0x46, 0x46, 0x04, 0x22, 0x04, 0x84, 0x22,
  // WinLevelMusData
  0x87, 0x04, 0x06, 0x0c, 0x14, 0x1c, 0x22, 0x86, 0x2c, 0x22, 0x87, 0x04, 0x60, 0x0e, 0x14, 0x1a,
  0x24, 0x86, 0x2c, 0x24, 0x87, 0x04, 0x08, 0x10, 0x18, 0x1e, 0x28, 0x86, 0x30, 0x30, 0x80, 0x64,
  0x00, 0xcd, 0xd5, 0xdd, 0xe3, 0xed, 0xf5, 0xbb, 0xb5, 0xcf, 0xd5, 0xdb, 0xe5, 0xed, 0xf3, 0xbd,
  0xb3, 0xd1, 0xd9, 0xdf, 0xe9, 0xf1, 0xf7, 0xbf, 0xff, 0xff, 0xff, 0x34,
  // unused byte
  0x00, 0x86, 0x04, 0x87, 0x14, 0x1c, 0x22, 0x86, 0x34, 0x84, 0x2c, 0x04, 0x04, 0x04, 0x87, 0x14,
  0x1a, 0x24, 0x86, 0x32, 0x84, 0x2c, 0x04, 0x86, 0x04, 0x87, 0x18, 0x1e, 0x28, 0x86, 0x36, 0x87,
  0x30, 0x30, 0x30, 0x80, 0x2c,
  // UndergroundMusData
  // square 2 and triangle use the same data, square 1 is unused
  0x82, 0x14, 0x2c, 0x62, 0x26, 0x10, 0x28, 0x80, 0x04, 0x82, 0x14, 0x2c, 0x62, 0x26, 0x10, 0x28,
  0x80, 0x04, 0x82, 0x08, 0x1e, 0x5e, 0x18, 0x60, 0x1a, 0x80, 0x04, 0x82, 0x08, 0x1e, 0x5e, 0x18,
  0x60, 0x1a, 0x86, 0x04, 0x83, 0x1a, 0x18, 0x16, 0x84, 0x14, 0x1a, 0x18, 0x0e, 0x0c, 0x16, 0x83,
  0x14, 0x20, 0x1e, 0x1c, 0x28, 0x26, 0x87, 0x24, 0x1a, 0x12, 0x10, 0x62, 0x0e, 0x80, 0x04, 0x04,
  0x00,
  // WaterMusData
  // noise data directly follows square 2 here unlike in other songs
  0x82, 0x18, 0x1c, 0x20, 0x22, 0x26, 0x28, 0x81, 0x2a, 0x2a, 0x2a, 0x04, 0x2a, 0x04, 0x83, 0x2a,
  0x82, 0x22, 0x86, 0x34, 0x32, 0x34, 0x81, 0x04, 0x22, 0x26, 0x2a, 0x2c, 0x30, 0x86, 0x34, 0x83,
  0x32, 0x82, 0x36, 0x84, 0x34, 0x85, 0x04, 0x81, 0x22, 0x86, 0x30, 0x2e, 0x30, 0x81, 0x04, 0x22,
  0x26, 0x2a, 0x2c, 0x2e, 0x86, 0x30, 0x83, 0x22, 0x82, 0x36, 0x84, 0x34, 0x85, 0x04, 0x81, 0x22,
  0x86, 0x3a, 0x3a, 0x3a, 0x82, 0x3a, 0x81, 0x40, 0x82, 0x04, 0x81, 0x3a, 0x86, 0x36, 0x36, 0x36,
  0x82, 0x36, 0x81, 0x3a, 0x82, 0x04, 0x81, 0x36, 0x86, 0x34, 0x82, 0x26, 0x2a, 0x36, 0x81, 0x34,
  0x34, 0x85, 0x34, 0x81, 0x2a, 0x86, 0x2c, 0x00, 0x84, 0x90, 0xb0, 0x84, 0x50, 0x50, 0xb0, 0x00,
  0x98, 0x96, 0x94, 0x92, 0x94, 0x96, 0x58, 0x58, 0x58, 0x44, 0x5c, 0x44, 0x9f, 0xa3, 0xa1, 0xa3,
  0x85, 0xa3, 0xe0, 0xa6, 0x23, 0xc4, 0x9f, 0x9d, 0x9f, 0x85, 0x9f, 0xd2, 0xa6, 0x23, 0xc4, 0xb5,
  0xb1, 0xaf, 0x85, 0xb1, 0xaf, 0xad, 0x85, 0x95, 0x9e, 0xa2, 0xaa, 0x6a, 0x6a, 0x6b, 0x5e, 0x9d,
  0x84, 0x04, 0x04, 0x82, 0x22, 0x86, 0x22, 0x82, 0x14, 0x22, 0x2c, 0x12, 0x22, 0x2a, 0x14, 0x22,
  0x2c, 0x1c, 0x22, 0x2c, 0x14, 0x22, 0x2c, 0x12, 0x22, 0x2a, 0x14, 0x22, 0x2c, 0x1c, 0x22, 0x2c,
  0x18, 0x22, 0x2a, 0x16, 0x20, 0x28, 0x18, 0x22, 0x2a, 0x12, 0x22, 0x2a, 0x18, 0x22, 0x2a, 0x12,
  0x22, 0x2a, 0x14, 0x22, 0x2c, 0x0c, 0x22, 0x2c, 0x14, 0x22, 0x34, 0x12, 0x22, 0x30, 0x10, 0x22,
  0x2e, 0x16, 0x22, 0x34, 0x18, 0x26, 0x36, 0x16, 0x26, 0x36, 0x14, 0x26, 0x36, 0x12, 0x22, 0x36,
  0x5c, 0x22, 0x34, 0x0c, 0x22, 0x22, 0x81, 0x1e, 0x1e, 0x85, 0x1e, 0x81, 0x12, 0x86, 0x14,
  // EndOfCastleMusData
  0x81, 0x2c, 0x22, 0x1c, 0x2c, 0x22, 0x1c, 0x85, 0x2c, 0x04, 0x81, 0x2e, 0x24, 0x1e, 0x2e, 0x24,
  0x1e, 0x85, 0x2e, 0x04, 0x81, 0x32, 0x28, 0x22, 0x32, 0x28, 0x22, 0x85, 0x32, 0x87, 0x36, 0x36,
  0x36, 0x84, 0x3a, 0x00, 0x5c, 0x54, 0x4c, 0x5c, 0x54, 0x4c, 0x5c, 0x1c, 0x1c, 0x5c, 0x5c, 0x5c,
  0x5c, 0x5e, 0x56, 0x4e, 0x5e, 0x56, 0x4e, 0x5e, 0x1e, 0x1e, 0x5e, 0x5e, 0x5e, 0x5e, 0x62, 0x5a,
  0x50, 0x62, 0x5a, 0x50, 0x62, 0x22, 0x22, 0x62, 0xe7, 0xe7, 0xe7, 0x2b, 0x86, 0x14, 0x81, 0x14,
  0x80, 0x14, 0x14, 0x81, 0x14, 0x14, 0x14, 0x14, 0x86, 0x16, 0x81, 0x16, 0x80, 0x16, 0x16, 0x81,
  0x16, 0x16, 0x16, 0x16, 0x81, 0x28, 0x22, 0x1a, 0x28, 0x22, 0x1a, 0x28, 0x80, 0x28, 0x28, 0x81,
  0x28, 0x87, 0x2c, 0x2c, 0x2c, 0x84, 0x30,
  // VictoryMusData
  0x83, 0x04, 0x84, 0x0c, 0x83, 0x62, 0x10, 0x84, 0x12, 0x83, 0x1c, 0x22, 0x1e, 0x22, 0x26, 0x18,
  0x1e, 0x04, 0x1c, 0x00, 0xe3, 0xe1, 0xe3, 0x1d, 0xde, 0xe0, 0x23, 0xec, 0x75, 0x74, 0xf0, 0xf4,
  0xf6, 0xea, 0x31, 0x2d, 0x83, 0x12, 0x14, 0x04, 0x18, 0x1a, 0x1c, 0x14, 0x26, 0x22, 0x1e, 0x1c,
  0x18, 0x1e, 0x22, 0x0c, 0x14,
  // unused space
  0xff, 0xff, 0xff,
  // FreqRegLookupTbl
  0x00, 0x88, 0x00, 0x2f, 0x00, 0x00, 0x02, 0xa6, 0x02, 0x80, 0x02, 0x5c, 0x02, 0x3a, 0x02, 0x1a,
  0x01, 0xdf, 0x01, 0xc4, 0x01, 0xab, 0x01, 0x93, 0x01, 0x7c, 0x01, 0x67, 0x01, 0x53, 0x01, 0x40,
  0x01, 0x2e, 0x01, 0x1d, 0x01, 0x0d, 0x00, 0xfe, 0x00, 0xef, 0x00, 0xe2, 0x00, 0xd5, 0x00, 0xc9,
  0x00, 0xbe, 0x00, 0xb3, 0x00, 0xa9, 0x00, 0xa0, 0x00, 0x97, 0x00, 0x8e, 0x00, 0x86, 0x00, 0x77,
  0x00, 0x7e, 0x00, 0x71, 0x00, 0x54, 0x00, 0x64, 0x00, 0x5f, 0x00, 0x59, 0x00, 0x50, 0x00, 0x47,
  0x00, 0x43, 0x00, 0x3b, 0x00, 0x35, 0x00, 0x2a, 0x00, 0x23, 0x04, 0x75, 0x03, 0x57, 0x02, 0xf9,
  0x02, 0xcf, 0x01, 0xfc, 0x00, 0x6a,
  // MusicLengthLookupTbl
  0x05, 0x0a, 0x14, 0x28, 0x50, 0x1e, 0x3c, 0x02, 0x04, 0x08, 0x10, 0x20, 0x40, 0x18, 0x30, 0x0c,
  0x03, 0x06, 0x0c, 0x18, 0x30, 0x12, 0x24, 0x08, 0x36, 0x03, 0x09, 0x06, 0x12, 0x1b, 0x24, 0x0c,
  0x24, 0x02, 0x06, 0x04, 0x0c, 0x12, 0x18, 0x08, 0x12, 0x01, 0x03, 0x02, 0x06, 0x09, 0x0c, 0x04,
  // EndOfCastleMusicEnvData
  0x98, 0x99, 0x9a, 0x9b,
  // AreaMusicEnvData
  0x90, 0x94, 0x94, 0x95, 0x95, 0x96, 0x97, 0x98,
  // WaterEventMusEnvData
  0x90, 0x91, 0x92, 0x92, 0x93, 0x93, 0x93, 0x94, 0x94, 0x94, 0x94, 0x94, 0x94, 0x95, 0x95, 0x95,
  0x95, 0x95, 0x95, 0x96, 0x96, 0x96, 0x96, 0x96, 0x96, 0x96, 0x96, 0x96, 0x96, 0x96, 0x96, 0x96,
  0x96, 0x96, 0x96, 0x96, 0x95, 0x95, 0x94, 0x93,
  // BowserFlameEnvData
  0x15, 0x16, 0x16, 0x17, 0x17, 0x18, 0x19, 0x19, 0x1a, 0x1a, 0x1c, 0x1d, 0x1d, 0x1e, 0x1e, 0x1f,
  0x1f, 0x1f, 0x1f, 0x1e, 0x1d, 0x1c, 0x1e, 0x1f, 0x1f, 0x1e, 0x1d, 0x1c, 0x1a, 0x18, 0x16, 0x14,
  // BrickShatterEnvData
  0x15, 0x16, 0x16, 0x17, 0x17, 0x18, 0x19, 0x19, 0x1a, 0x1a, 0x1c, 0x1d, 0x1d, 0x1e, 0x1e, 0x1f,
  // -------------------------------------------------------------------------------------
  // INTERRUPT VECTORS
  0x82, 0x80, 0x00, 0x80,
  // unused
  0xf0, 0xff,
};

